PropertyClass,PropertyZone,PropertyFrontage,PropertySize,Street,Alley,PropertyShape,Elevation,Amenities,Orientation,Grade,Neighborhood,Condition1,Condition2,BldgType,PropertyStyle,OverallQual,OverallCond,YearBuilt,YearRemodAdd,RoofStyle,RoofMatl,Roof1Material,Roof2Material,ExteriorCladdingType,ExteriorCladdingArea,ExterQual,ExterCond,PropertyFooting,BsmntFinish,BsmntMaintenance,BsmntVisibility,BsmntFinRat1,BsmntFinSty1,BsmntFinQual1,BsmtFinSF2,BsmtUnfSF,BsmntSqFtage,Heating,HeatingEfficiency,CentralAir,Electrical,1stFlrSF,2ndFlrSF,LowQualFinSF,GrLivArea,BsmtFullBath,BsmtHalfBath,Bath1,Bath2,BedroomUpLev,KitchenUpLev,KitchenQual,CntRmsUpLev,Functional,CntFireplaces,QualFireplace,BasementType,BasementYrBlt,BasementFinish,BasementCars,BasementSqFootage,BasementQual,BasementCond,PavedDrive,WoodDeckSF,OpenPorchSF,EnclosedPorch,3SsnPorch,ScreenPorch,PoolArea,PoolQC,BoundaryFeatures,AddFeatures,AddVal,SaleMon,SaleYr,SaleType,SaleCondn,PropPrice,TotalSF,TotalBathrooms,PropertyAge,RemodAge,IsRemodeled,TotalPorchSF,HasPool,HasGarage,HasFireplace
60,RL,65.0,8450,Pave,None,Reg,Lvl,AllPub,Inside,Gtl,CollgCr,Norm,Norm,1Fam,2Story,7,5,2003,2003,Gable,CompShg,VinylSd,VinylSd,BrkFace,196.0,4,3,PConc,Gd,TA,No,GLQ,706,Unf,0,150,856,GasA,5,Y,SBrkr,856,854,0,1710,1,0,2,1,3,1,4,8,Typ,0,0,Attchd,2003.0,RFn,2,548,3,3,Y,0,61,0,0,0,0,0,None,None,0,2,2008,WD,Normal,208500,2566,3.5,5,5,0,61,0,1,0
20,RL,80.0,9600,Pave,None,Reg,Lvl,AllPub,FR2,Gtl,Veenker,Feedr,Norm,1Fam,1Story,6,8,1976,1976,Gable,CompShg,MetalSd,MetalSd,None,0.0,3,3,CBlock,Gd,TA,Gd,ALQ,978,Unf,0,284,1262,GasA,5,Y,SBrkr,1262,0,0,1262,0,1,2,0,3,1,3,6,Typ,1,3,Attchd,1976.0,RFn,2,460,3,3,Y,298,0,0,0,0,0,0,None,None,0,5,2007,WD,Normal,181500,2524,2.5,31,31,0,298,0,1,1
60,RL,68.0,11250,Pave,None,IR1,Lvl,AllPub,Inside,Gtl,CollgCr,Norm,Norm,1Fam,2Story,7,5,2001,2002,Gable,CompShg,VinylSd,VinylSd,BrkFace,162.0,4,3,PConc,Gd,TA,Mn,GLQ,486,Unf,0,434,920,GasA,5,Y,SBrkr,920,866,0,1786,1,0,2,1,3,1,4,6,Typ,1,3,Attchd,2001.0,RFn,2,608,3,3,Y,0,42,0,0,0,0,0,None,None,0,9,2008,WD,Normal,223500,2706,3.5,7,6,1,42,0,1,1
70,RL,60.0,9550,Pave,None,IR1,Lvl,AllPub,Corner,Gtl,Crawfor,Norm,Norm,1Fam,2Story,7,5,1915,1970,Gable,CompShg,Wd Sdng,Wd Shng,None,0.0,3,3,BrkTil,TA,Gd,No,ALQ,216,Unf,0,540,756,GasA,4,Y,SBrkr,961,756,0,1717,1,0,1,0,3,1,4,7,Typ,1,4,Detchd,1998.0,Unf,3,642,3,3,Y,0,35,272,0,0,0,0,None,None,0,2,2006,WD,Abnorml,140000,2473,2.0,91,36,1,307,0,1,1
60,RL,84.0,14260,Pave,None,IR1,Lvl,AllPub,FR2,Gtl,NoRidge,Norm,Norm,1Fam,2Story,8,5,2000,2000,Gable,CompShg,VinylSd,VinylSd,BrkFace,350.0,4,3,PConc,Gd,TA,Av,GLQ,655,Unf,0,490,1145,GasA,5,Y,SBrkr,1145,1053,0,2198,1,0,2,1,4,1,4,9,Typ,1,3,Attchd,2000.0,RFn,3,836,3,3,Y,192,84,0,0,0,0,0,None,None,0,12,2008,WD,Normal,250000,3343,3.5,8,8,0,276,0,1,1
50,RL,85.0,14115,Pave,None,IR1,Lvl,AllPub,Inside,Gtl,Mitchel,Norm,Norm,1Fam,1.5Fin,5,5,1993,1995,Gable,CompShg,VinylSd,VinylSd,None,0.0,3,3,Wood,Gd,TA,No,GLQ,732,Unf,0,64,796,GasA,5,Y,SBrkr,796,566,0,1362,1,0,1,1,1,1,3,5,Typ,0,0,Attchd,1993.0,Unf,2,480,3,3,Y,40,30,0,320,0,0,0,MnPrv,Shed,700,10,2009,WD,Normal,143000,2158,2.5,16,14,1,390,0,1,0
20,RL,75.0,10084,Pave,None,Reg,Lvl,AllPub,Inside,Gtl,Somerst,Norm,Norm,1Fam,1Story,8,5,2004,2005,Gable,CompShg,VinylSd,VinylSd,Stone,186.0,4,3,PConc,Ex,TA,Av,GLQ,1369,Unf,0,317,1686,GasA,5,Y,SBrkr,1694,0,0,1694,1,0,2,0,3,1,4,7,Typ,1,4,Attchd,2004.0,RFn,2,636,3,3,Y,255,57,0,0,0,0,0,None,None,0,8,2007,WD,Normal,307000,3380,3.0,3,2,1,312,0,1,1
60,RL,80.0,10382,Pave,None,IR1,Lvl,AllPub,Corner,Gtl,NWAmes,PosN,Norm,1Fam,2Story,7,6,1973,1973,Gable,CompShg,HdBoard,HdBoard,Stone,240.0,3,3,CBlock,Gd,TA,Mn,ALQ,859,BLQ,32,216,1107,GasA,5,Y,SBrkr,1107,983,0,2090,1,0,2,1,3,1,3,7,Typ,2,3,Attchd,1973.0,RFn,2,484,3,3,Y,235,204,228,0,0,0,0,None,Shed,350,11,2009,WD,Normal,200000,3197,3.5,36,36,0,667,0,1,1
50,RM,51.0,6120,Pave,None,Reg,Lvl,AllPub,Inside,Gtl,OldTown,Artery,Norm,1Fam,1.5Fin,7,5,1931,1950,Gable,CompShg,BrkFace,Wd Shng,None,0.0,3,3,BrkTil,TA,TA,No,Unf,0,Unf,0,952,952,GasA,4,Y,FuseF,1022,752,0,1774,0,0,2,0,2,2,3,8,Min1,2,3,Detchd,1931.0,Unf,2,468,2,3,Y,90,0,205,0,0,0,0,None,None,0,4,2008,WD,Abnorml,129900,2726,2.0,77,58,1,295,0,1,1
190,RL,50.0,7420,Pave,None,Reg,Lvl,AllPub,Corner,Gtl,BrkSide,Artery,Artery,2fmCon,1.5Unf,5,6,1939,1950,Gable,CompShg,MetalSd,MetalSd,None,0.0,3,3,BrkTil,TA,TA,No,GLQ,851,Unf,0,140,991,GasA,5,Y,SBrkr,1077,0,0,1077,1,0,1,0,2,2,3,5,Typ,2,3,Attchd,1939.0,RFn,1,205,4,3,Y,0,4,0,0,0,0,0,None,None,0,1,2008,WD,Normal,118000,2068,2.0,69,58,1,4,0,1,1
20,RL,70.0,11200,Pave,None,Reg,Lvl,AllPub,Inside,Gtl,Sawyer,Norm,Norm,1Fam,1Story,5,5,1965,1965,Hip,CompShg,HdBoard,HdBoard,None,0.0,3,3,CBlock,TA,TA,No,Rec,906,Unf,0,134,1040,GasA,5,Y,SBrkr,1040,0,0,1040,1,0,1,0,3,1,3,5,Typ,0,0,Detchd,1965.0,Unf,1,384,3,3,Y,0,0,0,0,0,0,0,None,None,0,2,2008,WD,Normal,129500,2080,2.0,43,43,0,0,0,1,0
60,RL,85.0,11924,Pave,None,IR1,Lvl,AllPub,Inside,Gtl,NridgHt,Norm,Norm,1Fam,2Story,9,5,2005,2006,Hip,CompShg,WdShing,Wd Shng,Stone,286.0,5,3,PConc,Ex,TA,No,GLQ,998,Unf,0,177,1175,GasA,5,Y,SBrkr,1182,1142,0,2324,1,0,3,0,4,1,5,11,Typ,2,4,BuiltIn,2005.0,Fin,3,736,3,3,Y,147,21,0,0,0,0,0,None,None,0,7,2006,New,Partial,345000,3499,4.0,1,0,1,168,0,1,1
20,RL,71.0,12968,Pave,None,IR2,Lvl,AllPub,Inside,Gtl,Sawyer,Norm,Norm,1Fam,1Story,5,6,1962,1962,Hip,CompShg,HdBoard,Plywood,None,0.0,3,3,CBlock,TA,TA,No,ALQ,737,Unf,0,175,912,GasA,3,Y,SBrkr,912,0,0,912,1,0,1,0,2,1,3,4,Typ,0,0,Detchd,1962.0,Unf,1,352,3,3,Y,140,0,0,0,176,0,0,None,None,0,9,2008,WD,Normal,144000,1824,2.0,46,46,0,316,0,1,0
20,RL,91.0,10652,Pave,None,IR1,Lvl,AllPub,Inside,Gtl,CollgCr,Norm,Norm,1Fam,1Story,7,5,2006,2007,Gable,CompShg,VinylSd,VinylSd,Stone,306.0,4,3,PConc,Gd,TA,Av,Unf,0,Unf,0,1494,1494,GasA,5,Y,SBrkr,1494,0,0,1494,0,0,2,0,3,1,4,7,Typ,1,4,Attchd,2006.0,RFn,3,840,3,3,Y,160,33,0,0,0,0,0,None,None,0,8,2007,New,Partial,279500,2988,2.0,1,0,1,193,0,1,1
20,RL,73.0,10920,Pave,None,IR1,Lvl,AllPub,Corner,Gtl,NAmes,Norm,Norm,1Fam,1Story,6,5,1960,1960,Hip,CompShg,MetalSd,MetalSd,BrkFace,212.0,3,3,CBlock,TA,TA,No,BLQ,733,Unf,0,520,1253,GasA,3,Y,SBrkr,1253,0,0,1253,1,0,1,1,2,1,3,5,Typ,1,2,Attchd,1960.0,RFn,1,352,3,3,Y,0,213,176,0,0,0,0,GdWo,None,0,5,2008,WD,Normal,157000,2506,2.5,48,48,0,389,0,1,1
45,RM,51.0,6120,Pave,None,Reg,Lvl,AllPub,Corner,Gtl,BrkSide,Norm,Norm,1Fam,1.5Unf,7,8,1929,2001,Gable,CompShg,Wd Sdng,Wd Sdng,None,0.0,3,3,BrkTil,TA,TA,No,Unf,0,Unf,0,832,832,GasA,5,Y,FuseA,854,0,0,854,0,0,1,0,2,1,3,5,Typ,0,0,Detchd,1991.0,Unf,2,576,3,3,Y,48,112,0,0,0,0,0,GdPrv,None,0,7,2007,WD,Normal,132000,1686,1.0,78,6,1,160,0,1,0
20,RL,73.0,11241,Pave,None,IR1,Lvl,AllPub,CulDSac,Gtl,NAmes,Norm,Norm,1Fam,1Story,6,7,1970,1970,Gable,CompShg,Wd Sdng,Wd Sdng,BrkFace,180.0,3,3,CBlock,TA,TA,No,ALQ,578,Unf,0,426,1004,GasA,5,Y,SBrkr,1004,0,0,1004,1,0,1,0,2,1,3,5,Typ,1,3,Attchd,1970.0,Fin,2,480,3,3,Y,0,0,0,0,0,0,0,None,Shed,700,3,2010,WD,Normal,149000,2008,2.0,40,40,0,0,0,1,1
90,RL,72.0,10791,Pave,None,Reg,Lvl,AllPub,Inside,Gtl,Sawyer,Norm,Norm,Duplex,1Story,4,5,1967,1967,Gable,CompShg,MetalSd,MetalSd,None,0.0,3,3,Slab,None,None,None,None,0,None,0,0,0,GasA,3,Y,SBrkr,1296,0,0,1296,0,0,2,0,2,2,3,6,Typ,0,0,CarPort,1967.0,Unf,2,516,3,3,Y,0,0,0,0,0,0,0,None,Shed,500,10,2006,WD,Normal,90000,1296,2.0,39,39,0,0,0,1,0
20,RL,66.0,13695,Pave,None,Reg,Lvl,AllPub,Inside,Gtl,SawyerW,RRAe,Norm,1Fam,1Story,5,5,2004,2004,Gable,CompShg,VinylSd,VinylSd,None,0.0,3,3,PConc,TA,TA,No,GLQ,646,Unf,0,468,1114,GasA,5,Y,SBrkr,1114,0,0,1114,1,0,1,1,3,1,4,6,Typ,0,0,Detchd,2004.0,Unf,2,576,3,3,Y,0,102,0,0,0,0,0,None,None,0,6,2008,WD,Normal,159000,2228,2.5,4,4,0,102,0,1,0
20,RL,70.0,7560,Pave,None,Reg,Lvl,AllPub,Inside,Gtl,NAmes,Norm,Norm,1Fam,1Story,5,6,1958,1965,Hip,CompShg,BrkFace,Plywood,None,0.0,3,3,CBlock,TA,TA,No,LwQ,504,Unf,0,525,1029,GasA,3,Y,SBrkr,1339,0,0,1339,0,0,1,0,3,1,3,6,Min1,0,0,Attchd,1958.0,Unf,1,294,3,3,Y,0,0,0,0,0,0,0,MnPrv,None,0,5,2009,COD,Abnorml,139000,2368,1.0,51,44,1,0,0,1,0
60,RL,101.0,14215,Pave,None,IR1,Lvl,AllPub,Corner,Gtl,NridgHt,Norm,Norm,1Fam,2Story,8,5,2005,2006,Gable,CompShg,VinylSd,VinylSd,BrkFace,380.0,4,3,PConc,Ex,TA,Av,Unf,0,Unf,0,1158,1158,GasA,5,Y,SBrkr,1158,1218,0,2376,0,0,3,1,4,1,4,9,Typ,1,4,BuiltIn,2005.0,RFn,3,853,3,3,Y,240,154,0,0,0,0,0,None,None,0,11,2006,New,Partial,325300,3534,3.5,1,0,1,394,0,1,1
45,RM,57.0,7449,Pave,Grvl,Reg,Bnk,AllPub,Inside,Gtl,IDOTRR,Norm,Norm,1Fam,1.5Unf,7,7,1930,1950,Gable,CompShg,Wd Sdng,Wd Sdng,None,0.0,3,3,PConc,TA,TA,No,Unf,0,Unf,0,637,637,GasA,5,Y,FuseF,1108,0,0,1108,0,0,1,0,3,1,4,6,Typ,1,4,Attchd,1930.0,Unf,1,280,3,3,N,0,0,205,0,0,0,0,GdPrv,None,0,6,2007,WD,Normal,139400,1745,1.0,77,57,1,205,0,1,1
20,RL,75.0,9742,Pave,None,Reg,Lvl,AllPub,Inside,Gtl,CollgCr,Norm,Norm,1Fam,1Story,8,5,2002,2002,Hip,CompShg,VinylSd,VinylSd,BrkFace,281.0,4,3,PConc,Gd,TA,No,Unf,0,Unf,0,1777,1777,GasA,5,Y,SBrkr,1795,0,0,1795,0,0,2,0,3,1,4,7,Typ,1,4,Attchd,2002.0,RFn,2,534,3,3,Y,171,159,0,0,0,0,0,None,None,0,9,2008,WD,Normal,230000,3572,2.0,6,6,0,330,0,1,1
120,RM,44.0,4224,Pave,None,Reg,Lvl,AllPub,Inside,Gtl,MeadowV,Norm,Norm,TwnhsE,1Story,5,7,1976,1976,Gable,CompShg,CemntBd,CmentBd,None,0.0,3,3,PConc,Gd,TA,No,GLQ,840,Unf,0,200,1040,GasA,3,Y,SBrkr,1060,0,0,1060,1,0,1,0,3,1,3,6,Typ,1,3,Attchd,1976.0,Unf,2,572,3,3,Y,100,110,0,0,0,0,0,None,None,0,6,2007,WD,Normal,129900,2100,2.0,31,31,0,210,0,1,1
20,RL,71.0,8246,Pave,None,IR1,Lvl,AllPub,Inside,Gtl,Sawyer,Norm,Norm,1Fam,1Story,5,8,1968,2001,Gable,CompShg,Plywood,Plywood,None,0.0,3,4,CBlock,TA,TA,Mn,Rec,188,ALQ,668,204,1060,GasA,5,Y,SBrkr,1060,0,0,1060,1,0,1,0,3,1,4,6,Typ,1,3,Attchd,1968.0,Unf,1,270,3,3,Y,406,90,0,0,0,0,0,MnPrv,None,0,5,2010,WD,Normal,154000,2120,2.0,42,9,1,496,0,1,1
20,RL,110.0,14230,Pave,None,Reg,Lvl,AllPub,Corner,Gtl,NridgHt,Norm,Norm,1Fam,1Story,8,5,2007,2007,Gable,CompShg,VinylSd,VinylSd,Stone,640.0,4,3,PConc,Gd,TA,No,Unf,0,Unf,0,1566,1566,GasA,5,Y,SBrkr,1600,0,0,1600,0,0,2,0,3,1,4,7,Typ,1,4,Attchd,2007.0,RFn,3,890,3,3,Y,0,56,0,0,0,0,0,None,None,0,7,2009,WD,Normal,256300,3166,2.0,2,2,0,56,0,1,1
20,RL,60.0,7200,Pave,None,Reg,Lvl,AllPub,Corner,Gtl,NAmes,Norm,Norm,1Fam,1Story,5,7,1951,2000,Gable,CompShg,Wd Sdng,Wd Sdng,None,0.0,3,3,CBlock,TA,TA,Mn,BLQ,234,Rec,486,180,900,GasA,3,Y,SBrkr,900,0,0,900,0,1,1,0,3,1,4,5,Typ,0,0,Detchd,2005.0,Unf,2,576,3,3,Y,222,32,0,0,0,0,0,None,None,0,5,2010,WD,Normal,134800,1800,1.5,59,10,1,254,0,1,0
20,RL,98.0,11478,Pave,None,Reg,Lvl,AllPub,Inside,Gtl,NridgHt,Norm,Norm,1Fam,1Story,8,5,2007,2008,Gable,CompShg,VinylSd,VinylSd,Stone,200.0,4,3,PConc,Ex,TA,No,GLQ,1218,Unf,0,486,1704,GasA,5,Y,SBrkr,1704,0,0,1704,1,0,2,0,3,1,4,7,Typ,1,4,Attchd,2008.0,RFn,3,772,3,3,Y,0,50,0,0,0,0,0,None,None,0,5,2010,WD,Normal,306000,3408,3.0,3,2,1,50,0,1,1
20,RL,47.0,16321,Pave,None,IR1,Lvl,AllPub,CulDSac,Gtl,NAmes,Norm,Norm,1Fam,1Story,5,6,1957,1997,Gable,CompShg,MetalSd,MetalSd,None,0.0,3,3,CBlock,TA,TA,Gd,BLQ,1277,Unf,0,207,1484,GasA,3,Y,SBrkr,1600,0,0,1600,1,0,1,0,2,1,3,6,Typ,2,4,Attchd,1957.0,RFn,1,319,3,3,Y,288,258,0,0,0,0,0,None,None,0,12,2006,WD,Normal,207500,3084,2.0,49,9,1,546,0,1,1
30,RM,60.0,6324,Pave,None,IR1,Lvl,AllPub,Inside,Gtl,BrkSide,Feedr,RRNn,1Fam,1Story,4,6,1927,1950,Gable,CompShg,MetalSd,MetalSd,None,0.0,3,3,BrkTil,TA,TA,No,Unf,0,Unf,0,520,520,GasA,2,N,SBrkr,520,0,0,520,0,0,1,0,1,1,2,4,Typ,0,0,Detchd,1920.0,Unf,1,240,2,3,Y,49,0,87,0,0,0,0,None,None,0,5,2008,WD,Normal,68500,1040,1.0,81,58,1,136,0,1,0
70,C (all),50.0,8500,Pave,Pave,Reg,Lvl,AllPub,Inside,Gtl,IDOTRR,Feedr,Norm,1Fam,2Story,4,4,1920,1950,Gambrel,CompShg,BrkFace,BrkFace,None,0.0,3,2,BrkTil,TA,TA,No,Unf,0,Unf,0,649,649,GasA,3,N,SBrkr,649,668,0,1317,0,0,1,0,3,1,3,6,Typ,0,0,Detchd,1920.0,Unf,1,250,3,2,N,0,54,172,0,0,0,0,MnPrv,None,0,7,2008,WD,Normal,40000,1966,1.0,88,58,1,226,0,1,0
20,RL,71.0,8544,Pave,None,IR1,Lvl,AllPub,CulDSac,Gtl,Sawyer,Norm,Norm,1Fam,1Story,5,6,1966,2006,Gable,CompShg,HdBoard,HdBoard,None,0.0,3,3,CBlock,TA,TA,No,Unf,0,Unf,0,1228,1228,GasA,4,Y,SBrkr,1228,0,0,1228,0,0,1,1,3,1,4,6,Typ,0,0,Attchd,1966.0,Unf,1,271,3,3,Y,0,65,0,0,0,0,0,MnPrv,None,0,6,2008,WD,Normal,149350,2456,1.5,42,2,1,65,0,1,0
20,RL,85.0,11049,Pave,None,Reg,Lvl,AllPub,Corner,Gtl,CollgCr,Norm,Norm,1Fam,1Story,8,5,2007,2007,Gable,CompShg,VinylSd,VinylSd,None,0.0,4,3,PConc,Ex,TA,Av,Unf,0,Unf,0,1234,1234,GasA,5,Y,SBrkr,1234,0,0,1234,0,0,2,0,3,1,4,7,Typ,0,0,Attchd,2007.0,RFn,2,484,3,3,Y,0,30,0,0,0,0,0,None,None,0,1,2008,WD,Normal,179900,2468,2.0,1,1,0,30,0,1,0
20,RL,70.0,10552,Pave,None,IR1,Lvl,AllPub,Inside,Gtl,NAmes,Norm,Norm,1Fam,1Story,5,5,1959,1959,Hip,CompShg,BrkFace,BrkFace,None,0.0,3,3,CBlock,TA,TA,No,Rec,1018,Unf,0,380,1398,GasA,4,Y,SBrkr,1700,0,0,1700,0,1,1,1,4,1,4,6,Typ,1,4,Attchd,1959.0,RFn,2,447,3,3,Y,0,38,0,0,0,0,0,None,None,0,4,2010,WD,Normal,165500,3098,2.0,51,51,0,38,0,1,1
120,RL,60.0,7313,Pave,None,Reg,Lvl,AllPub,Inside,Gtl,NridgHt,Norm,Norm,TwnhsE,1Story,9,5,2005,2005,Hip,CompShg,MetalSd,MetalSd,BrkFace,246.0,5,3,PConc,Ex,TA,No,GLQ,1153,Unf,0,408,1561,GasA,5,Y,SBrkr,1561,0,0,1561,1,0,2,0,2,1,5,6,Typ,1,4,Attchd,2005.0,Fin,2,556,3,3,Y,203,47,0,0,0,0,0,None,None,0,8,2007,WD,Normal,277500,3122,3.0,2,2,0,250,0,1,1
60,RL,108.0,13418,Pave,None,Reg,Lvl,AllPub,Inside,Gtl,NridgHt,Norm,Norm,1Fam,2Story,8,5,2004,2005,Gable,CompShg,VinylSd,VinylSd,Stone,132.0,4,3,PConc,Ex,TA,Av,Unf,0,Unf,0,1117,1117,GasA,5,Y,SBrkr,1132,1320,0,2452,0,0,3,1,4,1,4,9,Typ,1,4,BuiltIn,2004.0,Fin,3,691,3,3,Y,113,32,0,0,0,0,0,None,None,0,9,2006,WD,Normal,309000,3569,3.5,2,1,1,145,0,1,1
20,RL,112.0,10859,Pave,None,Reg,Lvl,AllPub,Corner,Gtl,CollgCr,Norm,Norm,1Fam,1Story,5,5,1994,1995,Gable,CompShg,VinylSd,VinylSd,None,0.0,3,3,PConc,Gd,TA,No,Unf,0,Unf,0,1097,1097,GasA,5,Y,SBrkr,1097,0,0,1097,0,0,1,1,3,1,3,6,Typ,0,0,Attchd,1995.0,Unf,2,672,3,3,Y,392,64,0,0,0,0,0,None,None,0,6,2009,WD,Normal,145000,2194,1.5,15,14,1,456,0,1,0
20,RL,74.0,8532,Pave,None,Reg,Lvl,AllPub,Inside,Gtl,NAmes,Norm,Norm,1Fam,1Story,5,6,1954,1990,Hip,CompShg,Wd Sdng,Wd Sdng,BrkFace,650.0,3,3,CBlock,TA,TA,No,Rec,1213,Unf,0,84,1297,GasA,4,Y,SBrkr,1297,0,0,1297,0,1,1,0,3,1,3,5,Typ,1,3,Attchd,1954.0,Fin,2,498,3,3,Y,0,0,0,0,0,0,0,None,None,0,10,2009,WD,Normal,153000,2594,1.5,55,19,1,0,0,1,1
20,RL,68.0,7922,Pave,None,Reg,Lvl,AllPub,Inside,Gtl,NAmes,Norm,Norm,1Fam,1Story,5,7,1953,2007,Gable,CompShg,VinylSd,VinylSd,None,0.0,3,4,CBlock,TA,TA,No,GLQ,731,Unf,0,326,1057,GasA,3,Y,SBrkr,1057,0,0,1057,1,0,1,0,3,1,4,5,Typ,0,0,Detchd,1953.0,Unf,1,246,3,3,Y,0,52,0,0,0,0,0,None,None,0,1,2010,WD,Abnorml,109000,2114,2.0,57,3,1,52,0,1,0
90,RL,65.0,6040,Pave,None,Reg,Lvl,AllPub,Inside,Gtl,Edwards,Norm,Norm,Duplex,1Story,4,5,1955,1955,Gable,CompShg,AsbShng,Plywood,None,0.0,3,3,PConc,None,None,None,None,0,None,0,0,0,GasA,3,N,FuseP,1152,0,0,1152,0,0,2,0,2,2,2,6,Typ,0,0,None,0.0,None,0,0,0,0,N,0,0,0,0,0,0,0,None,None,0,6,2008,WD,AdjLand,82000,1152,2.0,53,53,0,0,0,0,0
20,RL,84.0,8658,Pave,None,Reg,Lvl,AllPub,Inside,Gtl,NAmes,Norm,Norm,1Fam,1Story,6,5,1965,1965,Gable,CompShg,Wd Sdng,Wd Sdng,BrkFace,101.0,3,3,CBlock,TA,TA,No,Rec,643,Unf,0,445,1088,GasA,5,Y,SBrkr,1324,0,0,1324,0,0,2,0,3,1,3,6,Typ,1,3,Attchd,1965.0,RFn,2,440,3,3,Y,0,138,0,0,0,0,0,GdWo,None,0,12,2006,WD,Abnorml,160000,2412,2.0,41,41,0,138,0,1,1
20,RL,115.0,16905,Pave,None,Reg,Lvl,AllPub,Inside,Gtl,Timber,Norm,Norm,1Fam,1Story,5,6,1959,1959,Gable,CompShg,VinylSd,VinylSd,None,0.0,3,4,CBlock,TA,TA,Gd,BLQ,967,Unf,0,383,1350,GasA,4,Y,SBrkr,1328,0,0,1328,0,1,1,1,2,1,3,5,Typ,2,4,Attchd,1959.0,RFn,1,308,3,3,P,0,104,0,0,0,0,0,None,None,0,7,2007,WD,Normal,170000,2678,2.0,48,48,0,104,0,1,1
85,RL,66.5,9180,Pave,None,IR1,Lvl,AllPub,CulDSac,Gtl,SawyerW,Norm,Norm,1Fam,SFoyer,5,7,1983,1983,Gable,CompShg,HdBoard,HdBoard,None,0.0,3,3,CBlock,Gd,TA,Av,ALQ,747,LwQ,93,0,840,GasA,4,Y,SBrkr,884,0,0,884,1,0,1,0,2,1,4,5,Typ,0,0,Attchd,1983.0,RFn,2,504,3,4,Y,240,0,0,0,0,0,0,MnPrv,None,0,12,2007,WD,Normal,144000,1724,2.0,24,24,0,240,0,1,0
20,RL,70.0,9200,Pave,None,IR1,Lvl,AllPub,CulDSac,Gtl,CollgCr,Norm,Norm,1Fam,1Story,5,6,1975,1980,Hip,CompShg,VinylSd,VinylSd,None,0.0,3,3,CBlock,Gd,TA,Av,LwQ,280,BLQ,491,167,938,GasA,3,Y,SBrkr,938,0,0,938,1,0,1,0,3,1,3,5,Typ,0,0,Detchd,1977.0,Unf,1,308,3,3,Y,145,0,0,0,0,0,0,MnPrv,None,0,7,2008,WD,Normal,130250,1876,2.0,33,28,1,145,0,1,0
20,RL,70.0,7945,Pave,None,Reg,Lvl,AllPub,Inside,Gtl,NAmes,Norm,Norm,1Fam,1Story,5,6,1959,1959,Gable,CompShg,BrkFace,Wd Sdng,None,0.0,3,3,CBlock,TA,TA,No,ALQ,179,BLQ,506,465,1150,GasA,5,Y,FuseA,1150,0,0,1150,1,0,1,0,3,1,3,6,Typ,0,0,Attchd,1959.0,RFn,1,300,3,3,Y,0,0,0,0,0,0,0,None,None,0,5,2006,WD,Normal,141000,2300,2.0,47,47,0,0,0,1,0
120,RL,61.0,7658,Pave,None,Reg,Lvl,AllPub,Inside,Gtl,NridgHt,Norm,Norm,TwnhsE,1Story,9,5,2005,2005,Hip,CompShg,MetalSd,MetalSd,BrkFace,412.0,5,3,PConc,Ex,TA,No,GLQ,456,Unf,0,1296,1752,GasA,5,Y,SBrkr,1752,0,0,1752,1,0,2,0,2,1,5,6,Typ,1,4,Attchd,2005.0,RFn,2,576,3,3,Y,196,82,0,0,0,0,0,None,None,0,2,2010,WD,Normal,319900,3504,3.0,5,5,0,278,0,1,1
50,RL,48.0,12822,Pave,None,IR1,Lvl,AllPub,CulDSac,Gtl,Mitchel,Norm,Norm,1Fam,1.5Fin,7,5,2003,2003,Gable,CompShg,VinylSd,VinylSd,None,0.0,4,3,PConc,Ex,TA,No,GLQ,1351,Unf,0,83,1434,GasA,5,Y,SBrkr,1518,631,0,2149,1,0,1,1,1,1,4,6,Typ,1,5,Attchd,2003.0,RFn,2,670,3,3,Y,168,43,0,0,198,0,0,None,None,0,8,2009,WD,Abnorml,239686,3583,2.5,6,6,0,409,0,1,1
20,FV,84.0,11096,Pave,None,Reg,Lvl,AllPub,Inside,Gtl,Somerst,Norm,Norm,1Fam,1Story,8,5,2006,2006,Gable,CompShg,VinylSd,VinylSd,None,0.0,4,3,PConc,Gd,TA,Av,GLQ,24,Unf,0,1632,1656,GasA,5,Y,SBrkr,1656,0,0,1656,0,0,2,0,3,1,4,7,Typ,0,0,Attchd,2006.0,RFn,3,826,3,3,Y,0,146,0,0,0,0,0,None,None,0,7,2007,WD,Normal,249700,3312,2.0,1,1,0,146,0,1,0
190,RM,33.0,4456,Pave,None,Reg,Lvl,AllPub,Inside,Gtl,OldTown,Norm,Norm,2fmCon,2Story,4,5,1920,2008,Gable,CompShg,MetalSd,MetalSd,None,0.0,3,3,BrkTil,TA,TA,No,Unf,0,Unf,0,736,736,GasA,4,Y,SBrkr,736,716,0,1452,0,0,2,0,2,3,3,8,Typ,0,0,None,0.0,None,0,0,0,0,N,0,0,102,0,0,0,0,None,None,0,6,2009,New,Partial,113000,2188,2.0,89,1,1,102,0,0,0
20,RL,66.0,7742,Pave,None,Reg,Lvl,AllPub,Inside,Gtl,Sawyer,Norm,Norm,1Fam,1Story,5,7,1966,1966,Gable,CompShg,HdBoard,HdBoard,None,0.0,3,3,CBlock,TA,TA,No,BLQ,763,Unf,0,192,955,GasA,5,Y,SBrkr,955,0,0,955,1,0,1,0,3,1,3,6,Typ,0,0,Attchd,1966.0,Unf,1,386,3,3,Y,0,0,0,0,0,0,0,MnPrv,None,0,1,2007,WD,Normal,127000,1910,2.0,41,41,0,0,0,1,0
60,RL,65.0,13869,Pave,None,IR2,Lvl,AllPub,Corner,Gtl,Gilbert,Norm,Norm,1Fam,2Story,6,6,1997,1997,Gable,CompShg,VinylSd,VinylSd,None,0.0,3,3,PConc,Gd,TA,Av,GLQ,182,Unf,0,612,794,GasA,4,Y,SBrkr,794,676,0,1470,0,1,2,0,3,1,3,6,Typ,0,0,Attchd,1997.0,Fin,2,388,3,3,Y,0,75,0,0,0,0,0,None,None,0,7,2007,WD,Normal,177000,2264,2.5,10,10,0,75,0,1,0
50,RM,52.0,6240,Pave,None,Reg,Lvl,AllPub,Inside,Gtl,BrkSide,Norm,Norm,1Fam,1.5Fin,6,6,1934,1950,Gable,CompShg,Wd Sdng,Wd Sdng,None,0.0,3,3,PConc,TA,TA,No,Unf,0,Unf,0,816,816,GasA,3,Y,SBrkr,816,0,360,1176,0,0,1,0,3,1,3,6,Typ,1,4,Detchd,1985.0,Unf,2,528,3,3,Y,112,0,0,0,0,0,0,MnPrv,Shed,400,9,2006,WD,Normal,114500,1632,1.0,72,56,1,112,0,1,1
90,RM,110.0,8472,Grvl,None,IR2,Bnk,AllPub,Corner,Mod,IDOTRR,RRNn,Norm,Duplex,1Story,5,5,1963,1963,Gable,CompShg,Wd Sdng,Wd Sdng,None,0.0,2,3,CBlock,Gd,TA,Gd,LwQ,104,GLQ,712,0,816,GasA,3,N,SBrkr,816,0,0,816,1,0,1,0,2,1,3,5,Typ,0,0,CarPort,1963.0,Unf,2,516,3,3,Y,106,0,0,0,0,0,0,None,None,0,5,2010,WD,Normal,110000,1632,2.0,47,47,0,106,0,1,0
20,RL,68.0,50271,Pave,None,IR1,Low,AllPub,Inside,Gtl,Veenker,Norm,Norm,1Fam,1Story,9,5,1981,1987,Gable,WdShngl,WdShing,Wd Shng,None,0.0,4,3,CBlock,Ex,TA,Gd,GLQ,1810,Unf,0,32,1842,GasA,4,Y,SBrkr,1842,0,0,1842,2,0,0,1,0,1,4,5,Typ,1,4,Attchd,1981.0,Fin,3,894,3,3,Y,857,72,0,0,0,0,0,None,None,0,11,2006,WD,Normal,385000,3684,2.5,25,19,1,929,0,1,1
80,RL,60.0,7134,Pave,None,Reg,Bnk,AllPub,Inside,Mod,NAmes,Norm,Norm,1Fam,SLvl,5,5,1955,1955,Gable,CompShg,MetalSd,MetalSd,None,0.0,3,3,CBlock,TA,TA,No,ALQ,384,Unf,0,0,384,GasA,3,Y,SBrkr,1360,0,0,1360,0,0,1,0,3,1,3,6,Min1,1,3,Detchd,1962.0,Unf,2,572,3,3,Y,0,50,0,0,0,0,0,MnPrv,None,0,2,2007,WD,Normal,130000,1744,1.0,52,52,0,50,0,1,1
20,RL,100.0,10175,Pave,None,IR1,Lvl,AllPub,Inside,Gtl,NAmes,Norm,Norm,1Fam,1Story,6,5,1964,1964,Gable,CompShg,HdBoard,Plywood,BrkFace,272.0,3,3,CBlock,TA,TA,No,BLQ,490,Unf,0,935,1425,GasA,4,Y,SBrkr,1425,0,0,1425,0,0,2,0,3,1,3,7,Typ,1,4,Attchd,1964.0,RFn,2,576,3,3,Y,0,0,0,407,0,0,0,None,None,0,7,2008,WD,Normal,180500,2850,2.0,44,44,0,407,0,1,1
160,FV,24.0,2645,Pave,Pave,Reg,Lvl,AllPub,Inside,Gtl,Somerst,Norm,Norm,Twnhs,2Story,8,5,1999,2000,Gable,CompShg,MetalSd,MetalSd,BrkFace,456.0,4,3,PConc,Gd,TA,No,GLQ,649,Unf,0,321,970,GasA,5,Y,SBrkr,983,756,0,1739,1,0,2,1,3,1,4,7,Typ,0,0,Attchd,1999.0,Fin,2,480,3,3,Y,115,0,0,0,0,0,0,None,None,0,8,2009,WD,Abnorml,172500,2709,3.5,10,9,1,115,0,1,0
60,RL,89.0,11645,Pave,None,IR1,Lvl,AllPub,Corner,Gtl,CollgCr,Norm,Norm,1Fam,2Story,7,5,2004,2004,Gable,CompShg,VinylSd,VinylSd,None,0.0,4,3,PConc,Gd,TA,No,Unf,0,Unf,0,860,860,GasA,5,Y,SBrkr,860,860,0,1720,0,0,2,1,3,1,4,7,Typ,0,0,Attchd,2004.0,RFn,2,565,3,3,Y,0,70,0,0,0,0,0,None,None,0,8,2006,WD,Normal,196500,2580,2.5,2,2,0,70,0,1,0
60,RL,66.0,13682,Pave,None,IR2,HLS,AllPub,CulDSac,Gtl,StoneBr,Norm,Norm,1Fam,2Story,10,5,2006,2006,Hip,CompShg,VinylSd,VinylSd,BrkFace,1031.0,5,3,PConc,Ex,TA,Gd,Unf,0,Unf,0,1410,1410,GasA,5,Y,SBrkr,1426,1519,0,2945,0,0,3,1,3,1,4,10,Typ,1,4,BuiltIn,2006.0,Fin,3,641,3,3,Y,192,0,37,0,0,0,0,None,None,0,10,2006,New,Partial,438780,4355,3.5,0,0,0,229,0,1,1
20,RL,60.0,7200,Pave,None,Reg,Bnk,AllPub,Inside,Gtl,CollgCr,Norm,Norm,1Fam,1Story,5,7,1972,1972,Gable,CompShg,HdBoard,HdBoard,None,0.0,3,3,CBlock,TA,TA,Av,ALQ,632,Unf,0,148,780,GasA,5,Y,SBrkr,780,0,0,780,0,0,1,0,2,1,3,4,Typ,0,0,Detchd,1973.0,Unf,1,352,3,3,Y,196,0,0,0,0,0,0,MnPrv,None,0,1,2008,WD,Normal,124900,1560,1.0,36,36,0,196,0,1,0
20,RL,63.0,13072,Pave,None,Reg,Lvl,AllPub,Inside,Gtl,SawyerW,RRAe,Norm,1Fam,1Story,6,5,2004,2004,Gable,CompShg,VinylSd,VinylSd,None,0.0,3,3,PConc,Gd,TA,No,ALQ,941,Unf,0,217,1158,GasA,5,Y,SBrkr,1158,0,0,1158,1,0,1,1,3,1,4,5,Typ,0,0,Detchd,2006.0,Unf,2,576,3,3,Y,0,50,0,0,0,0,0,None,None,0,5,2006,New,Partial,158000,2316,2.5,2,2,0,50,0,1,0
75,RM,60.0,7200,Pave,None,Reg,Lvl,AllPub,Inside,Gtl,IDOTRR,Norm,Norm,1Fam,2.5Unf,5,7,1920,1996,Gable,CompShg,MetalSd,MetalSd,None,0.0,3,3,BrkTil,TA,Fa,No,Unf,0,Unf,0,530,530,GasA,3,N,SBrkr,581,530,0,1111,0,0,1,0,3,1,2,6,Typ,0,0,Detchd,1935.0,Unf,1,288,3,3,N,0,0,144,0,0,0,0,None,None,0,3,2007,WD,Normal,101000,1641,1.0,87,11,1,144,0,1,0
120,RL,44.0,6442,Pave,None,IR1,Lvl,AllPub,Inside,Gtl,NridgHt,Norm,Norm,TwnhsE,1Story,8,5,2006,2006,Gable,CompShg,VinylSd,VinylSd,Stone,178.0,4,3,PConc,Gd,Gd,Mn,GLQ,24,Unf,0,1346,1370,GasA,5,Y,SBrkr,1370,0,0,1370,0,0,2,0,2,1,4,6,Typ,1,4,Attchd,2006.0,RFn,2,484,3,3,Y,120,49,0,0,0,0,0,None,None,0,10,2007,WD,Normal,202500,2740,2.0,1,1,0,169,0,1,1
70,RM,50.0,10300,Pave,None,IR1,Bnk,AllPub,Inside,Gtl,OldTown,RRAn,Feedr,1Fam,2Story,7,6,1921,1950,Gable,CompShg,Stucco,Stucco,None,0.0,3,3,BrkTil,TA,TA,No,Unf,0,Unf,0,576,576,GasA,4,Y,SBrkr,902,808,0,1710,0,0,2,0,3,1,3,9,Typ,0,0,Detchd,1990.0,Unf,2,480,3,3,Y,12,11,64,0,0,0,0,GdPrv,None,0,4,2010,WD,Normal,140000,2286,2.0,89,60,1,87,0,1,0
60,RL,70.0,9375,Pave,None,Reg,Lvl,AllPub,Inside,Gtl,CollgCr,Norm,Norm,1Fam,2Story,7,5,1997,1998,Gable,CompShg,VinylSd,VinylSd,BrkFace,573.0,3,3,PConc,Gd,TA,No,GLQ,739,Unf,0,318,1057,GasA,5,Y,SBrkr,1057,977,0,2034,1,0,2,1,3,1,4,8,Typ,0,0,Attchd,1998.0,RFn,2,645,3,3,Y,576,36,0,0,0,0,0,GdPrv,None,0,2,2009,WD,Normal,219500,3091,3.5,12,11,1,612,0,1,0
60,RL,76.0,9591,Pave,None,Reg,Lvl,AllPub,Inside,Gtl,NridgHt,Norm,Norm,1Fam,2Story,8,5,2004,2005,Gable,CompShg,VinylSd,VinylSd,BrkFace,344.0,4,3,PConc,Ex,TA,Av,Unf,0,Unf,0,1143,1143,GasA,5,Y,SBrkr,1143,1330,0,2473,0,0,2,1,4,1,4,9,Typ,1,4,BuiltIn,2004.0,RFn,3,852,3,3,Y,192,151,0,0,0,0,0,None,None,0,10,2007,WD,Normal,317000,3616,2.5,3,2,1,343,0,1,1
20,RL,73.0,19900,Pave,None,Reg,Lvl,AllPub,Inside,Gtl,NAmes,PosA,Norm,1Fam,1Story,7,5,1970,1989,Gable,CompShg,Plywood,Plywood,BrkFace,287.0,3,3,CBlock,Gd,TA,Gd,GLQ,912,Unf,0,1035,1947,GasA,3,Y,SBrkr,2207,0,0,2207,1,0,2,0,3,1,3,7,Min1,1,4,Attchd,1970.0,RFn,2,576,3,3,Y,301,0,0,0,0,0,0,None,None,0,7,2010,WD,Normal,180000,4154,3.0,40,21,1,301,0,1,1
20,RL,72.0,10665,Pave,None,IR1,Lvl,AllPub,Inside,Gtl,CollgCr,Norm,Norm,1Fam,1Story,7,5,2003,2003,Gable,CompShg,VinylSd,VinylSd,BrkFace,167.0,4,3,PConc,Gd,TA,Av,GLQ,1013,Unf,0,440,1453,GasA,5,Y,SBrkr,1479,0,0,1479,1,0,2,0,3,1,4,7,Typ,0,0,Attchd,2003.0,RFn,2,558,3,3,Y,144,29,0,0,0,0,0,None,None,0,6,2007,WD,Normal,226000,2932,3.0,4,4,0,173,0,1,0
30,RM,47.0,4608,Pave,None,Reg,Lvl,AllPub,Corner,Gtl,OldTown,Artery,Norm,1Fam,1Story,4,6,1945,1950,Gable,CompShg,MetalSd,MetalSd,None,0.0,3,4,CBlock,TA,TA,No,Unf,0,Unf,0,747,747,GasA,3,Y,SBrkr,747,0,0,747,0,0,1,0,2,1,3,4,Typ,0,0,Attchd,1945.0,Unf,1,220,3,3,Y,0,0,0,0,0,0,0,None,None,0,6,2010,WD,Normal,80000,1494,1.0,65,60,1,0,0,1,0
50,RL,81.0,15593,Pave,None,Reg,Lvl,AllPub,Corner,Gtl,ClearCr,Norm,Norm,1Fam,1.5Fin,7,4,1953,1953,Gable,CompShg,BrkFace,AsbShng,None,0.0,4,3,CBlock,TA,TA,No,BLQ,603,Unf,0,701,1304,GasW,3,Y,SBrkr,1304,983,0,2287,0,0,2,0,3,1,3,7,Typ,1,3,Attchd,1953.0,Fin,2,667,3,3,Y,0,21,114,0,0,0,0,None,None,0,7,2006,WD,Normal,225000,3591,2.0,53,53,0,135,0,1,1
20,RL,95.0,13651,Pave,None,IR1,Lvl,AllPub,Inside,Gtl,NAmes,Norm,Norm,1Fam,1Story,7,6,1973,1973,Gable,CompShg,Plywood,Plywood,BrkFace,1115.0,3,4,CBlock,Gd,TA,Gd,ALQ,1880,Unf,0,343,2223,GasA,5,Y,SBrkr,2223,0,0,2223,1,0,2,0,3,1,3,8,Typ,2,4,Attchd,1973.0,Fin,2,516,3,3,Y,300,0,0,0,0,0,0,None,None,0,2,2007,WD,Normal,244000,4446,3.0,34,34,0,300,0,1,1
20,RL,69.0,7599,Pave,None,Reg,Lvl,AllPub,Corner,Gtl,Mitchel,Norm,Norm,1Fam,1Story,4,6,1982,2006,Gable,CompShg,HdBoard,Plywood,None,0.0,3,3,CBlock,TA,TA,No,ALQ,565,Unf,0,280,845,GasA,3,Y,SBrkr,845,0,0,845,1,0,1,0,2,1,3,4,Typ,0,0,Detchd,1987.0,Unf,2,360,3,3,Y,0,0,0,0,0,0,0,None,None,0,6,2007,WD,Normal,129500,1690,2.0,25,1,1,0,0,1,0
60,RL,74.0,10141,Pave,None,IR1,Lvl,AllPub,Corner,Gtl,Gilbert,Norm,Norm,1Fam,2Story,7,5,1998,1998,Gable,CompShg,VinylSd,VinylSd,BrkFace,40.0,3,3,PConc,Gd,TA,No,Unf,0,Unf,0,832,832,GasA,4,Y,SBrkr,885,833,0,1718,0,0,2,1,3,1,3,7,Typ,1,3,Attchd,1998.0,Fin,2,427,3,3,Y,0,94,0,0,291,0,0,None,None,0,12,2009,WD,Normal,185000,2550,2.5,11,11,0,385,0,1,1
20,RL,85.0,10200,Pave,None,Reg,Lvl,AllPub,Inside,Gtl,NAmes,Norm,Norm,1Fam,1Story,5,7,1954,2003,Gable,CompShg,Wd Sdng,Wd Sdng,BrkFace,104.0,3,3,CBlock,TA,TA,No,ALQ,320,BLQ,362,404,1086,GasA,4,Y,SBrkr,1086,0,0,1086,1,0,1,0,3,1,3,6,Typ,0,0,Attchd,1989.0,Unf,2,490,3,3,Y,0,0,0,0,0,0,0,GdWo,None,0,5,2010,WD,Normal,144900,2172,2.0,56,7,1,0,0,1,0
50,RM,60.0,5790,Pave,None,Reg,Lvl,AllPub,Corner,Gtl,OldTown,Norm,Norm,1Fam,2Story,3,6,1915,1950,Gambrel,CompShg,VinylSd,VinylSd,None,0.0,4,4,CBlock,Fa,TA,No,Unf,0,Unf,0,840,840,GasA,4,N,SBrkr,840,765,0,1605,0,0,2,0,3,2,3,8,Typ,0,0,Detchd,1915.0,Unf,1,379,3,3,Y,0,0,202,0,0,0,0,None,None,0,5,2010,WD,Normal,107400,2445,2.0,95,60,1,202,0,1,0
180,RM,21.0,1596,Pave,None,Reg,Lvl,AllPub,Inside,Gtl,MeadowV,Norm,Norm,Twnhs,SLvl,4,5,1973,1973,Gable,CompShg,CemntBd,CmentBd,None,0.0,3,3,CBlock,Gd,TA,Gd,GLQ,462,Unf,0,0,462,GasA,3,Y,SBrkr,526,462,0,988,1,0,1,0,2,1,3,5,Typ,0,0,BuiltIn,1973.0,Unf,1,297,3,3,Y,120,101,0,0,0,0,0,GdWo,None,0,11,2009,WD,Normal,91000,1450,2.0,36,36,0,221,0,1,0
20,RL,73.0,8475,Pave,None,IR1,Lvl,AllPub,Inside,Gtl,NAmes,Norm,Norm,1Fam,1Story,4,7,1956,1956,Gable,CompShg,VinylSd,VinylSd,None,0.0,3,3,CBlock,TA,TA,No,ALQ,228,Unf,0,724,952,GasA,5,Y,FuseA,952,0,0,952,0,0,1,0,2,1,3,4,Typ,0,0,Detchd,1956.0,Unf,1,283,3,3,Y,0,0,0,0,0,0,0,None,None,0,4,2008,WD,Normal,135750,1904,1.0,52,52,0,0,0,1,0
50,RM,50.0,8635,Pave,None,Reg,Lvl,AllPub,Inside,Gtl,BrkSide,Norm,Norm,1Fam,1.5Fin,5,5,1948,2001,Gable,CompShg,Wd Sdng,Wd Sdng,None,0.0,3,3,CBlock,TA,TA,No,BLQ,336,GLQ,41,295,672,GasA,3,Y,SBrkr,1072,213,0,1285,1,0,1,0,2,1,3,6,Min1,0,0,Detchd,1948.0,Unf,1,240,3,3,Y,0,0,0,0,0,0,0,MnPrv,None,0,1,2008,WD,Normal,127000,1957,2.0,60,7,1,0,0,1,0
90,RL,72.0,10778,Pave,None,Reg,Lvl,AllPub,Inside,Gtl,Sawyer,Norm,Norm,Duplex,1Story,4,5,1968,1968,Hip,CompShg,HdBoard,HdBoard,None,0.0,3,3,CBlock,TA,TA,No,Unf,0,Unf,0,1768,1768,GasA,3,N,SBrkr,1768,0,0,1768,0,0,2,0,4,2,3,8,Typ,0,0,None,0.0,None,0,0,0,0,Y,0,0,0,0,0,0,0,None,None,0,4,2010,WD,Normal,136500,3536,2.0,42,42,0,0,0,0,0
50,RM,60.0,10440,Pave,Grvl,Reg,Lvl,AllPub,Corner,Gtl,OldTown,Norm,Norm,1Fam,2Story,5,6,1910,1981,Gable,CompShg,Wd Sdng,Wd Sdng,None,0.0,3,3,PConc,TA,TA,No,Unf,0,Unf,0,440,440,GasA,4,Y,SBrkr,682,548,0,1230,0,0,1,1,2,1,3,5,Typ,0,0,Detchd,1966.0,Unf,2,440,3,3,Y,74,0,128,0,0,0,0,MnPrv,None,0,5,2009,WD,Normal,110000,1670,1.5,99,28,1,202,0,1,0
60,RL,100.0,13000,Pave,None,Reg,Lvl,AllPub,Corner,Gtl,NAmes,Norm,Norm,1Fam,2Story,6,6,1968,1968,Gable,CompShg,VinylSd,VinylSd,BrkFace,576.0,3,4,CBlock,Gd,TA,No,Rec,448,Unf,0,448,896,GasA,3,Y,SBrkr,1182,960,0,2142,0,0,2,1,4,1,4,8,Typ,1,4,Attchd,1968.0,Fin,1,509,3,3,Y,0,72,0,0,252,0,0,None,None,0,6,2009,WD,Normal,193500,3038,2.5,41,41,0,324,0,1,1
120,RM,32.0,4500,Pave,None,Reg,Lvl,AllPub,FR2,Gtl,Mitchel,Norm,Norm,TwnhsE,1Story,6,5,1998,1998,Hip,CompShg,VinylSd,VinylSd,BrkFace,443.0,3,4,PConc,Ex,Gd,No,GLQ,1201,Unf,0,36,1237,GasA,5,Y,SBrkr,1337,0,0,1337,1,0,2,0,2,1,3,5,Typ,0,0,Attchd,1998.0,Fin,2,405,3,3,Y,0,199,0,0,0,0,0,None,None,0,3,2006,WD,Normal,153500,2574,3.0,8,8,0,199,0,1,0
20,RL,78.0,10206,Pave,None,Reg,Lvl,AllPub,Inside,Gtl,Somerst,Norm,Norm,1Fam,1Story,8,5,2007,2007,Gable,CompShg,VinylSd,VinylSd,Stone,468.0,3,3,PConc,Gd,TA,No,GLQ,33,Unf,0,1530,1563,GasA,5,Y,SBrkr,1563,0,0,1563,0,0,2,0,3,1,4,6,Typ,1,4,Attchd,2007.0,RFn,3,758,3,3,Y,144,99,0,0,0,0,0,None,None,0,10,2008,WD,Normal,245000,3126,2.0,1,1,0,243,0,1,1
20,RL,80.0,8892,Pave,None,IR1,Lvl,AllPub,Inside,Gtl,NAmes,Norm,Norm,1Fam,1Story,5,5,1960,1960,Gable,CompShg,MetalSd,MetalSd,BrkCmn,66.0,3,3,CBlock,TA,TA,No,Unf,0,Unf,0,1065,1065,GasA,4,Y,SBrkr,1065,0,0,1065,0,0,1,1,3,1,3,6,Typ,0,0,Detchd,1974.0,Unf,2,461,3,3,Y,74,0,0,0,0,0,0,None,None,0,7,2007,COD,Normal,126500,2130,1.5,47,47,0,74,0,1,0
80,RL,65.0,8530,Pave,None,IR1,Lvl,AllPub,Inside,Gtl,Gilbert,Norm,Norm,1Fam,SLvl,7,5,1995,1996,Gable,CompShg,HdBoard,HdBoard,BrkFace,22.0,3,3,PConc,Gd,TA,No,Unf,0,Unf,0,384,384,GasA,4,Y,SBrkr,804,670,0,1474,0,0,2,1,3,1,3,7,Typ,1,3,BuiltIn,1995.0,Fin,2,400,3,3,Y,120,72,0,0,0,0,0,None,Shed,700,5,2009,WD,Normal,168500,1858,2.5,14,13,1,192,0,1,1
60,RL,121.0,16059,Pave,None,Reg,Lvl,AllPub,Corner,Gtl,NoRidge,Norm,Norm,1Fam,2Story,8,5,1991,1992,Hip,CompShg,HdBoard,HdBoard,BrkFace,284.0,4,3,CBlock,Gd,TA,No,Unf,0,Unf,0,1288,1288,GasA,5,Y,SBrkr,1301,1116,0,2417,0,0,2,1,4,1,4,9,Typ,1,3,Attchd,1991.0,Unf,2,462,3,3,Y,127,82,0,0,0,0,0,None,None,0,4,2006,WD,Normal,260000,3705,2.5,15,14,1,209,0,1,1
60,RL,122.0,11911,Pave,None,IR2,Lvl,AllPub,Inside,Gtl,Gilbert,Norm,Norm,1Fam,2Story,6,5,2005,2005,Gable,CompShg,VinylSd,VinylSd,None,0.0,4,3,PConc,Gd,TA,Av,Unf,0,Unf,0,684,684,GasA,5,Y,SBrkr,684,876,0,1560,0,0,2,1,3,1,4,6,Typ,1,4,BuiltIn,2005.0,Fin,2,400,3,3,Y,100,38,0,0,0,0,0,None,None,0,3,2009,WD,Normal,174000,2244,2.5,4,4,0,138,0,1,1
160,FV,40.0,3951,Pave,Pave,Reg,Lvl,AllPub,Corner,Gtl,Somerst,Norm,Norm,TwnhsE,2Story,6,5,2009,2009,Gable,CompShg,VinylSd,VinylSd,Stone,76.0,4,3,PConc,Gd,TA,Av,Unf,0,Unf,0,612,612,GasA,5,Y,SBrkr,612,612,0,1224,0,0,2,1,2,1,4,4,Typ,0,0,Detchd,2009.0,RFn,2,528,3,3,Y,0,234,0,0,0,0,0,None,None,0,6,2009,New,Partial,164500,1836,2.5,0,0,0,234,0,1,0
50,C (all),105.0,8470,Pave,None,IR1,Lvl,AllPub,Corner,Gtl,IDOTRR,Feedr,Feedr,1Fam,1.5Fin,3,2,1915,1982,Hip,CompShg,Plywood,Plywood,None,0.0,2,2,CBlock,TA,Fa,No,Unf,0,Unf,0,1013,1013,GasA,3,N,SBrkr,1013,0,513,1526,0,0,1,0,2,1,2,6,Typ,0,0,None,0.0,None,0,0,0,0,N,0,0,156,0,0,0,0,MnPrv,None,0,10,2009,ConLD,Abnorml,85000,2026,1.0,94,27,1,156,0,0,0
20,RL,60.0,8070,Pave,None,Reg,Lvl,AllPub,Inside,Gtl,CollgCr,Norm,Norm,1Fam,1Story,4,5,1994,1995,Gable,CompShg,VinylSd,VinylSd,None,0.0,3,3,PConc,Gd,TA,No,GLQ,588,Unf,0,402,990,GasA,5,Y,SBrkr,990,0,0,990,1,0,1,0,3,1,3,5,Typ,0,0,None,0.0,None,0,0,0,0,Y,0,0,0,0,0,0,0,None,None,0,8,2007,WD,Normal,123600,1980,2.0,13,12,1,0,0,0,0
20,RL,60.0,7200,Pave,None,Reg,Lvl,AllPub,Inside,Gtl,NAmes,Norm,Norm,1Fam,1Story,4,5,1950,1950,Gable,CompShg,BrkFace,Wd Sdng,None,0.0,3,3,Slab,None,None,None,None,0,None,0,0,0,GasA,3,Y,FuseA,1040,0,0,1040,0,0,1,0,2,1,3,4,Typ,0,0,Detchd,1950.0,Unf,2,420,3,3,Y,0,29,0,0,0,0,0,None,None,0,7,2006,WD,Normal,109900,1040,1.0,56,56,0,29,0,1,0
20,RL,85.0,8500,Pave,None,Reg,Lvl,AllPub,Inside,Gtl,NAmes,Norm,Norm,1Fam,1Story,5,3,1961,1961,Hip,CompShg,HdBoard,HdBoard,BrkCmn,203.0,3,3,CBlock,TA,TA,No,Rec,600,Unf,0,635,1235,GasA,3,Y,SBrkr,1235,0,0,1235,0,0,1,0,2,1,3,6,Typ,0,0,Attchd,1961.0,Unf,2,480,3,3,Y,0,0,0,0,0,0,0,GdWo,None,0,12,2006,WD,Abnorml,98600,2470,1.0,45,45,0,0,0,1,0
30,RL,80.0,13360,Pave,Grvl,IR1,HLS,AllPub,Inside,Gtl,Crawfor,Norm,Norm,1Fam,1Story,5,7,1921,2006,Gable,CompShg,Wd Sdng,Wd Sdng,None,0.0,3,4,BrkTil,Gd,TA,No,ALQ,713,Unf,0,163,876,GasA,5,Y,SBrkr,964,0,0,964,1,0,1,0,2,1,3,5,Typ,0,0,Detchd,1921.0,Unf,2,432,3,3,Y,0,0,44,0,0,0,0,None,None,0,8,2009,WD,Normal,163500,1840,2.0,88,3,1,44,0,1,0
190,C (all),60.0,7200,Pave,None,Reg,Lvl,AllPub,Corner,Gtl,OldTown,Norm,Norm,2fmCon,2.5Unf,6,6,1910,1998,Hip,CompShg,MetalSd,MetalSd,None,0.0,3,3,BrkTil,TA,Fa,Mn,Rec,1046,Unf,0,168,1214,GasW,5,N,SBrkr,1260,1031,0,2291,0,1,2,0,4,2,3,9,Typ,1,4,Detchd,1900.0,Unf,2,506,3,3,Y,0,0,0,0,99,0,0,None,None,0,11,2007,WD,Normal,133900,3505,2.5,97,9,1,99,0,1,1
60,RL,69.0,9337,Pave,None,IR1,Lvl,AllPub,Inside,Gtl,CollgCr,Norm,Norm,1Fam,2Story,6,5,1997,1997,Gable,CompShg,VinylSd,VinylSd,None,0.0,3,4,PConc,Gd,TA,No,GLQ,648,Unf,0,176,824,GasA,5,Y,SBrkr,905,881,0,1786,1,0,2,1,3,1,4,7,Typ,0,0,Attchd,1997.0,RFn,2,684,3,3,Y,0,162,0,0,0,0,0,None,None,0,5,2007,WD,Normal,204750,2610,3.5,10,10,0,162,0,1,0
60,RL,65.0,9765,Pave,None,IR2,Lvl,AllPub,Corner,Gtl,Gilbert,Norm,Norm,1Fam,2Story,6,8,1993,1993,Gable,CompShg,VinylSd,VinylSd,BrkFace,68.0,5,4,PConc,Gd,Gd,No,ALQ,310,Unf,0,370,680,GasA,4,Y,SBrkr,680,790,0,1470,0,0,2,1,3,1,3,6,Typ,1,3,BuiltIn,1993.0,Fin,2,420,3,3,Y,232,63,0,0,0,0,0,None,Shed,480,4,2009,WD,Normal,185000,2150,2.5,16,16,0,295,0,1,1
20,RL,78.0,10264,Pave,None,IR1,Lvl,AllPub,Inside,Gtl,CollgCr,Norm,Norm,1Fam,1Story,7,5,1999,1999,Gable,CompShg,VinylSd,VinylSd,BrkFace,183.0,4,3,PConc,Gd,TA,Av,ALQ,1162,Unf,0,426,1588,GasA,5,Y,SBrkr,1588,0,0,1588,0,0,2,0,3,1,4,6,Typ,0,0,Attchd,1999.0,RFn,2,472,3,3,Y,158,29,0,0,0,0,0,None,None,0,8,2006,WD,Normal,214000,3176,2.0,7,7,0,187,0,1,0
20,RL,73.0,10921,Pave,None,Reg,HLS,AllPub,Inside,Gtl,Edwards,Norm,Norm,1Fam,1Story,4,5,1965,1965,Hip,CompShg,HdBoard,HdBoard,BrkFace,48.0,3,3,CBlock,TA,TA,No,Rec,520,Unf,0,440,960,GasA,3,Y,FuseF,960,0,0,960,1,0,1,0,3,1,3,6,Typ,0,0,Attchd,1965.0,Fin,1,432,3,3,P,120,0,0,0,0,0,0,None,None,0,5,2007,WD,Normal,94750,1920,2.0,42,42,0,120,0,1,0
30,RL,85.0,10625,Pave,None,Reg,Lvl,AllPub,Corner,Gtl,Edwards,Norm,Norm,1Fam,1Story,5,5,1920,1950,Gable,CompShg,Wd Sdng,Wd Sdng,None,0.0,3,3,BrkTil,TA,TA,No,ALQ,108,Unf,0,350,458,GasA,2,N,SBrkr,835,0,0,835,0,0,1,0,2,1,3,5,Typ,0,0,Basment,1920.0,Unf,1,366,2,3,Y,0,0,77,0,0,0,0,None,Shed,400,5,2010,COD,Abnorml,83000,1293,1.0,90,60,1,77,0,1,0
20,RL,77.0,9320,Pave,None,IR1,Lvl,AllPub,Inside,Gtl,NAmes,Norm,Norm,1Fam,1Story,4,5,1959,1959,Gable,CompShg,Plywood,Plywood,None,0.0,3,3,CBlock,TA,TA,No,ALQ,569,Unf,0,381,950,GasA,2,Y,SBrkr,1225,0,0,1225,1,0,1,1,3,1,3,6,Typ,0,0,None,0.0,None,0,0,0,0,Y,352,0,0,0,0,0,0,None,Shed,400,1,2010,WD,Normal,128950,2175,2.5,51,51,0,352,0,0,0
20,RL,80.0,10603,Pave,None,IR1,Lvl,AllPub,Inside,Gtl,NWAmes,Norm,Norm,1Fam,1Story,6,7,1977,2001,Gable,CompShg,Plywood,Plywood,BrkFace,28.0,3,3,PConc,TA,TA,Mn,ALQ,1200,Unf,0,410,1610,GasA,4,Y,SBrkr,1610,0,0,1610,1,0,2,0,3,1,4,6,Typ,2,3,Attchd,1977.0,RFn,2,480,3,3,Y,168,68,0,0,0,0,0,None,None,0,2,2010,WD,Normal,205000,3220,3.0,33,9,1,236,0,1,1
60,RL,77.0,9206,Pave,None,Reg,Lvl,AllPub,Inside,Gtl,SawyerW,Norm,Norm,1Fam,2Story,6,5,1985,1985,Gable,CompShg,HdBoard,HdBoard,BrkFace,336.0,4,3,CBlock,Gd,TA,No,Unf,0,Unf,0,741,741,GasA,3,Y,SBrkr,977,755,0,1732,0,0,2,1,3,1,4,7,Typ,1,3,Attchd,1985.0,Fin,2,476,3,3,Y,192,46,0,0,0,0,0,None,None,0,6,2010,WD,Normal,178000,2473,2.5,25,25,0,238,0,1,1
90,RL,64.0,7018,Pave,None,Reg,Bnk,AllPub,Inside,Gtl,SawyerW,Norm,Norm,Duplex,1Story,5,5,1979,1979,Gable,CompShg,HdBoard,HdBoard,None,0.0,3,2,Slab,None,None,None,None,0,None,0,0,0,GasA,3,Y,SBrkr,1535,0,0,1535,0,0,2,0,4,2,3,8,Typ,0,0,Attchd,1979.0,Unf,2,410,3,3,Y,0,0,0,0,0,0,0,None,None,0,6,2009,WD,Alloca,118964,1535,2.0,30,30,0,0,0,1,0
20,RL,94.0,10402,Pave,None,IR1,Lvl,AllPub,Corner,Gtl,CollgCr,Norm,Norm,1Fam,1Story,7,5,2009,2009,Gable,CompShg,VinylSd,VinylSd,None,0.0,3,3,PConc,Gd,TA,No,Unf,0,Unf,0,1226,1226,GasA,5,Y,SBrkr,1226,0,0,1226,0,0,2,0,3,1,4,6,Typ,0,0,Attchd,2009.0,RFn,3,740,3,3,Y,0,36,0,0,0,0,0,None,None,0,5,2010,WD,Normal,198900,2452,2.0,1,1,0,36,0,1,0
50,RM,60.0,7758,Pave,None,Reg,Lvl,AllPub,Corner,Gtl,IDOTRR,Norm,Norm,1Fam,1.5Fin,7,4,1931,1950,Gable,CompShg,Stucco,Stucco,BrkFace,600.0,3,2,PConc,TA,TA,No,LwQ,224,Unf,0,816,1040,GasA,5,Y,FuseF,1226,592,0,1818,0,0,1,1,4,1,3,7,Typ,2,3,Detchd,1951.0,Unf,1,240,3,3,Y,0,0,0,0,184,0,0,None,None,0,6,2007,WD,Normal,169500,2858,1.5,76,57,1,184,0,1,1
60,FV,75.0,9375,Pave,None,Reg,Lvl,AllPub,Inside,Gtl,Somerst,Norm,Norm,1Fam,2Story,8,5,2003,2004,Hip,CompShg,VinylSd,VinylSd,BrkFace,768.0,4,3,PConc,Ex,TA,No,Unf,0,Unf,0,1053,1053,GasA,5,Y,SBrkr,1053,939,0,1992,0,0,2,1,3,1,4,9,Typ,1,4,Attchd,2003.0,RFn,2,648,3,3,Y,140,45,0,0,0,0,0,None,None,0,8,2008,WD,Normal,250000,3045,2.5,5,4,1,185,0,1,1
30,RM,60.0,10800,Pave,Grvl,Reg,Lvl,AllPub,Inside,Gtl,OldTown,Norm,Norm,1Fam,1Story,4,7,1885,1995,Mansard,CompShg,VinylSd,VinylSd,None,0.0,3,3,BrkTil,Fa,TA,No,Unf,0,Unf,0,641,641,GasA,4,Y,SBrkr,1047,0,0,1047,0,0,1,0,2,1,3,6,Typ,0,0,Detchd,1954.0,Unf,1,273,2,2,N,0,0,0,0,0,0,0,None,Shed,450,8,2007,WD,Normal,100000,1688,1.0,122,12,1,0,0,1,0
20,RM,50.0,6000,Pave,None,Reg,Lvl,AllPub,Inside,Gtl,OldTown,Norm,Norm,1Fam,1Story,5,5,1948,1950,Gable,CompShg,VinylSd,VinylSd,None,0.0,3,3,CBlock,TA,TA,No,ALQ,104,BLQ,169,516,789,GasA,5,Y,SBrkr,789,0,0,789,0,0,1,0,2,1,3,5,Typ,0,0,Detchd,1948.0,Unf,1,250,3,3,Y,0,0,0,0,0,0,0,None,None,0,4,2008,WD,Partial,115000,1578,1.0,60,58,1,0,0,1,0
50,RM,85.0,8500,Pave,None,Reg,Lvl,AllPub,Corner,Gtl,IDOTRR,Artery,Norm,1Fam,1.5Fin,5,7,1919,2005,Gable,CompShg,CemntBd,CmentBd,None,0.0,3,3,CBlock,TA,TA,No,Unf,0,Unf,0,793,793,GasW,3,N,FuseF,997,520,0,1517,0,0,2,0,3,1,2,7,Typ,0,0,None,0.0,None,0,0,0,0,N,0,0,144,0,0,0,0,None,None,0,8,2007,WD,Normal,115000,2310,2.0,88,2,1,144,0,0,0
20,RL,105.0,11751,Pave,None,IR1,Lvl,AllPub,Inside,Gtl,NWAmes,Norm,Norm,1Fam,1Story,6,6,1977,1977,Hip,CompShg,Plywood,Plywood,BrkFace,480.0,3,3,CBlock,Gd,TA,No,BLQ,705,Unf,0,1139,1844,GasA,5,Y,SBrkr,1844,0,0,1844,0,0,2,0,3,1,3,7,Typ,1,3,Attchd,1977.0,RFn,2,546,3,3,Y,0,122,0,0,0,0,0,MnPrv,None,0,1,2010,COD,Normal,190000,3688,2.0,33,33,0,122,0,1,1
50,RL,75.0,9525,Pave,None,Reg,Lvl,AllPub,Inside,Gtl,Edwards,Norm,Norm,1Fam,1.5Fin,6,4,1954,1972,Gable,CompShg,Wd Sdng,Wd Sdng,None,0.0,3,3,CBlock,TA,Fa,No,Rec,444,Unf,0,550,994,GasA,4,Y,SBrkr,1216,639,0,1855,0,0,2,0,4,1,3,7,Typ,0,0,Attchd,1954.0,Unf,1,325,3,3,Y,182,0,0,0,0,0,0,None,None,0,10,2006,WD,Normal,136900,2849,2.0,52,34,1,182,0,1,0
80,RL,65.0,7750,Pave,None,IR1,Lvl,AllPub,Inside,Gtl,Gilbert,Norm,Norm,1Fam,SLvl,7,5,2000,2000,Gable,CompShg,VinylSd,VinylSd,None,0.0,3,3,PConc,Gd,TA,No,GLQ,250,Unf,0,134,384,GasA,5,Y,SBrkr,774,656,0,1430,0,0,2,1,3,1,3,7,Typ,1,3,BuiltIn,2000.0,Fin,2,400,3,3,Y,180,0,0,0,0,0,0,None,None,0,4,2010,WD,Normal,180000,1814,2.5,10,10,0,180,0,1,1
60,RL,77.0,9965,Pave,None,Reg,Lvl,AllPub,Inside,Gtl,CollgCr,Norm,Norm,1Fam,2Story,7,5,2007,2007,Gable,CompShg,VinylSd,VinylSd,Stone,220.0,4,3,PConc,Ex,TA,Av,GLQ,984,Unf,0,280,1264,GasA,5,Y,SBrkr,1282,1414,0,2696,1,0,2,1,4,1,5,10,Typ,1,4,BuiltIn,2007.0,Fin,3,792,3,3,Y,120,184,0,0,168,0,0,None,None,0,10,2007,New,Partial,383970,3960,3.5,0,0,0,472,0,1,1
20,RL,74.0,21000,Pave,None,Reg,Bnk,AllPub,Corner,Gtl,Crawfor,Norm,Norm,1Fam,1Story,6,5,1953,1953,Hip,CompShg,Wd Sdng,Wd Sdng,BrkFace,184.0,3,4,CBlock,Gd,TA,Mn,ALQ,35,Rec,869,905,1809,GasA,3,Y,SBrkr,2259,0,0,2259,1,0,2,0,3,1,4,7,Typ,2,4,Basment,1953.0,Unf,2,450,3,3,Y,166,120,192,0,0,0,0,MnPrv,None,0,10,2007,COD,Abnorml,217000,4068,3.0,54,54,0,478,0,1,1
70,RL,61.0,7259,Pave,None,IR1,Lvl,AllPub,Inside,Mod,Crawfor,Norm,Norm,1Fam,2Story,6,8,1945,2002,Gambrel,CompShg,Wd Sdng,Wd Sdng,None,0.0,3,3,CBlock,TA,TA,No,ALQ,774,LwQ,150,104,1028,GasA,5,Y,SBrkr,1436,884,0,2320,1,0,2,1,3,1,4,9,Typ,1,3,Detchd,1945.0,Unf,1,180,3,3,Y,224,0,0,0,0,0,0,MnPrv,None,0,7,2007,WD,Normal,259500,3348,3.5,62,5,1,224,0,1,1
160,FV,34.0,3230,Pave,Pave,Reg,Lvl,AllPub,Corner,Gtl,Somerst,Norm,Norm,TwnhsE,2Story,6,5,1999,1999,Gable,CompShg,MetalSd,MetalSd,BrkFace,1129.0,3,3,PConc,Gd,TA,No,GLQ,419,Unf,0,310,729,GasA,4,Y,SBrkr,729,729,0,1458,0,0,2,1,2,1,3,5,Typ,1,2,Detchd,1999.0,Unf,2,440,3,3,Y,0,32,0,0,0,0,0,None,None,0,6,2007,WD,Normal,176000,2187,2.5,8,8,0,32,0,1,1
20,RL,71.0,11616,Pave,None,Reg,Lvl,AllPub,Inside,Gtl,Sawyer,Norm,Norm,1Fam,1Story,5,5,1962,1962,Gable,CompShg,Wd Sdng,Wd Sdng,BrkFace,116.0,3,3,CBlock,TA,TA,No,LwQ,170,BLQ,670,252,1092,GasA,3,Y,SBrkr,1092,0,0,1092,0,1,1,0,3,1,3,6,Typ,1,1,Attchd,1962.0,Unf,1,288,3,3,Y,0,20,144,0,0,0,0,None,None,0,9,2009,WD,Normal,139000,2184,1.5,47,47,0,164,0,1,1
20,RL,74.0,8536,Pave,None,Reg,Lvl,AllPub,Corner,Gtl,Edwards,Norm,Norm,1Fam,1Story,5,5,2006,2007,Gable,CompShg,VinylSd,VinylSd,None,0.0,3,3,PConc,Gd,TA,No,Unf,0,Unf,0,1125,1125,GasA,4,Y,SBrkr,1125,0,0,1125,0,0,1,1,2,1,3,5,Typ,0,0,Attchd,2007.0,Unf,2,430,3,3,Y,80,64,0,0,0,0,0,None,None,0,4,2007,New,Partial,155000,2250,1.5,1,0,1,144,0,1,0
60,RL,90.0,12376,Pave,None,Reg,Lvl,AllPub,Corner,Gtl,SawyerW,Norm,Norm,1Fam,2Story,7,5,1990,1990,Hip,CompShg,Plywood,Plywood,None,0.0,3,3,PConc,Gd,TA,Mn,GLQ,1470,Unf,0,203,1673,GasA,4,Y,SBrkr,1699,1523,0,3222,1,0,3,0,5,1,4,11,Typ,2,3,Attchd,1990.0,Unf,3,594,3,3,Y,367,0,0,0,0,0,0,None,None,0,5,2010,WD,Normal,320000,4895,4.0,20,20,0,367,0,1,1
60,RL,65.0,8461,Pave,None,Reg,Lvl,AllPub,Inside,Gtl,CollgCr,Norm,Norm,1Fam,2Story,6,5,2005,2006,Gable,CompShg,VinylSd,VinylSd,None,0.0,4,3,PConc,Gd,TA,No,Unf,0,Unf,0,728,728,GasA,5,Y,SBrkr,728,728,0,1456,0,0,2,1,3,1,4,8,Typ,1,4,Attchd,2005.0,Fin,2,390,3,3,Y,0,24,0,0,0,0,0,None,None,0,7,2006,New,Partial,163990,2184,2.5,1,0,1,24,0,1,1
80,RL,80.0,21453,Pave,None,IR1,Low,AllPub,CulDSac,Sev,ClearCr,Norm,Norm,1Fam,SLvl,6,5,1969,1969,Flat,Metal,Plywood,Plywood,None,0.0,3,3,CBlock,TA,TA,Gd,ALQ,938,Unf,0,0,938,GasA,5,Y,SBrkr,988,0,0,988,1,0,1,0,1,1,3,4,Typ,2,3,Attchd,1969.0,Unf,2,540,3,3,Y,0,130,0,130,0,0,0,None,None,0,10,2006,WD,Normal,180000,1926,2.0,37,37,0,260,0,1,1
50,RM,50.0,6060,Pave,None,Reg,Lvl,AllPub,Inside,Gtl,IDOTRR,Norm,Norm,1Fam,1.5Fin,4,5,1939,1950,Gable,CompShg,AsbShng,AsbShng,None,0.0,3,3,PConc,TA,TA,No,Unf,0,Unf,0,732,732,GasA,4,Y,SBrkr,772,351,0,1123,0,0,1,0,3,1,3,4,Typ,0,0,Detchd,1979.0,Unf,1,264,3,3,P,0,0,140,0,0,0,0,MnPrv,None,0,6,2007,WD,Normal,100000,1855,1.0,68,57,1,140,0,1,0
20,RL,75.0,9464,Pave,None,Reg,Lvl,AllPub,Corner,Gtl,NAmes,Norm,Norm,1Fam,1Story,6,7,1958,1958,Hip,CompShg,MetalSd,MetalSd,BrkFace,135.0,3,4,CBlock,TA,TA,No,BLQ,570,Unf,0,510,1080,GasA,4,Y,SBrkr,1080,0,0,1080,0,0,1,0,3,1,3,5,Typ,0,0,Attchd,1958.0,Unf,1,288,3,3,Y,0,0,0,0,130,0,0,None,None,0,6,2008,WD,Normal,136000,2160,1.0,50,50,0,130,0,1,0
120,RL,55.0,7892,Pave,None,Reg,Lvl,AllPub,Inside,Gtl,SawyerW,Norm,Norm,TwnhsE,1Story,6,5,1993,1993,Gable,CompShg,Plywood,Plywood,None,0.0,4,3,PConc,Gd,TA,No,GLQ,300,Unf,0,899,1199,GasA,5,Y,SBrkr,1199,0,0,1199,0,0,2,0,2,1,4,5,Typ,0,0,Attchd,1993.0,RFn,2,530,3,3,Y,0,63,0,0,0,0,0,None,None,0,3,2008,WD,Normal,153900,2398,2.0,15,15,0,63,0,1,0
20,RL,48.0,17043,Pave,None,IR1,Lvl,AllPub,CulDSac,Gtl,NWAmes,Norm,Norm,1Fam,1Story,6,5,1979,1998,Gable,CompShg,HdBoard,HdBoard,None,0.0,3,4,CBlock,Gd,Fa,No,Unf,0,Unf,0,1362,1362,GasA,3,Y,SBrkr,1586,0,0,1586,0,0,2,0,3,1,3,7,Typ,1,3,Attchd,1979.0,Unf,2,435,3,3,Y,192,0,0,0,0,0,0,None,None,0,1,2009,WD,Normal,181000,2948,2.0,30,11,1,192,0,1,1
190,RM,60.0,6780,Pave,None,Reg,Lvl,AllPub,Inside,Gtl,IDOTRR,Norm,Norm,2fmCon,1.5Fin,6,8,1935,1982,Gable,CompShg,Wd Sdng,Wd Sdng,None,0.0,3,2,CBlock,TA,TA,Av,GLQ,490,Unf,0,30,520,GasA,4,N,SBrkr,520,0,234,754,1,0,1,0,2,1,3,5,Typ,0,0,None,0.0,None,0,0,0,0,N,53,0,0,0,0,0,0,None,None,0,6,2006,WD,Normal,84500,1040,2.0,71,24,1,53,0,0,0
120,RL,24.0,4928,Pave,None,IR1,Lvl,AllPub,Inside,Gtl,NPkVill,Norm,Norm,TwnhsE,1Story,6,5,1976,1976,Gable,CompShg,Plywood,Plywood,None,0.0,3,3,CBlock,Gd,TA,No,ALQ,120,Unf,0,958,1078,GasA,3,Y,SBrkr,958,0,0,958,0,0,2,0,2,1,3,5,Typ,1,3,Attchd,1977.0,RFn,2,440,3,3,Y,0,205,0,0,0,0,0,None,None,0,2,2007,WD,Normal,128000,2036,2.0,31,31,0,205,0,1,1
45,RM,55.0,4388,Pave,None,IR1,Bnk,AllPub,Inside,Gtl,OldTown,Feedr,Norm,1Fam,1.5Unf,5,7,1930,1950,Gable,CompShg,WdShing,Wd Sdng,None,0.0,3,4,BrkTil,TA,TA,No,LwQ,116,Unf,0,556,672,GasA,5,Y,SBrkr,840,0,0,840,0,0,1,0,3,1,3,5,Typ,1,3,None,0.0,None,0,0,0,0,N,0,0,0,0,0,0,0,None,None,0,6,2007,WD,Normal,87000,1512,1.0,77,57,1,0,0,0,1
60,RL,69.0,7590,Pave,None,Reg,Lvl,AllPub,Inside,Gtl,NAmes,PosN,Norm,1Fam,2Story,6,5,1966,1966,Gable,CompShg,VinylSd,VinylSd,BrkFace,266.0,3,3,CBlock,TA,TA,No,BLQ,512,Unf,0,148,660,GasA,3,Y,SBrkr,660,688,0,1348,0,0,1,1,3,1,3,6,Typ,1,2,Attchd,1966.0,RFn,2,453,3,3,Y,188,108,0,0,0,0,0,None,None,0,7,2006,WD,Normal,155000,2008,1.5,40,40,0,296,0,1,1
20,RL,69.0,8973,Pave,None,Reg,Lvl,AllPub,Inside,Gtl,NAmes,Norm,Norm,1Fam,1Story,5,7,1958,1991,Gable,CompShg,Plywood,Plywood,BrkFace,85.0,3,3,CBlock,TA,TA,No,Rec,567,BLQ,28,413,1008,GasA,3,Y,FuseA,1053,0,0,1053,0,1,1,1,3,1,5,6,Typ,0,0,2Types,1998.0,RFn,2,750,3,3,Y,0,80,0,180,0,0,0,MnWw,None,0,7,2006,WD,Abnorml,150000,2061,2.0,48,15,1,260,0,1,0
60,RL,88.0,14200,Pave,None,Reg,Lvl,AllPub,Corner,Gtl,NAmes,Norm,Norm,1Fam,2Story,7,6,1966,1966,Gable,CompShg,MetalSd,MetalSd,BrkFace,309.0,3,3,CBlock,TA,TA,No,Rec,445,Unf,0,479,924,GasA,5,Y,SBrkr,1216,941,0,2157,0,0,2,1,4,1,4,8,Typ,2,4,Attchd,1966.0,Fin,2,487,3,3,Y,105,66,0,0,0,0,0,GdPrv,None,0,5,2006,WD,Normal,226000,3081,2.5,40,40,0,171,0,1,1
60,RL,65.0,12224,Pave,None,IR1,Lvl,AllPub,Corner,Gtl,Gilbert,Norm,Norm,1Fam,2Story,6,5,2000,2000,Gable,CompShg,VinylSd,VinylSd,BrkFace,40.0,4,3,PConc,Gd,TA,No,GLQ,695,Unf,0,297,992,GasA,5,Y,SBrkr,1022,1032,0,2054,1,0,2,1,3,1,4,7,Typ,1,3,BuiltIn,2000.0,RFn,2,390,3,3,Y,24,48,0,0,0,0,0,None,None,0,7,2009,WD,Normal,244000,3046,3.5,9,9,0,72,0,1,1
20,RL,75.0,7388,Pave,None,Reg,Lvl,AllPub,Corner,Gtl,NAmes,Norm,Norm,1Fam,1Story,5,6,1959,2002,Gable,CompShg,MetalSd,MetalSd,None,0.0,3,3,CBlock,TA,TA,No,Rec,405,Unf,0,658,1063,GasA,4,Y,SBrkr,1327,0,0,1327,1,0,1,0,3,1,4,7,Typ,0,0,Detchd,1974.0,Unf,2,624,3,3,Y,0,0,0,0,0,0,0,None,None,0,7,2007,WD,Normal,150750,2390,2.0,48,5,1,0,0,1,0
20,RL,85.0,6853,Pave,None,IR1,Lvl,AllPub,Inside,Gtl,Timber,Norm,Norm,1Fam,1Story,8,5,2001,2002,Gable,CompShg,VinylSd,VinylSd,BrkFace,136.0,4,3,PConc,Ex,TA,No,GLQ,1005,Unf,0,262,1267,GasA,5,Y,SBrkr,1296,0,0,1296,1,0,2,0,2,1,4,6,Typ,0,0,Attchd,2001.0,Fin,2,471,3,3,Y,192,25,0,0,0,0,0,None,None,0,6,2009,WD,Normal,220000,2563,3.0,8,7,1,217,0,1,0
20,RL,78.0,10335,Pave,None,IR1,Lvl,AllPub,Inside,Gtl,Sawyer,Norm,Norm,1Fam,1Story,5,6,1968,1993,Gable,CompShg,Plywood,Plywood,None,0.0,3,3,CBlock,TA,TA,No,Rec,570,Unf,0,891,1461,GasA,4,Y,SBrkr,1721,0,0,1721,0,0,2,1,3,1,3,7,Min1,1,3,Attchd,1968.0,RFn,2,440,3,3,Y,0,96,180,0,0,0,0,MnPrv,None,0,7,2006,WD,Normal,180000,3182,2.5,38,13,1,276,0,1,1
20,RL,80.0,10400,Pave,None,Reg,Lvl,AllPub,Inside,Gtl,NWAmes,Norm,Norm,1Fam,1Story,7,6,1970,1970,Hip,CompShg,Plywood,Plywood,BrkFace,288.0,3,3,PConc,TA,TA,No,Unf,0,Unf,0,1304,1304,GasA,4,Y,SBrkr,1682,0,0,1682,0,0,2,0,3,1,3,7,Typ,1,4,Attchd,1970.0,Unf,2,530,3,3,Y,98,0,0,0,0,0,0,MnPrv,None,0,5,2008,WD,Normal,174000,2986,2.0,38,38,0,98,0,1,1
20,RL,73.0,10355,Pave,None,IR1,Lvl,AllPub,Corner,Gtl,NAmes,Norm,Norm,1Fam,1Story,5,5,1967,1967,Gable,CompShg,MetalSd,MetalSd,BrkFace,196.0,3,3,CBlock,TA,TA,No,BLQ,695,Unf,0,519,1214,GasA,3,Y,SBrkr,1214,0,0,1214,0,0,2,0,3,1,3,5,Typ,1,2,Attchd,1967.0,RFn,1,318,3,3,Y,0,111,0,0,0,0,0,None,None,0,7,2007,WD,Normal,143000,2428,2.0,40,40,0,111,0,1,1
90,RL,82.0,11070,Pave,None,Reg,Lvl,AllPub,Inside,Gtl,Mitchel,Norm,Norm,Duplex,1Story,7,5,1988,1989,Gable,CompShg,VinylSd,VinylSd,BrkFace,70.0,3,3,CBlock,TA,TA,No,Unf,0,Unf,0,1907,1907,GasA,4,Y,SBrkr,1959,0,0,1959,0,0,3,0,5,2,3,9,Typ,0,0,2Types,1989.0,Unf,3,766,3,3,Y,0,0,0,0,0,0,0,None,None,0,7,2006,WD,Family,171000,3866,3.0,18,17,1,0,0,1,0
60,RL,73.0,9066,Pave,None,IR1,Lvl,AllPub,Inside,Gtl,CollgCr,Norm,Norm,1Fam,2Story,8,5,1999,2000,Gable,CompShg,VinylSd,VinylSd,BrkFace,320.0,4,3,PConc,Gd,TA,Mn,GLQ,668,Unf,0,336,1004,GasA,5,Y,SBrkr,1004,848,0,1852,0,0,2,1,3,1,4,7,Typ,2,3,Attchd,1999.0,Fin,3,660,3,3,Y,224,106,0,0,0,0,0,GdPrv,None,0,12,2008,WD,Normal,230000,2856,2.5,9,8,1,330,0,1,1
60,RL,65.0,15426,Pave,None,IR1,Lvl,AllPub,Inside,Gtl,CollgCr,Norm,Norm,1Fam,2Story,6,5,1997,1997,Gable,CompShg,VinylSd,VinylSd,None,0.0,3,3,PConc,Gd,TA,No,GLQ,821,Unf,0,107,928,GasA,5,Y,SBrkr,928,836,0,1764,1,0,2,1,3,1,4,7,Typ,0,0,Attchd,1997.0,RFn,2,470,3,3,Y,276,99,0,0,0,0,0,MnPrv,None,0,8,2009,WD,Normal,231500,2692,3.5,12,12,0,375,0,1,0
20,RL,70.0,10500,Pave,None,Reg,Lvl,AllPub,FR2,Gtl,NAmes,Norm,Norm,1Fam,1Story,4,5,1971,1971,Gable,CompShg,HdBoard,HdBoard,None,0.0,3,3,CBlock,TA,TA,No,ALQ,432,Unf,0,432,864,GasA,3,Y,SBrkr,864,0,0,864,0,0,1,0,3,1,3,5,Typ,1,1,None,0.0,None,0,0,0,0,Y,0,0,0,0,0,0,0,None,None,0,4,2010,ConLI,Normal,115000,1728,1.0,39,39,0,0,0,0,1
20,RL,78.0,11645,Pave,None,Reg,Lvl,AllPub,Inside,Gtl,CollgCr,Norm,Norm,1Fam,1Story,7,5,2005,2005,Gable,CompShg,VinylSd,VinylSd,None,0.0,4,3,PConc,Gd,TA,Av,GLQ,1300,Unf,0,434,1734,GasA,5,Y,SBrkr,1734,0,0,1734,1,0,2,0,3,1,4,7,Typ,0,0,Attchd,2005.0,Fin,2,660,3,3,Y,160,24,0,0,0,0,0,None,None,0,1,2006,WD,Normal,260000,3468,3.0,1,1,0,184,0,1,0
50,RL,71.0,8520,Pave,None,Reg,Lvl,AllPub,Corner,Gtl,NAmes,Artery,Norm,1Fam,1.5Fin,5,4,1952,1952,Gable,CompShg,BrkFace,Wd Sdng,None,0.0,3,2,CBlock,TA,TA,No,Rec,507,Unf,0,403,910,GasA,2,Y,SBrkr,910,475,0,1385,0,0,2,0,4,1,3,6,Typ,0,0,Detchd,2000.0,Unf,2,720,3,3,Y,0,0,0,0,0,0,0,MnPrv,None,0,6,2010,WD,Normal,166000,2295,2.0,58,58,0,0,0,1,0
20,RL,78.0,10335,Pave,None,IR1,Lvl,AllPub,Inside,Gtl,CollgCr,Norm,Norm,1Fam,1Story,7,5,1999,1999,Gable,CompShg,VinylSd,VinylSd,BrkFace,183.0,4,3,PConc,Gd,TA,Gd,GLQ,679,Unf,0,811,1490,GasA,5,Y,SBrkr,1501,0,0,1501,1,0,2,0,3,1,4,6,Typ,0,0,Attchd,1999.0,RFn,2,577,3,3,Y,144,29,0,0,0,0,0,None,None,0,6,2009,WD,Normal,204000,2991,3.0,10,10,0,173,0,1,0
90,RM,70.0,9100,Pave,None,Reg,Lvl,AllPub,Inside,Gtl,Sawyer,RRAe,Norm,Duplex,1Story,5,5,1963,1963,Gable,CompShg,HdBoard,HdBoard,BrkFace,336.0,3,3,CBlock,TA,TA,No,Rec,1332,Unf,0,396,1728,GasA,3,Y,SBrkr,1728,0,0,1728,1,0,2,0,6,2,3,10,Typ,0,0,Detchd,1963.0,Unf,2,504,3,3,Y,0,0,0,0,0,0,0,None,None,0,11,2006,ConLI,Abnorml,125000,3456,3.0,43,43,0,0,0,1,0
160,RM,24.0,2522,Pave,None,Reg,Lvl,AllPub,Inside,Gtl,Edwards,Norm,Norm,Twnhs,2Story,6,5,2004,2006,Gable,CompShg,VinylSd,VinylSd,Stone,50.0,4,3,PConc,Gd,TA,No,Unf,0,Unf,0,970,970,GasA,5,Y,SBrkr,970,739,0,1709,0,0,2,0,3,1,4,7,Maj1,0,0,Detchd,2004.0,Unf,2,380,3,3,Y,0,40,0,0,0,0,0,None,None,0,4,2006,WD,Normal,130000,2679,2.0,2,0,1,40,0,1,0
30,RM,51.0,6120,Pave,None,Reg,Lvl,AllPub,Corner,Gtl,BrkSide,Norm,Norm,1Fam,1Story,5,7,1931,1993,Gable,CompShg,Wd Sdng,Wd Sdng,None,0.0,3,3,BrkTil,TA,TA,No,BLQ,209,Unf,0,506,715,GasA,3,Y,FuseA,875,0,0,875,1,0,1,0,2,1,3,5,Typ,0,0,Detchd,1931.0,Unf,1,180,2,3,Y,48,0,0,0,0,0,0,None,None,0,11,2009,WD,Normal,105000,1590,2.0,78,16,1,48,0,1,0
60,RL,65.0,9505,Pave,None,IR1,Lvl,AllPub,CulDSac,Gtl,Gilbert,Norm,Norm,1Fam,2Story,7,5,2001,2001,Gable,CompShg,VinylSd,VinylSd,BrkFace,180.0,4,3,PConc,Gd,TA,No,Unf,0,Unf,0,884,884,GasA,5,Y,SBrkr,884,1151,0,2035,0,0,2,1,3,1,4,8,Typ,1,4,BuiltIn,2001.0,Fin,2,434,3,3,Y,144,48,0,0,0,0,0,None,None,0,5,2010,WD,Normal,222500,2919,2.5,9,9,0,192,0,1,1
20,RL,63.0,7500,Pave,None,Reg,Lvl,AllPub,Inside,Gtl,SawyerW,Norm,Norm,1Fam,1Story,7,5,2004,2005,Gable,CompShg,VinylSd,VinylSd,BrkFace,120.0,3,3,PConc,Gd,TA,No,GLQ,680,Unf,0,400,1080,GasA,5,Y,SBrkr,1080,0,0,1080,1,0,1,0,3,1,4,6,Typ,0,0,None,0.0,None,0,0,0,0,Y,0,0,0,0,0,0,0,None,None,0,4,2008,WD,Normal,141000,2160,2.0,4,3,1,0,0,0,0
50,RM,52.0,6240,Pave,None,Reg,Lvl,AllPub,Inside,Gtl,BrkSide,Norm,Norm,1Fam,1.5Fin,5,4,1936,1950,Gable,CompShg,MetalSd,MetalSd,None,0.0,3,3,BrkTil,Gd,TA,No,Unf,0,Unf,0,896,896,GasA,4,Y,FuseA,896,448,0,1344,0,0,1,0,3,1,3,7,Typ,0,0,Detchd,1936.0,Unf,1,240,2,3,Y,200,114,0,0,0,0,0,None,None,0,4,2006,WD,Normal,115000,2240,1.0,70,56,1,314,0,1,0
20,RL,120.0,10356,Pave,None,Reg,Lvl,AllPub,Corner,Gtl,CollgCr,Norm,Norm,1Fam,1Story,5,6,1975,1975,Gable,CompShg,HdBoard,HdBoard,None,0.0,3,3,CBlock,TA,TA,Av,BLQ,716,Unf,0,253,969,GasA,3,Y,SBrkr,969,0,0,969,0,0,1,1,3,1,3,5,Typ,0,0,Attchd,1975.0,Unf,2,440,3,3,Y,0,0,0,0,0,0,0,MnPrv,None,0,1,2007,WD,Normal,122000,1938,1.5,32,32,0,0,0,1,0
20,RL,107.0,13891,Pave,None,Reg,Lvl,AllPub,Inside,Gtl,NridgHt,Norm,Norm,1Fam,1Story,8,5,2007,2008,Hip,CompShg,VinylSd,VinylSd,Stone,436.0,4,3,PConc,Ex,TA,Gd,GLQ,1400,Unf,0,310,1710,GasA,5,Y,SBrkr,1710,0,0,1710,1,0,2,0,2,1,4,6,Typ,1,4,Attchd,2007.0,RFn,3,866,3,3,Y,0,102,0,0,0,0,0,None,None,0,1,2008,New,Partial,372402,3420,3.0,1,0,1,102,0,1,1
60,RL,80.0,14803,Pave,None,IR1,Lvl,AllPub,CulDSac,Gtl,NWAmes,Norm,Norm,1Fam,2Story,6,5,1971,1971,Gable,CompShg,HdBoard,HdBoard,BrkFace,252.0,3,3,CBlock,TA,TA,No,Rec,416,Unf,0,409,825,GasA,4,Y,SBrkr,1097,896,0,1993,0,0,2,1,4,1,3,8,Typ,1,4,Attchd,1971.0,RFn,2,495,3,3,Y,0,66,0,0,0,0,0,GdWo,None,0,6,2006,WD,Normal,190000,2818,2.5,35,35,0,66,0,1,1
20,RL,80.0,13500,Pave,None,Reg,Lvl,AllPub,Inside,Gtl,ClearCr,Norm,Norm,1Fam,1Story,6,7,1960,1975,Flat,CompShg,BrkFace,Plywood,None,0.0,3,3,CBlock,Gd,TA,Gd,BLQ,429,ALQ,1080,93,1602,GasA,4,Y,SBrkr,1252,0,0,1252,1,0,1,0,1,1,3,4,Typ,1,4,Attchd,1960.0,RFn,2,564,3,3,Y,409,0,0,0,0,0,0,None,None,0,3,2008,WD,Normal,235000,2854,2.0,48,33,1,409,0,1,1
30,RM,84.0,11340,Pave,None,Reg,Lvl,AllPub,Corner,Gtl,OldTown,Norm,Norm,1Fam,1Story,6,5,1923,1950,Gable,CompShg,Wd Sdng,Wd Sdng,None,0.0,3,3,BrkTil,TA,TA,No,Unf,0,Unf,0,1200,1200,GasA,3,Y,FuseA,1200,0,0,1200,0,0,1,0,4,1,3,7,Typ,0,0,Detchd,1923.0,Unf,1,312,2,2,Y,0,0,228,0,0,0,0,None,None,0,3,2006,WD,Family,125000,2400,1.0,83,56,1,228,0,1,0
50,RL,60.0,9600,Pave,None,Reg,Lvl,AllPub,Corner,Gtl,Edwards,Artery,Norm,1Fam,1.5Fin,6,5,1924,1950,Gable,CompShg,Wd Sdng,Wd Sdng,None,0.0,3,3,BrkTil,TA,TA,No,Unf,0,Unf,0,572,572,Grav,2,N,FuseF,572,524,0,1096,0,0,1,0,2,1,3,5,Typ,0,0,None,0.0,None,0,0,0,0,N,0,8,128,0,0,0,0,None,None,0,4,2008,WD,Normal,79000,1668,1.0,84,58,1,136,0,0,0
20,RL,60.0,7200,Pave,None,Reg,Lvl,AllPub,Inside,Gtl,NAmes,Norm,Norm,1Fam,1Story,5,7,1950,1950,Hip,CompShg,Wd Sdng,Wd Sdng,None,0.0,3,3,CBlock,None,None,None,None,0,None,0,0,0,GasA,3,Y,FuseF,1040,0,0,1040,0,0,1,0,2,1,3,5,Typ,0,0,Detchd,1950.0,Unf,2,625,3,3,Y,0,0,0,0,0,0,0,None,None,0,6,2006,WD,Normal,109500,1040,1.0,56,56,0,0,0,1,0
60,RL,92.0,12003,Pave,None,Reg,Lvl,AllPub,Corner,Gtl,Timber,Norm,Norm,1Fam,2Story,8,5,2009,2010,Gable,CompShg,VinylSd,VinylSd,BrkFace,84.0,4,3,PConc,Ex,TA,No,Unf,0,Unf,0,774,774,GasA,5,Y,SBrkr,774,1194,0,1968,0,0,2,1,4,1,5,8,Typ,1,4,BuiltIn,2009.0,Fin,3,680,3,3,Y,0,75,0,0,0,0,0,None,None,0,5,2010,New,Partial,269500,2742,2.5,1,0,1,75,0,1,1
60,FV,100.0,12552,Pave,None,Reg,Lvl,AllPub,Corner,Gtl,Somerst,Norm,Norm,1Fam,2Story,7,5,2004,2005,Gable,CompShg,VinylSd,VinylSd,None,0.0,4,3,PConc,Gd,TA,No,GLQ,222,Unf,0,769,991,GasA,5,Y,SBrkr,991,956,0,1947,0,0,2,1,3,1,4,8,Typ,1,4,Attchd,2004.0,RFn,2,678,3,3,Y,0,136,0,0,0,0,0,GdWo,None,0,5,2010,WD,Normal,254900,2938,2.5,6,5,1,136,0,1,1
60,RL,134.0,19378,Pave,None,IR1,HLS,AllPub,Corner,Gtl,Gilbert,Norm,Norm,1Fam,2Story,7,5,2005,2006,Gable,CompShg,VinylSd,VinylSd,BrkFace,456.0,4,3,PConc,Gd,TA,Mn,GLQ,57,Unf,0,1335,1392,GasA,5,Y,SBrkr,1392,1070,0,2462,1,0,2,1,4,1,4,9,Typ,1,4,Attchd,2006.0,RFn,2,576,3,3,Y,239,132,0,168,0,0,0,None,None,0,3,2006,New,Partial,320000,3854,3.5,1,0,1,539,0,1,1
20,RL,68.0,11120,Pave,None,IR1,Lvl,AllPub,CulDSac,Gtl,Veenker,Norm,Norm,1Fam,1Story,6,6,1984,1984,Gable,CompShg,Plywood,Plywood,None,0.0,3,3,PConc,Gd,TA,No,BLQ,660,Unf,0,572,1232,GasA,3,Y,SBrkr,1232,0,0,1232,0,0,2,0,3,1,3,6,Typ,0,0,Attchd,1984.0,Unf,2,516,3,3,Y,0,0,0,0,0,0,0,None,None,0,6,2008,WD,Normal,162500,2464,2.0,24,24,0,0,0,1,0
60,RL,110.0,13688,Pave,None,IR1,Lvl,AllPub,Inside,Gtl,NridgHt,Norm,Norm,1Fam,2Story,9,5,2003,2004,Gable,CompShg,VinylSd,VinylSd,BrkFace,664.0,4,3,PConc,Ex,TA,Av,GLQ,1016,Unf,0,556,1572,GasA,5,Y,SBrkr,1572,1096,0,2668,1,0,2,1,3,1,5,10,Typ,2,4,BuiltIn,2003.0,Fin,3,726,3,3,Y,400,0,0,0,0,0,0,None,None,0,3,2008,WD,Normal,412500,4240,3.5,5,4,1,400,0,1,1
20,RL,95.0,12182,Pave,None,Reg,Lvl,AllPub,Corner,Gtl,NridgHt,Norm,Norm,1Fam,1Story,7,5,2005,2005,Gable,CompShg,VinylSd,VinylSd,BrkFace,226.0,4,3,PConc,Gd,TA,Mn,BLQ,1201,Unf,0,340,1541,GasA,5,Y,SBrkr,1541,0,0,1541,0,0,2,0,3,1,4,7,Typ,1,4,Attchd,2005.0,RFn,2,532,3,3,Y,0,70,0,0,0,0,0,None,None,0,5,2010,New,Partial,220000,3082,2.0,5,5,0,70,0,1,1
45,RL,55.0,5500,Pave,None,Reg,Lvl,AllPub,Inside,Gtl,OldTown,Norm,Norm,1Fam,1.5Unf,4,6,1956,1956,Gable,CompShg,MetalSd,MetalSd,None,0.0,3,3,CBlock,TA,TA,No,Unf,0,Unf,0,882,882,GasA,5,Y,SBrkr,882,0,0,882,0,0,1,0,1,1,3,4,Typ,0,0,None,0.0,None,0,0,0,0,Y,0,0,0,0,0,0,0,MnPrv,None,0,4,2007,WD,Normal,103200,1764,1.0,51,51,0,0,0,0,0
40,RM,40.0,5400,Pave,Pave,Reg,Lvl,AllPub,Corner,Gtl,OldTown,Norm,Norm,1Fam,1Story,6,7,1926,2004,Gable,CompShg,MetalSd,MetalSd,None,0.0,3,4,BrkTil,TA,TA,Mn,LwQ,370,Unf,0,779,1149,GasA,4,Y,FuseA,1149,467,0,1616,0,0,2,0,3,1,4,5,Typ,0,0,Detchd,1926.0,Unf,1,216,3,3,Y,0,0,183,0,0,0,0,None,None,0,10,2007,WD,Normal,152000,2765,2.0,81,3,1,183,0,1,0
190,RL,62.0,10106,Pave,None,Reg,Lvl,AllPub,Inside,Gtl,Edwards,Norm,Norm,2fmCon,1.5Fin,5,7,1940,1999,Gable,CompShg,Wd Sdng,Wd Sdng,None,0.0,3,4,BrkTil,TA,TA,No,ALQ,351,Rec,181,112,644,GasA,4,Y,SBrkr,808,547,0,1355,1,0,2,0,4,2,3,6,Typ,0,0,None,0.0,None,0,0,0,0,Y,140,0,0,0,0,0,0,None,None,0,9,2008,WD,Normal,127500,1999,3.0,68,9,1,140,0,0,0
20,RL,80.0,10708,Pave,None,IR1,Lvl,AllPub,Inside,Gtl,ClearCr,Norm,Norm,1Fam,1Story,5,5,1955,1993,Hip,CompShg,Wd Sdng,Wd Sdng,None,0.0,4,3,CBlock,TA,TA,No,LwQ,379,BLQ,768,470,1617,GasA,5,Y,FuseA,1867,0,0,1867,1,0,1,0,2,1,3,7,Typ,3,4,Attchd,1955.0,Fin,1,303,3,3,Y,476,0,0,0,142,0,0,GdWo,None,0,11,2009,COD,Normal,190000,3484,2.0,54,16,1,618,0,1,1
60,RL,86.0,10562,Pave,None,Reg,Lvl,AllPub,Inside,Gtl,NridgHt,Norm,Norm,1Fam,2Story,8,5,2007,2007,Gable,CompShg,VinylSd,VinylSd,Stone,300.0,4,3,PConc,Ex,TA,No,GLQ,1288,Unf,0,294,1582,GasA,5,Y,SBrkr,1610,551,0,2161,1,0,1,1,3,1,5,8,Typ,1,4,Attchd,2007.0,Fin,3,789,3,3,Y,178,120,0,0,0,0,0,None,None,0,11,2007,New,Partial,325624,3743,2.5,0,0,0,298,0,1,1
60,RL,62.0,8244,Pave,None,IR1,Lvl,AllPub,Inside,Gtl,Gilbert,Norm,Norm,1Fam,2Story,7,5,2004,2004,Gable,CompShg,VinylSd,VinylSd,None,0.0,4,3,PConc,Gd,TA,No,Unf,0,Unf,0,840,840,GasA,5,Y,SBrkr,840,880,0,1720,0,0,2,1,3,1,4,7,Typ,1,4,Attchd,2004.0,Fin,2,440,3,3,Y,100,48,0,0,0,0,0,None,None,0,5,2007,WD,Normal,183500,2560,2.5,3,3,0,148,0,1,1
20,RL,85.0,16669,Pave,None,IR1,Lvl,AllPub,Corner,Gtl,Timber,Norm,Norm,1Fam,1Story,8,6,1981,1981,Hip,WdShake,Plywood,Plywood,BrkFace,653.0,4,3,CBlock,Gd,TA,No,Unf,0,Unf,0,1686,1686,GasA,3,Y,SBrkr,1707,0,0,1707,0,0,2,1,2,1,3,6,Typ,1,3,Attchd,1981.0,RFn,2,511,3,3,Y,574,64,0,0,0,0,0,None,None,0,1,2006,WD,Normal,228000,3393,2.5,25,25,0,638,0,1,1
50,RM,60.0,12358,Pave,None,IR1,Lvl,AllPub,Inside,Gtl,OldTown,Feedr,Norm,1Fam,1.5Fin,5,6,1941,1950,Gable,CompShg,MetalSd,MetalSd,None,0.0,3,3,CBlock,TA,TA,No,Rec,360,Unf,0,360,720,GasA,3,Y,SBrkr,854,0,528,1382,0,0,1,1,2,1,3,7,Typ,0,0,Detchd,1991.0,Unf,2,660,3,3,Y,237,0,0,0,0,0,0,None,None,0,5,2007,WD,Normal,128500,1574,1.5,66,57,1,237,0,1,0
20,RL,141.0,31770,Pave,None,IR1,Lvl,AllPub,Corner,Gtl,NAmes,Norm,Norm,1Fam,1Story,6,5,1960,1960,Hip,CompShg,BrkFace,Plywood,Stone,112.0,3,3,CBlock,TA,Gd,Gd,BLQ,639,Unf,0,441,1080,GasA,2,Y,SBrkr,1656,0,0,1656,1,0,1,0,3,1,3,7,Typ,2,4,Attchd,1960.0,Fin,2,528,3,3,P,210,62,0,0,0,0,0,None,None,0,5,2010,WD,Normal,215000,2736,2.0,50,50,0,272,0,1,1
160,RL,44.0,5306,Pave,None,IR1,Lvl,AllPub,Inside,Gtl,StoneBr,Norm,Norm,TwnhsE,2Story,7,7,1987,1987,Gable,CompShg,HdBoard,HdBoard,None,0.0,4,4,PConc,Gd,Gd,No,GLQ,495,Rec,215,354,1064,GasA,4,Y,SBrkr,1064,703,0,1767,1,0,2,0,2,1,4,5,Typ,1,3,Attchd,1987.0,RFn,2,504,4,3,Y,441,35,0,0,0,0,0,None,None,0,6,2006,WD,Normal,239000,2831,3.0,19,19,0,476,0,1,1
20,RL,80.0,10197,Pave,None,IR1,Lvl,AllPub,Inside,Gtl,NAmes,Norm,Norm,1Fam,1Story,6,5,1961,1961,Gable,CompShg,WdShing,Wd Shng,BrkCmn,491.0,3,3,CBlock,TA,TA,No,ALQ,288,Rec,374,700,1362,GasA,3,Y,SBrkr,1362,0,0,1362,1,0,1,1,3,1,3,6,Typ,1,3,Attchd,1961.0,Unf,2,504,3,3,Y,0,20,0,0,0,0,0,None,None,0,6,2008,COD,Normal,163000,2724,2.5,47,47,0,20,0,1,1
20,RL,47.0,12416,Pave,None,IR1,Lvl,AllPub,Inside,Gtl,Timber,Norm,Norm,1Fam,1Story,6,5,1986,1986,Gable,CompShg,VinylSd,Plywood,Stone,132.0,3,3,CBlock,Gd,Fa,No,ALQ,1398,LwQ,208,0,1606,GasA,3,Y,SBrkr,1651,0,0,1651,1,0,2,0,3,1,3,7,Min2,1,3,Attchd,1986.0,Fin,2,616,3,3,Y,192,0,0,0,0,0,0,None,None,0,11,2008,WD,Normal,184000,3257,3.0,22,22,0,192,0,1,1
20,RL,84.0,12615,Pave,None,Reg,Lvl,AllPub,Corner,Gtl,Edwards,Norm,Norm,1Fam,1Story,6,7,1950,2001,Gable,CompShg,WdShing,Wd Shng,None,0.0,3,3,CBlock,TA,Gd,Av,ALQ,477,Unf,0,725,1202,GasA,3,Y,SBrkr,2158,0,0,2158,1,0,2,0,4,1,4,7,Typ,1,4,Attchd,1950.0,Unf,2,576,3,3,Y,0,29,39,0,0,0,0,MnPrv,None,0,6,2007,WD,Normal,243000,3360,3.0,57,6,1,68,0,1,1
60,RL,97.0,10029,Pave,None,IR1,Lvl,AllPub,Corner,Gtl,ClearCr,Norm,Norm,1Fam,2Story,6,5,1988,1989,Gable,CompShg,Plywood,Plywood,BrkFace,268.0,4,3,PConc,Gd,TA,No,GLQ,831,Unf,0,320,1151,GasA,3,Y,SBrkr,1164,896,0,2060,0,1,2,1,4,1,3,8,Typ,1,3,Attchd,1988.0,Unf,2,521,3,3,Y,0,228,0,0,192,0,0,None,None,0,9,2007,WD,Normal,211000,3211,3.0,19,18,1,420,0,1,1
50,RL,71.0,13650,Pave,None,Reg,Lvl,AllPub,Inside,Gtl,Sawyer,Norm,Norm,1Fam,1.5Fin,5,5,1958,1958,Gable,CompShg,MetalSd,MetalSd,None,0.0,4,4,CBlock,TA,TA,No,ALQ,57,BLQ,441,554,1052,GasA,5,Y,SBrkr,1252,668,0,1920,1,0,2,0,4,1,4,8,Typ,1,4,Attchd,1958.0,Unf,2,451,3,3,Y,0,0,0,0,0,0,0,None,None,0,7,2006,WD,Normal,172500,2972,3.0,48,48,0,0,0,1,1
20,RL,63.0,17423,Pave,None,IR1,Lvl,AllPub,CulDSac,Gtl,StoneBr,Norm,Norm,1Fam,1Story,9,5,2008,2009,Hip,CompShg,VinylSd,VinylSd,Stone,748.0,5,3,PConc,Ex,TA,No,GLQ,1904,Unf,0,312,2216,GasA,5,Y,SBrkr,2234,0,0,2234,1,0,2,0,1,1,5,9,Typ,1,4,Attchd,2009.0,Fin,3,1166,3,3,Y,0,60,0,0,0,0,0,None,None,0,7,2009,New,Partial,501837,4450,3.0,1,0,1,60,0,1,1
30,RM,60.0,8520,Pave,None,Reg,Lvl,AllPub,Inside,Gtl,OldTown,Norm,Norm,1Fam,1Story,5,6,1923,2006,Gable,CompShg,Wd Sdng,Wd Sdng,None,0.0,4,3,CBlock,TA,TA,No,Unf,0,Unf,0,968,968,GasA,3,Y,SBrkr,968,0,0,968,0,0,1,0,2,1,3,5,Typ,0,0,Detchd,1935.0,Unf,2,480,2,3,N,0,0,184,0,0,0,0,None,None,0,7,2007,WD,Normal,100000,1936,1.0,84,1,1,184,0,1,0
160,FV,73.5,2117,Pave,None,Reg,Lvl,AllPub,Inside,Gtl,Somerst,Norm,Norm,Twnhs,2Story,6,5,2000,2000,Gable,CompShg,MetalSd,MetalSd,BrkFace,456.0,4,3,PConc,Gd,TA,No,GLQ,436,Unf,0,320,756,GasA,5,Y,SBrkr,769,756,0,1525,0,0,2,1,3,1,4,5,Typ,1,3,Detchd,2000.0,Unf,2,440,3,3,Y,0,0,0,0,0,0,0,None,None,0,6,2007,WD,Normal,177000,2281,2.5,7,7,0,0,0,1,1
70,RL,54.0,7588,Pave,None,Reg,Lvl,AllPub,Inside,Gtl,Crawfor,Norm,Norm,1Fam,2Story,7,6,1920,1950,Gable,CompShg,Stucco,Stucco,None,0.0,3,3,BrkTil,Fa,TA,No,LwQ,352,Unf,0,441,793,GasA,4,Y,SBrkr,901,901,0,1802,0,0,1,1,4,1,3,9,Typ,1,4,Detchd,1920.0,Unf,1,216,2,3,Y,0,0,40,0,0,0,0,None,None,0,7,2006,WD,Normal,200100,2595,1.5,86,56,1,40,0,1,1
20,RL,60.0,9060,Pave,None,Reg,Lvl,AllPub,Inside,Gtl,Edwards,Artery,Norm,1Fam,1Story,5,6,1957,2006,Hip,CompShg,Wd Sdng,Wd Sdng,BrkFace,98.0,3,3,PConc,None,None,None,None,0,None,0,0,0,GasA,5,Y,SBrkr,1340,0,0,1340,0,0,1,0,3,1,3,7,Typ,1,4,Attchd,1957.0,RFn,1,252,3,3,Y,116,0,0,180,0,0,0,MnPrv,None,0,6,2007,WD,Normal,120000,1340,1.0,50,1,1,296,0,1,1
50,RM,63.0,11426,Pave,None,Reg,Lvl,AllPub,Inside,Gtl,OldTown,Norm,Norm,1Fam,1.5Fin,7,5,2003,2003,Gable,CompShg,VinylSd,VinylSd,None,0.0,3,3,PConc,Gd,TA,No,Unf,0,Unf,0,1362,1362,GasA,5,Y,SBrkr,1362,720,0,2082,0,0,2,1,3,1,4,6,Mod,0,0,Detchd,2003.0,Unf,2,484,3,3,N,280,238,0,0,0,0,0,None,None,0,6,2008,WD,Normal,200000,3444,2.5,5,5,0,518,0,1,0
50,RL,92.0,7438,Pave,None,IR1,Lvl,AllPub,Inside,Gtl,BrkSide,RRAn,Feedr,1Fam,1.5Fin,5,8,1908,1991,Gable,CompShg,AsbShng,Plywood,None,0.0,3,3,PConc,Fa,TA,No,Unf,0,Unf,0,504,504,GasA,4,Y,SBrkr,936,316,0,1252,0,0,1,0,3,1,3,5,Typ,0,0,Attchd,1986.0,Unf,2,576,3,3,Y,104,0,0,0,0,0,0,MnPrv,None,0,6,2006,WD,Normal,127000,1756,1.0,98,15,1,104,0,1,0
75,RM,90.0,22950,Pave,None,IR2,Lvl,AllPub,Inside,Gtl,OldTown,Artery,Norm,1Fam,2.5Fin,10,9,1892,1993,Gable,WdShngl,Wd Sdng,Wd Sdng,None,0.0,4,4,BrkTil,TA,TA,Mn,Unf,0,Unf,0,1107,1107,GasA,5,Y,SBrkr,1518,1518,572,3608,0,0,2,1,4,1,5,12,Typ,2,3,Detchd,1993.0,Unf,3,840,5,3,Y,0,260,0,0,410,0,0,GdPrv,None,0,6,2006,WD,Normal,475000,4143,2.5,114,13,1,670,0,1,1
80,RL,73.0,9947,Pave,None,IR1,Lvl,AllPub,CulDSac,Gtl,Mitchel,Norm,Norm,1Fam,SLvl,7,5,1990,1991,Gable,CompShg,HdBoard,HdBoard,None,0.0,3,3,PConc,Gd,TA,Av,GLQ,611,Unf,0,577,1188,GasA,5,Y,SBrkr,1217,0,0,1217,1,0,2,0,3,1,4,6,Typ,0,0,Attchd,1990.0,Unf,2,497,3,3,Y,168,27,0,0,0,0,0,GdPrv,None,0,6,2009,WD,Normal,173000,2405,3.0,19,18,1,195,0,1,0
50,RL,60.0,10410,Pave,None,Reg,Lvl,AllPub,Inside,Gtl,OldTown,Norm,Norm,1Fam,1.5Fin,5,7,1916,1987,Gable,CompShg,HdBoard,HdBoard,None,0.0,3,3,CBlock,Fa,TA,No,Unf,0,Unf,0,660,660,GasA,5,Y,SBrkr,808,704,144,1656,0,0,2,1,3,1,3,8,Min2,0,0,Detchd,1916.0,Unf,1,180,2,2,N,0,0,0,140,0,0,0,MnPrv,None,0,8,2009,WD,Normal,135000,2172,2.5,93,22,1,140,0,1,0
90,RL,64.0,7018,Pave,None,Reg,Bnk,AllPub,Inside,Gtl,SawyerW,Feedr,Norm,Duplex,SFoyer,5,5,1979,1979,Gable,CompShg,Plywood,Plywood,Stone,275.0,3,3,CBlock,Gd,TA,Av,GLQ,1086,Unf,0,0,1086,GasA,3,Y,SBrkr,1224,0,0,1224,2,0,0,2,2,2,3,6,Typ,2,3,Detchd,1979.0,Unf,2,528,3,3,Y,120,0,0,0,0,0,0,None,None,0,6,2009,WD,Alloca,153337,2310,3.0,30,30,0,120,0,1,1
120,RL,41.0,4923,Pave,None,Reg,Lvl,AllPub,Inside,Gtl,StoneBr,Norm,Norm,TwnhsE,1Story,8,5,2001,2002,Gable,CompShg,CemntBd,CmentBd,None,0.0,4,3,PConc,Ex,TA,Av,GLQ,1153,Unf,0,440,1593,GasA,5,Y,SBrkr,1593,0,0,1593,1,0,1,1,0,1,5,5,Typ,1,4,Attchd,2001.0,Fin,2,682,3,3,Y,0,120,0,0,224,0,0,None,None,0,8,2008,WD,Normal,286000,3186,2.5,7,6,1,344,0,1,1
70,RL,70.0,10570,Pave,None,Reg,Bnk,AllPub,Inside,Mod,Crawfor,Norm,Norm,1Fam,2Story,8,8,1932,1994,Hip,CompShg,BrkFace,BrkFace,None,0.0,4,3,CBlock,Gd,Gd,No,Rec,297,Unf,0,556,853,GasA,3,Y,SBrkr,1549,1178,0,2727,0,0,2,1,3,1,4,10,Maj1,2,3,Detchd,1932.0,Unf,2,440,3,3,Y,0,74,0,0,0,0,0,None,None,0,12,2007,WD,Normal,315000,3580,2.5,75,13,1,74,0,1,1
60,RL,73.0,7472,Pave,None,IR1,Lvl,AllPub,CulDSac,Gtl,NAmes,Norm,Norm,1Fam,2Story,7,9,1972,2004,Gable,CompShg,HdBoard,HdBoard,BrkFace,138.0,3,3,CBlock,TA,TA,No,ALQ,626,Unf,0,99,725,GasA,4,Y,SBrkr,725,754,0,1479,1,0,1,1,4,1,4,7,Typ,0,0,Attchd,1972.0,Fin,2,484,3,3,Y,0,32,0,0,0,0,0,None,None,0,6,2007,WD,Normal,184000,2204,2.5,35,3,1,32,0,1,0
20,RL,68.0,9017,Pave,None,IR1,Lvl,AllPub,Inside,Gtl,CollgCr,Norm,Norm,1Fam,1Story,7,5,1999,1999,Gable,CompShg,VinylSd,VinylSd,None,0.0,4,3,PConc,Gd,TA,Av,GLQ,560,Unf,0,871,1431,GasA,5,Y,SBrkr,1431,0,0,1431,1,0,2,0,3,1,4,6,Typ,0,0,Attchd,1999.0,Fin,2,666,3,3,Y,0,35,0,0,0,0,0,None,None,0,9,2009,WD,Normal,192000,2862,3.0,10,10,0,35,0,1,0
160,RM,24.0,2522,Pave,None,Reg,Lvl,AllPub,Inside,Gtl,Edwards,Norm,Norm,Twnhs,2Story,7,5,2004,2004,Gable,CompShg,VinylSd,VinylSd,Stone,50.0,4,3,PConc,Gd,TA,No,Unf,0,Unf,0,970,970,GasA,5,Y,SBrkr,970,739,0,1709,0,0,2,0,3,1,4,7,Maj1,0,0,Detchd,2004.0,Unf,2,380,3,3,Y,0,40,0,0,0,0,0,None,None,0,5,2006,WD,Normal,130000,2679,2.0,2,2,0,40,0,1,0
20,RL,60.0,7180,Pave,None,IR1,Lvl,AllPub,Inside,Gtl,CollgCr,Norm,Norm,1Fam,1Story,5,7,1972,1972,Hip,CompShg,HdBoard,HdBoard,None,0.0,3,3,CBlock,TA,TA,Av,ALQ,390,Unf,0,474,864,GasA,3,Y,SBrkr,864,0,0,864,0,0,1,0,3,1,3,5,Typ,0,0,Detchd,1989.0,Unf,1,352,3,3,Y,0,0,0,0,0,0,0,None,None,0,5,2008,WD,Normal,127000,1728,1.0,36,36,0,0,0,1,0
160,RL,24.0,2280,Pave,None,Reg,Lvl,AllPub,FR2,Gtl,NPkVill,Norm,Norm,Twnhs,2Story,6,6,1976,1976,Gable,CompShg,Plywood,Brk Cmn,None,0.0,3,3,CBlock,Gd,TA,No,ALQ,566,Unf,0,289,855,GasA,3,Y,SBrkr,855,601,0,1456,0,0,2,1,3,1,3,7,Typ,1,3,Attchd,1976.0,Unf,2,440,3,3,Y,87,0,0,0,0,0,0,None,None,0,7,2009,WD,Normal,148500,2311,2.5,33,33,0,87,0,1,1
20,RL,79.0,9416,Pave,None,Reg,Lvl,AllPub,Inside,Gtl,Somerst,Norm,Norm,1Fam,1Story,7,5,2007,2007,Hip,CompShg,CemntBd,CmentBd,Stone,205.0,5,3,PConc,Ex,TA,No,GLQ,1126,Unf,0,600,1726,GasA,5,Y,SBrkr,1726,0,0,1726,1,0,2,0,3,1,5,8,Typ,1,4,Attchd,2007.0,Fin,3,786,3,3,Y,171,138,0,0,266,0,0,None,None,0,9,2007,New,Partial,311872,3452,3.0,0,0,0,575,0,1,1
75,RL,174.0,25419,Pave,None,Reg,Lvl,AllPub,Corner,Gtl,NAmes,Artery,Norm,1Fam,2Story,8,4,1918,1990,Gable,CompShg,Stucco,Stucco,None,0.0,4,4,PConc,TA,TA,No,GLQ,1036,LwQ,184,140,1360,GasA,4,Y,SBrkr,1360,1360,392,3112,1,1,2,0,4,1,4,8,Typ,1,5,Detchd,1918.0,Unf,2,795,3,3,Y,0,16,552,0,0,512,5,GdPrv,None,0,3,2006,WD,Abnorml,235000,4080,3.5,88,16,1,568,1,1,1
75,RM,92.0,5520,Pave,None,Reg,Lvl,AllPub,Corner,Gtl,OldTown,Norm,Norm,1Fam,2.5Fin,6,6,1912,1950,Gable,CompShg,Wd Sdng,Wd Sdng,None,0.0,3,3,CBlock,TA,TA,No,Unf,0,Unf,0,755,755,GasA,5,Y,SBrkr,929,929,371,2229,0,0,1,0,5,1,3,8,Typ,0,0,None,0.0,None,0,0,0,0,Y,0,198,30,0,0,0,0,MnPrv,None,0,7,2009,WD,Abnorml,104000,2613,1.0,97,59,1,228,0,0,0
20,RL,76.0,9591,Pave,None,Reg,Lvl,AllPub,Inside,Gtl,NridgHt,Norm,Norm,1Fam,1Story,8,5,2004,2005,Hip,CompShg,VinylSd,VinylSd,BrkFace,262.0,4,3,PConc,Ex,TA,Av,GLQ,1088,Unf,0,625,1713,GasA,5,Y,SBrkr,1713,0,0,1713,1,0,2,0,3,1,5,7,Typ,1,4,Attchd,2004.0,Fin,3,856,3,3,Y,0,26,0,0,170,0,0,None,None,0,1,2009,WD,Normal,274900,3426,3.0,5,4,1,196,0,1,1
20,RM,80.0,8546,Pave,None,Reg,Lvl,AllPub,Corner,Gtl,Edwards,Norm,Norm,1Fam,1Story,4,5,2003,2004,Gable,CompShg,VinylSd,VinylSd,None,0.0,3,3,PConc,Gd,TA,No,Unf,0,Unf,0,1121,1121,GasA,5,Y,SBrkr,1121,0,0,1121,0,0,2,0,2,1,3,5,Typ,0,0,Attchd,2003.0,RFn,2,440,3,3,Y,132,64,0,0,0,0,0,None,None,0,3,2010,WD,Normal,140000,2242,2.0,7,6,1,196,0,1,0
20,RL,75.0,10125,Pave,None,Reg,Lvl,AllPub,Inside,Gtl,Mitchel,Norm,Norm,1Fam,1Story,6,6,1977,1977,Gable,CompShg,Plywood,Plywood,None,0.0,3,3,CBlock,TA,TA,No,ALQ,641,LwQ,279,276,1196,GasA,3,Y,SBrkr,1279,0,0,1279,0,1,2,0,3,1,3,6,Typ,2,2,Detchd,1980.0,Unf,2,473,3,3,Y,238,83,0,0,0,0,0,MnPrv,None,0,2,2008,WD,Normal,171500,2475,2.5,31,31,0,321,0,1,1
50,RL,50.0,7000,Pave,None,Reg,Lvl,AllPub,Corner,Gtl,OldTown,Artery,Norm,1Fam,1.5Fin,6,6,1924,1950,Gable,CompShg,MetalSd,MetalSd,None,0.0,3,4,BrkTil,Fa,TA,No,LwQ,617,Unf,0,0,617,GasA,4,Y,SBrkr,865,445,0,1310,0,0,2,0,2,1,3,6,Min1,0,0,Attchd,1924.0,Unf,1,398,3,3,Y,0,0,126,0,0,0,0,None,None,0,5,2006,COD,Normal,112000,1927,2.0,82,56,1,126,0,1,0
120,RM,70.0,4438,Pave,None,Reg,Lvl,AllPub,Inside,Gtl,CollgCr,Norm,Norm,TwnhsE,1Story,6,5,2004,2004,Gable,CompShg,VinylSd,VinylSd,BrkFace,205.0,4,3,PConc,Gd,TA,Av,GLQ,662,Unf,0,186,848,GasA,5,Y,SBrkr,848,0,0,848,1,0,1,0,1,1,4,3,Typ,1,4,Attchd,2004.0,RFn,2,420,3,3,Y,149,0,0,0,0,0,0,None,None,0,1,2008,WD,Normal,149000,1696,2.0,4,4,0,149,0,1,1
50,RM,50.0,3500,Pave,Grvl,Reg,Lvl,AllPub,Inside,Gtl,OldTown,Norm,Norm,1Fam,1.5Fin,5,7,1947,1950,Gable,CompShg,AsbShng,AsbShng,None,0.0,3,3,CBlock,TA,TA,No,LwQ,312,Unf,0,408,720,GasA,3,Y,SBrkr,720,564,0,1284,0,0,1,1,2,1,3,5,Typ,0,0,Detchd,1948.0,Unf,1,240,3,3,Y,0,35,0,0,0,0,0,MnWw,None,0,4,2009,WD,Normal,110000,2004,1.5,62,59,1,35,0,1,0
20,RL,99.0,11851,Pave,None,Reg,Lvl,AllPub,Corner,Gtl,Gilbert,Norm,Norm,1Fam,1Story,7,5,1990,1990,Gable,CompShg,HdBoard,HdBoard,None,0.0,3,3,PConc,Gd,TA,No,Unf,0,Unf,0,1424,1424,GasA,5,Y,SBrkr,1442,0,0,1442,0,0,2,0,3,1,3,5,Typ,0,0,Attchd,1990.0,RFn,2,500,3,3,Y,0,34,0,508,0,0,0,None,None,0,5,2009,WD,Normal,180500,2866,2.0,19,19,0,542,0,1,0
20,RL,40.0,13673,Pave,None,IR1,Lvl,AllPub,CulDSac,Gtl,Sawyer,RRAe,Norm,1Fam,1Story,5,5,1962,1962,Gable,CompShg,HdBoard,HdBoard,None,0.0,3,4,CBlock,TA,TA,No,Unf,0,Unf,0,1140,1140,GasA,3,Y,SBrkr,1696,0,0,1696,0,0,1,1,3,1,3,8,Min2,1,3,Attchd,1962.0,RFn,1,349,3,3,Y,0,30,0,0,0,0,0,None,None,0,3,2007,WD,Normal,143900,2836,1.5,45,45,0,30,0,1,1
20,RL,73.0,12493,Pave,None,IR1,Lvl,AllPub,Inside,Gtl,NAmes,Norm,Norm,1Fam,1Story,4,5,1960,1960,Gable,CompShg,Wd Sdng,Wd Sdng,None,0.0,3,3,PConc,TA,TA,No,ALQ,419,Rec,306,375,1100,GasA,3,Y,SBrkr,1100,0,0,1100,1,0,1,0,3,1,3,6,Typ,1,1,Attchd,1960.0,RFn,1,312,3,3,Y,355,0,0,0,0,0,0,GdWo,None,0,4,2008,WD,Normal,141000,2200,2.0,48,48,0,355,0,1,1
60,RL,66.5,14364,Pave,None,IR1,Low,AllPub,Inside,Mod,SawyerW,Norm,Norm,1Fam,2Story,7,5,1988,1989,Gable,CompShg,Plywood,Plywood,BrkFace,128.0,4,3,CBlock,Gd,TA,Gd,GLQ,1065,Unf,0,92,1157,GasA,5,Y,SBrkr,1180,882,0,2062,1,0,2,1,3,1,3,7,Typ,1,4,Attchd,1988.0,Fin,2,454,3,3,Y,60,55,0,0,154,0,0,None,None,0,4,2007,WD,Normal,277000,3219,3.5,19,18,1,269,0,1,1
20,RL,75.0,8250,Pave,None,Reg,Lvl,AllPub,Inside,Gtl,NAmes,Norm,Norm,1Fam,1Story,6,7,1964,1964,Hip,CompShg,HdBoard,HdBoard,Stone,260.0,3,3,CBlock,Gd,TA,No,Rec,787,Unf,0,305,1092,GasA,5,Y,SBrkr,1092,0,0,1092,1,0,1,0,3,1,3,6,Typ,0,0,Attchd,1964.0,RFn,2,504,3,4,Y,0,0,0,0,0,0,0,MnPrv,None,0,7,2008,WD,Normal,145000,2184,2.0,44,44,0,0,0,1,0
30,RL,67.0,5604,Pave,None,Reg,Lvl,AllPub,Inside,Gtl,Edwards,Norm,Norm,1Fam,1Story,5,6,1925,1950,Gable,CompShg,Stucco,Stucco,None,0.0,3,3,CBlock,TA,TA,No,Rec,468,Unf,0,396,864,GasA,3,N,FuseA,864,0,0,864,1,0,1,0,2,1,3,5,Typ,0,0,None,0.0,None,0,0,0,0,Y,0,0,96,0,0,0,0,None,None,0,4,2008,WD,Normal,98000,1728,2.0,83,58,1,96,0,0,0
20,RL,83.0,10420,Pave,None,Reg,Lvl,AllPub,Corner,Gtl,Edwards,Norm,Norm,1Fam,1Story,6,5,2009,2009,Gable,CompShg,VinylSd,VinylSd,None,0.0,3,3,PConc,Gd,TA,Mn,GLQ,36,Unf,0,1176,1212,GasA,5,Y,SBrkr,1212,0,0,1212,0,0,2,0,3,1,4,6,Typ,0,0,Attchd,2009.0,RFn,2,460,3,3,Y,100,22,0,0,0,0,0,None,None,0,3,2010,WD,Normal,186000,2424,2.0,1,1,0,122,0,1,0
60,FV,72.0,8640,Pave,None,Reg,Lvl,AllPub,Inside,Gtl,Somerst,Norm,Norm,1Fam,2Story,7,5,2009,2009,Gable,CompShg,VinylSd,VinylSd,None,0.0,3,3,PConc,Gd,TA,No,GLQ,822,Unf,0,78,900,GasA,5,Y,SBrkr,932,920,0,1852,1,0,2,1,3,1,4,7,Typ,1,3,Attchd,2009.0,RFn,2,644,3,3,Y,168,108,0,0,0,0,0,None,None,0,7,2009,New,Partial,252678,2752,3.5,0,0,0,276,0,1,1
20,RL,43.0,13568,Pave,None,IR2,Lvl,AllPub,CulDSac,Gtl,CollgCr,Norm,Norm,1Fam,1Story,5,5,1995,1995,Gable,CompShg,VinylSd,VinylSd,None,0.0,3,3,PConc,Gd,TA,No,ALQ,716,Unf,0,274,990,GasA,5,Y,SBrkr,990,0,0,990,0,1,1,0,3,1,3,5,Typ,0,0,Attchd,1996.0,Unf,2,576,3,3,Y,224,0,0,0,0,0,0,None,None,0,7,2006,WD,Normal,156000,1980,1.5,11,11,0,224,0,1,0
60,RL,70.0,10900,Pave,None,IR1,Lvl,AllPub,FR2,Gtl,CollgCr,Norm,Norm,1Fam,2Story,6,7,1977,1977,Gable,CompShg,HdBoard,HdBoard,BrkFace,153.0,3,3,CBlock,Gd,TA,No,GLQ,378,Unf,0,311,689,GasA,5,Y,SBrkr,689,703,0,1392,0,0,1,1,3,1,3,6,Typ,0,0,Attchd,1977.0,Fin,1,299,3,3,Y,0,36,0,0,0,0,0,MnPrv,Shed,450,3,2010,WD,Normal,161750,2081,1.5,33,33,0,36,0,1,0
20,RL,72.0,10011,Pave,None,IR1,Lvl,AllPub,Inside,Gtl,NAmes,Norm,Norm,1Fam,1Story,5,6,1957,1996,Gable,CompShg,HdBoard,HdBoard,BrkFace,64.0,3,3,CBlock,TA,TA,No,BLQ,360,Unf,0,710,1070,GasA,3,Y,SBrkr,1236,0,0,1236,0,1,1,0,2,1,4,6,Min1,1,2,Attchd,1957.0,Unf,1,447,3,3,Y,0,0,0,0,0,0,0,MnPrv,None,0,5,2006,WD,Normal,134450,2306,1.5,49,10,1,0,0,1,1
20,RL,65.0,8450,Pave,None,Reg,Lvl,AllPub,Inside,Gtl,CollgCr,Norm,Norm,1Fam,1Story,7,5,2004,2004,Gable,CompShg,VinylSd,VinylSd,BrkFace,266.0,4,3,PConc,Gd,TA,Mn,GLQ,946,Unf,0,490,1436,GasA,5,Y,SBrkr,1436,0,0,1436,1,0,2,0,3,1,4,8,Typ,0,0,Attchd,2004.0,Unf,2,484,3,3,Y,139,98,0,0,0,0,0,None,None,0,4,2008,WD,Normal,210000,2872,3.0,4,4,0,237,0,1,0
70,RM,57.0,9906,Pave,Grvl,Reg,Lvl,AllPub,Inside,Gtl,OldTown,Norm,Norm,1Fam,2Story,4,4,1925,1950,Gable,CompShg,MetalSd,MetalSd,None,0.0,3,3,CBlock,TA,TA,No,Unf,0,Unf,0,686,686,GasA,2,N,SBrkr,810,518,0,1328,0,0,1,0,3,1,3,8,Typ,0,0,Detchd,1940.0,Unf,1,210,3,3,Y,0,172,60,0,0,0,0,None,None,0,9,2006,WD,Family,107000,2014,1.0,81,56,1,232,0,1,0
50,RL,74.0,15660,Pave,None,IR1,Lvl,AllPub,Corner,Gtl,Crawfor,Norm,Norm,1Fam,1.5Fin,7,9,1939,2006,Gable,CompShg,VinylSd,VinylSd,BrkFace,312.0,4,4,CBlock,TA,TA,No,BLQ,341,Unf,0,457,798,GasA,5,Y,SBrkr,1137,817,0,1954,0,1,1,1,3,1,4,8,Typ,2,3,Attchd,1939.0,Unf,2,431,3,3,Y,0,119,150,0,0,0,0,None,None,0,5,2008,WD,Normal,311500,2752,2.0,69,2,1,269,0,1,1
120,RL,43.0,3010,Pave,None,Reg,Lvl,AllPub,Inside,Gtl,Blmngtn,Norm,Norm,TwnhsE,1Story,7,5,2005,2006,Gable,CompShg,VinylSd,VinylSd,BrkFace,16.0,4,3,PConc,Gd,TA,Av,GLQ,16,Unf,0,1232,1248,GasA,5,Y,SBrkr,1248,0,0,1248,0,0,2,0,2,1,4,5,Typ,0,0,Attchd,2005.0,Fin,2,438,3,3,Y,108,0,0,0,0,0,0,None,None,0,3,2006,New,Partial,167240,2496,2.0,1,0,1,108,0,1,0
20,RL,73.0,8990,Pave,None,IR1,Lvl,AllPub,Inside,Gtl,CollgCr,Norm,Norm,1Fam,1Story,7,5,2006,2006,Gable,CompShg,VinylSd,VinylSd,None,0.0,4,3,PConc,Gd,TA,Mn,Unf,0,Unf,0,1498,1498,GasA,5,Y,SBrkr,1498,0,0,1498,0,0,2,0,2,1,4,5,Typ,0,0,Attchd,2006.0,RFn,2,675,3,3,Y,351,33,0,0,0,0,0,None,None,0,4,2006,New,Partial,204900,2996,2.0,0,0,0,384,0,1,0
60,RL,65.0,8068,Pave,None,IR1,Lvl,AllPub,Inside,Gtl,Gilbert,Norm,Norm,1Fam,2Story,6,5,2002,2002,Gable,CompShg,VinylSd,VinylSd,None,0.0,4,3,PConc,Gd,TA,No,Unf,0,Unf,0,1010,1010,GasA,5,Y,SBrkr,1010,1257,0,2267,0,0,2,1,4,1,4,8,Typ,1,3,BuiltIn,2002.0,RFn,2,390,3,3,Y,120,46,0,0,0,0,0,None,None,0,12,2009,ConLI,Normal,200000,3277,2.5,7,7,0,166,0,1,1
60,RL,85.0,11475,Pave,None,Reg,Lvl,AllPub,Inside,Gtl,NWAmes,RRAn,Norm,1Fam,2Story,6,6,1975,1975,Gable,CompShg,VinylSd,VinylSd,None,0.0,3,3,CBlock,Gd,TA,No,ALQ,550,Unf,0,163,713,GasA,3,Y,SBrkr,811,741,0,1552,1,0,2,1,3,1,3,6,Typ,1,3,Attchd,1975.0,RFn,2,434,3,3,Y,209,208,0,0,0,0,0,MnPrv,None,0,2,2006,WD,Normal,179900,2265,3.5,31,31,0,417,0,1,1
20,RL,70.0,10500,Pave,None,Reg,Lvl,AllPub,FR2,Gtl,NAmes,Norm,Norm,1Fam,1Story,4,6,1971,1971,Gable,CompShg,HdBoard,HdBoard,None,0.0,3,3,CBlock,TA,TA,No,ALQ,524,LwQ,180,160,864,GasA,4,Y,SBrkr,864,0,0,864,0,0,1,0,2,1,3,4,Typ,0,0,Detchd,1989.0,Unf,2,576,3,3,Y,216,0,0,0,0,0,0,None,None,0,3,2009,WD,Abnorml,97000,1728,1.0,38,38,0,216,0,1,0
20,RL,103.0,13472,Pave,None,Reg,Lvl,AllPub,Inside,Gtl,NridgHt,Norm,Norm,1Fam,1Story,10,5,2003,2003,Hip,CompShg,VinylSd,VinylSd,BrkFace,922.0,5,3,PConc,Ex,TA,Gd,GLQ,56,Unf,0,2336,2392,GasA,5,Y,SBrkr,2392,0,0,2392,0,0,2,0,3,1,5,8,Typ,1,5,Attchd,2003.0,Fin,3,968,3,3,Y,248,105,0,0,0,0,0,None,None,0,6,2009,WD,Normal,386250,4784,2.0,6,6,0,353,0,1,1
160,RM,21.0,1680,Pave,None,Reg,Lvl,AllPub,Inside,Gtl,BrDale,Norm,Norm,Twnhs,2Story,5,5,1971,1971,Gable,CompShg,HdBoard,HdBoard,BrkFace,142.0,3,3,CBlock,TA,TA,No,Unf,0,Unf,0,630,630,GasA,3,Y,SBrkr,630,672,0,1302,0,0,2,1,3,1,3,6,Typ,0,0,Detchd,1991.0,Unf,1,280,3,3,Y,0,0,0,0,0,0,0,None,None,0,5,2009,COD,Abnorml,112000,1932,2.5,38,38,0,0,0,1,0
60,RL,82.0,9950,Pave,None,IR1,Lvl,AllPub,Inside,Gtl,NoRidge,Norm,Norm,1Fam,2Story,7,5,1995,1995,Gable,CompShg,VinylSd,VinylSd,BrkFace,290.0,4,3,PConc,Gd,TA,No,GLQ,565,Unf,0,638,1203,GasA,5,Y,SBrkr,1214,1306,0,2520,0,0,2,1,4,1,4,9,Typ,1,3,Attchd,1995.0,RFn,3,721,3,3,Y,224,114,0,0,0,0,0,None,None,0,6,2007,WD,Abnorml,290000,3723,2.5,12,12,0,338,0,1,1
160,RM,21.0,1869,Pave,None,Reg,Lvl,AllPub,Inside,Gtl,BrDale,Norm,Norm,Twnhs,2Story,6,6,1970,1970,Gable,CompShg,HdBoard,HdBoard,BrkFace,127.0,3,3,CBlock,TA,TA,No,Rec,321,Unf,0,162,483,GasA,3,Y,SBrkr,483,504,0,987,0,0,1,1,2,1,3,5,Typ,0,0,Detchd,1987.0,Unf,1,280,3,3,Y,0,0,0,0,0,0,0,None,None,0,9,2008,WD,Normal,106000,1470,1.5,38,38,0,0,0,1,0
20,RL,70.0,8521,Pave,None,Reg,Lvl,AllPub,FR2,Gtl,Sawyer,Feedr,Norm,1Fam,1Story,5,5,1967,1967,Gable,CompShg,HdBoard,HdBoard,None,0.0,3,3,CBlock,TA,TA,No,ALQ,842,Unf,0,70,912,GasA,3,Y,SBrkr,912,0,0,912,0,0,1,0,3,1,3,5,Typ,1,2,Detchd,1974.0,Unf,1,336,3,3,Y,0,0,0,0,0,0,0,MnPrv,None,0,5,2010,WD,Normal,125000,1824,1.0,43,43,0,0,0,1,1
120,RL,43.0,3182,Pave,None,Reg,Lvl,AllPub,Inside,Gtl,Blmngtn,Norm,Norm,TwnhsE,1Story,7,5,2005,2006,Gable,CompShg,VinylSd,VinylSd,BrkFace,16.0,4,3,PConc,Gd,TA,Av,GLQ,16,Unf,0,1357,1373,GasA,5,Y,SBrkr,1555,0,0,1555,0,0,2,0,2,1,4,7,Typ,1,3,Attchd,2005.0,Fin,2,430,3,3,Y,143,20,0,0,0,0,0,None,None,0,5,2009,WD,Normal,192500,2928,2.0,4,3,1,163,0,1,1
20,RL,73.0,8760,Pave,None,Reg,Lvl,AllPub,Inside,Gtl,NAmes,Norm,Norm,1Fam,1Story,6,6,1959,1959,Hip,CompShg,MetalSd,MetalSd,BrkFace,220.0,3,3,CBlock,TA,TA,No,Unf,0,Unf,0,1194,1194,GasA,3,Y,SBrkr,1194,0,0,1194,1,0,1,0,3,1,3,6,Typ,0,0,Attchd,1959.0,RFn,1,312,3,3,Y,0,0,120,0,0,0,0,None,None,0,4,2010,WD,Normal,148000,2388,2.0,51,51,0,120,0,1,0
60,RL,174.0,15138,Pave,None,IR1,Lvl,AllPub,Inside,Gtl,NoRidge,Norm,Norm,1Fam,2Story,8,5,1995,1996,Gable,CompShg,VinylSd,VinylSd,BrkFace,506.0,4,3,PConc,Gd,TA,No,GLQ,689,Unf,0,773,1462,GasA,5,Y,SBrkr,1490,1304,0,2794,1,0,2,1,4,1,5,9,Typ,1,3,Attchd,1995.0,Fin,3,810,3,3,Y,0,146,202,0,0,0,0,None,None,0,7,2009,WD,Normal,403000,4256,3.5,14,13,1,348,0,1,1
160,RM,21.0,1680,Pave,None,Reg,Lvl,AllPub,Inside,Gtl,BrDale,Norm,Norm,Twnhs,2Story,6,5,1972,1972,Gable,CompShg,HdBoard,HdBoard,BrkFace,297.0,3,3,CBlock,TA,TA,No,Unf,0,Unf,0,483,483,GasA,3,Y,SBrkr,483,504,0,987,0,0,1,1,2,1,3,5,Typ,1,1,Attchd,1972.0,Unf,1,288,3,3,Y,0,0,0,0,0,0,0,None,None,0,6,2006,WD,Normal,94500,1470,1.5,34,34,0,0,0,1,1
20,RL,75.0,10650,Pave,None,Reg,Lvl,AllPub,Corner,Gtl,CollgCr,Norm,Norm,1Fam,1Story,5,6,1976,1976,Gable,CompShg,HdBoard,HdBoard,None,0.0,3,3,CBlock,TA,Gd,Av,LwQ,182,ALQ,712,0,894,GasA,3,Y,SBrkr,894,0,0,894,1,0,1,0,3,1,3,5,Typ,0,0,Attchd,1976.0,Unf,1,308,3,3,Y,365,0,0,0,0,0,0,MnPrv,None,0,2,2010,WD,Normal,128200,1788,2.0,34,34,0,365,0,1,0
60,RL,65.0,7851,Pave,None,Reg,Lvl,AllPub,Inside,Gtl,Gilbert,Norm,Norm,1Fam,2Story,6,5,2002,2002,Gable,CompShg,VinylSd,VinylSd,None,0.0,4,3,PConc,Gd,TA,No,GLQ,625,Unf,0,235,860,GasA,5,Y,SBrkr,860,1100,0,1960,1,0,2,1,4,1,4,8,Typ,2,3,BuiltIn,2002.0,Fin,2,440,3,3,Y,288,48,0,0,0,0,0,None,None,0,5,2010,WD,Normal,216500,2820,3.5,8,8,0,336,0,1,1
160,RM,21.0,1680,Pave,None,Reg,Lvl,AllPub,Inside,Gtl,BrDale,Norm,Norm,TwnhsE,2Story,6,3,1971,1971,Gable,CompShg,HdBoard,HdBoard,BrkFace,604.0,3,3,CBlock,TA,TA,No,ALQ,358,Unf,0,125,483,GasA,3,Y,SBrkr,483,504,0,987,0,0,1,1,2,1,3,5,Typ,0,0,Detchd,1971.0,Unf,1,264,3,3,Y,0,0,0,0,0,0,0,None,None,0,8,2008,WD,Normal,89500,1470,1.5,37,37,0,0,0,1,0
20,RL,65.0,8773,Pave,None,Reg,Lvl,AllPub,FR2,Gtl,CollgCr,Norm,Norm,1Fam,1Story,7,5,2004,2004,Gable,CompShg,VinylSd,VinylSd,BrkFace,98.0,4,3,PConc,Gd,TA,Av,GLQ,24,Unf,0,1390,1414,GasA,5,Y,SBrkr,1414,0,0,1414,0,0,2,0,3,1,4,6,Typ,0,0,Attchd,2004.0,RFn,2,494,3,3,Y,132,105,0,0,0,0,0,None,None,0,5,2010,WD,Normal,185500,2828,2.0,6,6,0,237,0,1,0
60,RL,66.5,9453,Pave,None,IR1,Lvl,AllPub,CulDSac,Gtl,SawyerW,RRNe,Norm,1Fam,2Story,7,7,1993,2003,Gable,CompShg,HdBoard,HdBoard,None,0.0,4,3,PConc,Gd,TA,No,BLQ,402,Unf,0,594,996,GasA,5,Y,SBrkr,1014,730,0,1744,0,0,2,1,3,1,4,7,Typ,0,0,Attchd,1993.0,RFn,2,457,3,3,Y,370,70,0,238,0,0,0,None,None,0,2,2010,WD,Normal,194500,2740,2.5,17,7,1,678,0,1,0
20,RL,93.0,12030,Pave,None,Reg,Lvl,AllPub,Inside,Gtl,NridgHt,Norm,Norm,1Fam,1Story,8,5,2007,2007,Hip,CompShg,VinylSd,VinylSd,BrkFace,254.0,5,3,PConc,Ex,TA,No,Unf,0,Unf,0,1694,1694,GasA,5,Y,SBrkr,1694,0,0,1694,0,0,2,0,3,1,4,7,Typ,0,0,Attchd,2007.0,Fin,3,818,3,3,Y,168,228,0,0,0,0,0,None,None,0,12,2007,New,Partial,318000,3388,2.0,0,0,0,396,0,1,0
50,RL,52.0,8741,Pave,None,Reg,Lvl,AllPub,Inside,Gtl,Edwards,Norm,Norm,1Fam,1.5Fin,6,4,1945,1950,Gable,CompShg,VinylSd,VinylSd,None,0.0,3,3,CBlock,TA,Fa,No,LwQ,94,Unf,0,641,735,GasA,3,Y,FuseA,798,689,0,1487,0,0,1,1,3,1,3,7,Typ,1,4,Detchd,1949.0,Unf,1,220,3,3,Y,0,140,0,0,0,0,0,MnPrv,None,0,4,2010,WD,Normal,113000,2222,1.5,65,60,1,140,0,1,1
20,FV,75.0,9000,Pave,None,Reg,Lvl,AllPub,Inside,Gtl,Somerst,Norm,Norm,1Fam,1Story,8,5,2008,2008,Gable,CompShg,VinylSd,VinylSd,Stone,36.0,4,3,PConc,Gd,TA,Av,GLQ,1078,Unf,0,488,1566,GasA,5,Y,SBrkr,1566,0,0,1566,1,0,2,0,3,1,4,7,Typ,0,0,Attchd,2008.0,RFn,2,750,3,3,Y,144,168,0,0,0,0,0,None,None,0,4,2010,WD,Normal,262500,3132,3.0,2,2,0,312,0,1,0
30,RM,40.0,3880,Pave,None,Reg,Lvl,AllPub,Inside,Gtl,OldTown,Norm,Norm,1Fam,1Story,5,9,1945,1997,Gable,CompShg,VinylSd,VinylSd,None,0.0,3,4,CBlock,TA,TA,No,ALQ,329,Unf,0,357,686,GasA,4,Y,SBrkr,866,0,0,866,0,0,1,0,2,1,4,4,Typ,0,0,None,0.0,None,0,0,0,0,Y,58,42,0,0,0,0,0,None,None,0,8,2007,WD,Normal,110500,1552,1.0,62,10,1,100,0,0,0
50,RM,63.0,5000,Pave,None,Reg,Lvl,AllPub,Corner,Gtl,OldTown,Norm,Norm,1Fam,1.5Fin,5,4,1900,1950,Gable,CompShg,Wd Sdng,Wd Sdng,None,0.0,3,3,BrkTil,TA,TA,No,Unf,0,Unf,0,540,540,GasA,4,N,FuseA,889,551,0,1440,0,0,1,0,3,1,3,6,Typ,0,0,Attchd,1940.0,Unf,1,352,2,3,Y,0,0,77,0,0,0,0,None,None,0,4,2006,WD,Normal,79000,1980,1.0,106,56,1,77,0,1,0
160,RL,75.0,10762,Pave,None,Reg,Lvl,AllPub,Corner,Gtl,SawyerW,Norm,Norm,TwnhsE,2Story,6,6,1980,1980,Gable,CompShg,Plywood,Plywood,None,0.0,3,3,CBlock,Gd,TA,No,Unf,0,Unf,0,626,626,GasA,3,Y,SBrkr,626,591,0,1217,0,0,1,1,3,1,3,6,Typ,1,3,Attchd,1980.0,RFn,1,288,3,3,Y,0,28,0,0,0,0,0,None,None,0,4,2009,WD,Normal,120000,1843,1.5,29,29,0,28,0,1,1
60,RL,66.5,8880,Pave,None,IR1,Lvl,AllPub,Inside,Gtl,SawyerW,Norm,Norm,1Fam,2Story,7,5,1994,2002,Gable,CompShg,VinylSd,VinylSd,None,0.0,4,3,PConc,Gd,TA,No,GLQ,695,Unf,0,253,948,GasA,5,Y,SBrkr,1222,888,0,2110,1,0,2,1,3,1,4,8,Typ,2,2,Attchd,1994.0,RFn,2,463,3,3,Y,0,130,0,0,0,0,0,None,None,0,5,2010,WD,Normal,205000,3058,3.5,16,8,1,130,0,1,1
20,RL,80.0,10400,Pave,None,Reg,Lvl,AllPub,Inside,Gtl,NWAmes,Norm,Norm,1Fam,1Story,7,5,1988,1988,Gable,CompShg,Wd Sdng,Wd Sdng,BrkFace,102.0,3,3,CBlock,Gd,TA,Av,GLQ,929,Unf,0,916,1845,GasA,4,Y,SBrkr,1872,0,0,1872,0,1,2,0,3,1,3,6,Typ,1,3,Attchd,1988.0,Fin,2,604,3,3,Y,197,39,0,0,0,0,0,None,None,0,6,2006,WD,Normal,241500,3717,2.5,18,18,0,236,0,1,1
190,RM,69.0,9142,Pave,Grvl,Reg,Lvl,AllPub,Inside,Gtl,OldTown,Norm,Norm,2fmCon,2Story,6,8,1910,1950,Gable,CompShg,AsbShng,AsbShng,None,0.0,3,2,Stone,Fa,TA,No,Unf,0,Unf,0,1020,1020,GasA,4,N,FuseP,908,1020,0,1928,0,0,2,0,4,2,2,9,Typ,0,0,Detchd,1910.0,Unf,1,440,1,1,Y,0,60,112,0,0,0,0,None,None,0,4,2006,WD,Normal,137000,2948,2.0,96,56,1,172,0,1,0
20,RL,75.0,11310,Pave,None,Reg,Lvl,AllPub,Inside,Gtl,NAmes,Norm,Norm,1Fam,1Story,6,5,1954,1954,Hip,CompShg,Wd Sdng,BrkFace,None,0.0,3,3,CBlock,TA,TA,No,Unf,0,Unf,0,1367,1367,GasA,5,Y,SBrkr,1375,0,0,1375,0,0,1,0,2,1,3,5,Typ,1,3,Attchd,1954.0,Unf,2,451,3,3,Y,0,30,0,0,0,0,0,None,None,0,6,2006,WD,Normal,140000,2742,1.0,52,52,0,30,0,1,1
60,RL,72.0,11317,Pave,None,Reg,Lvl,AllPub,Inside,Gtl,CollgCr,Norm,Norm,1Fam,2Story,7,5,2003,2003,Gable,CompShg,VinylSd,VinylSd,BrkFace,101.0,4,3,PConc,Gd,TA,No,Unf,0,Unf,0,840,840,GasA,5,Y,SBrkr,840,828,0,1668,0,0,2,1,3,1,4,8,Typ,0,0,Attchd,2003.0,RFn,2,500,3,3,Y,144,68,0,0,0,0,0,None,None,0,9,2007,WD,Normal,180000,2508,2.5,4,4,0,212,0,1,0
50,RL,80.0,159000,Pave,None,IR2,Low,AllPub,CulDSac,Sev,ClearCr,Norm,Norm,1Fam,1.5Fin,6,7,1958,2006,Gable,CompShg,Wd Sdng,HdBoard,BrkCmn,472.0,4,3,CBlock,Gd,TA,Gd,Rec,697,Unf,0,747,1444,GasA,4,Y,SBrkr,1444,700,0,2144,0,1,2,0,4,1,4,7,Typ,2,3,Attchd,1958.0,Fin,2,389,3,3,Y,0,98,0,0,0,0,0,None,Shed,500,6,2007,WD,Normal,277000,3588,2.5,49,1,1,98,0,1,1
30,RL,55.0,5350,Pave,None,IR1,Lvl,AllPub,Inside,Gtl,BrkSide,Norm,Norm,1Fam,1Story,3,2,1940,1966,Gable,CompShg,Wd Sdng,Plywood,None,0.0,3,1,CBlock,TA,TA,No,Unf,0,Unf,0,728,728,GasA,5,Y,SBrkr,1306,0,0,1306,0,0,1,0,3,1,2,6,Mod,0,0,None,0.0,None,0,0,0,0,Y,263,0,0,0,0,0,0,GdWo,Shed,450,5,2010,WD,Normal,76500,2034,1.0,70,44,1,263,0,0,0
120,RM,44.0,4750,Pave,None,IR1,HLS,AllPub,Inside,Mod,Crawfor,Norm,Norm,TwnhsE,1Story,8,5,2006,2007,Hip,CompShg,VinylSd,VinylSd,Stone,481.0,4,3,PConc,Gd,TA,Gd,GLQ,1573,Unf,0,0,1573,GasA,5,Y,SBrkr,1625,0,0,1625,1,1,2,0,2,1,4,5,Typ,1,4,Attchd,2006.0,Fin,2,538,3,3,Y,123,0,0,0,153,0,0,None,None,0,12,2007,WD,Family,235000,3198,3.5,1,0,1,276,0,1,1
60,RL,65.0,8366,Pave,None,IR1,Lvl,AllPub,Inside,Gtl,SawyerW,Norm,Norm,1Fam,2Story,6,5,2004,2004,Gable,CompShg,VinylSd,VinylSd,None,0.0,4,3,PConc,Gd,TA,No,Unf,0,Unf,0,798,798,GasA,5,Y,SBrkr,798,842,0,1640,0,0,2,1,3,1,4,6,Typ,0,0,Attchd,2004.0,RFn,2,520,3,3,Y,138,45,0,0,0,0,0,None,None,0,12,2008,WD,Normal,173000,2438,2.5,4,4,0,183,0,1,0
80,RL,85.0,9350,Pave,None,Reg,Lvl,AllPub,Inside,Gtl,NAmes,Norm,Norm,1Fam,SLvl,6,7,1964,1991,Hip,CompShg,HdBoard,HdBoard,BrkFace,108.0,3,3,CBlock,Gd,TA,Gd,LwQ,270,ALQ,580,452,1302,GasA,5,Y,SBrkr,1302,0,0,1302,0,1,2,0,3,1,4,7,Min1,0,0,Attchd,1964.0,RFn,1,309,3,3,Y,333,0,0,0,0,0,0,MnPrv,None,0,10,2007,CWD,Normal,158000,2604,2.5,43,16,1,333,0,1,0
20,RL,70.0,8400,Pave,None,Reg,Lvl,AllPub,Inside,Gtl,NAmes,Norm,Norm,1Fam,1Story,5,6,1957,1957,Gable,CompShg,MetalSd,MetalSd,None,0.0,3,4,CBlock,TA,TA,No,Rec,922,Unf,0,392,1314,GasA,3,Y,SBrkr,1314,0,0,1314,1,0,1,0,3,1,3,5,Typ,0,0,Attchd,1957.0,RFn,1,294,3,3,Y,250,0,0,0,0,0,0,None,None,0,6,2010,WD,Normal,145000,2628,2.0,53,53,0,250,0,1,0
60,RL,66.0,8738,Pave,None,IR1,Lvl,AllPub,Inside,Gtl,Gilbert,Norm,Norm,1Fam,2Story,7,5,1999,1999,Gable,CompShg,VinylSd,VinylSd,BrkFace,302.0,4,3,PConc,Gd,TA,No,Unf,0,Unf,0,975,975,GasA,5,Y,SBrkr,1005,1286,0,2291,0,0,2,1,4,1,4,8,Typ,1,3,BuiltIn,1999.0,Fin,2,429,3,3,Y,192,0,0,0,0,0,0,None,None,0,2,2006,WD,Normal,230000,3266,2.5,7,7,0,192,0,1,1
60,FV,64.0,8791,Pave,None,IR1,Lvl,AllPub,Inside,Gtl,Somerst,Norm,Norm,1Fam,2Story,6,5,2003,2003,Gable,CompShg,VinylSd,VinylSd,None,0.0,4,3,PConc,Gd,TA,No,Rec,503,Unf,0,361,864,GasA,5,Y,SBrkr,864,864,0,1728,0,0,2,1,3,1,4,7,Typ,0,0,Attchd,2003.0,RFn,2,673,3,3,Y,216,56,0,0,0,0,0,None,None,0,5,2008,WD,Normal,207500,2592,2.5,5,5,0,272,0,1,0
20,RL,68.0,8814,Pave,None,Reg,Lvl,AllPub,Inside,Gtl,CollgCr,Norm,Norm,1Fam,1Story,7,5,2006,2006,Gable,CompShg,VinylSd,VinylSd,Stone,180.0,4,3,PConc,Gd,TA,No,GLQ,1334,Unf,0,270,1604,GasA,5,Y,SBrkr,1604,0,0,1604,1,0,2,1,3,1,4,8,Typ,1,4,Attchd,2006.0,RFn,2,660,3,3,Y,123,110,0,0,0,0,0,None,None,0,3,2009,WD,Abnorml,220000,3208,3.5,3,3,0,233,0,1,1
60,RL,80.0,12435,Pave,None,Reg,Lvl,AllPub,Inside,Gtl,CollgCr,Norm,Norm,1Fam,2Story,7,5,2001,2001,Gable,CompShg,VinylSd,VinylSd,BrkFace,172.0,4,3,PConc,Gd,TA,No,GLQ,361,Unf,0,602,963,GasA,5,Y,SBrkr,963,829,0,1792,0,0,2,1,3,1,4,7,Typ,1,3,Attchd,2001.0,RFn,2,564,3,3,Y,0,96,0,245,0,0,0,None,None,0,5,2008,WD,Normal,231500,2755,2.5,7,7,0,341,0,1,1
20,RM,70.0,12702,Pave,None,Reg,Lvl,AllPub,Inside,Gtl,OldTown,Norm,Norm,1Fam,1Story,5,5,1956,1956,Gable,CompShg,BrkFace,BrkFace,None,0.0,3,3,PConc,None,None,None,None,0,None,0,0,0,GasA,4,Y,FuseA,882,0,0,882,0,0,1,0,2,1,3,4,Typ,0,0,Detchd,1956.0,Unf,1,308,3,3,Y,0,45,0,0,0,0,0,None,None,0,12,2008,WD,Normal,97000,882,1.0,52,52,0,45,0,1,0
80,RL,120.0,19296,Pave,None,Reg,Lvl,AllPub,Corner,Gtl,NAmes,Artery,Norm,1Fam,SLvl,6,5,1962,1962,Gable,CompShg,Wd Sdng,Wd Sdng,BrkFace,399.0,3,3,CBlock,TA,TA,Gd,Rec,672,ALQ,690,0,1362,GasA,3,Y,SBrkr,1382,0,0,1382,1,0,1,0,3,1,3,6,Typ,1,3,Attchd,1991.0,Unf,2,884,3,3,Y,0,0,252,0,0,0,0,GdWo,None,0,5,2009,WD,Normal,176000,2744,2.0,47,47,0,252,0,1,1
60,RL,69.0,9588,Pave,None,IR1,Lvl,AllPub,Inside,Gtl,CollgCr,Norm,Norm,1Fam,2Story,8,5,2007,2007,Gable,CompShg,CemntBd,CmentBd,Stone,270.0,4,3,PConc,Ex,TA,No,Unf,0,Unf,0,1482,1482,GasA,5,Y,SBrkr,1482,1092,0,2574,0,0,2,1,3,1,5,10,Typ,1,4,BuiltIn,2007.0,Fin,3,868,3,3,Y,0,148,0,0,0,0,0,None,None,0,11,2007,New,Partial,276000,4056,2.5,0,0,0,148,0,1,1
80,RL,88.0,8471,Pave,None,IR1,Lvl,AllPub,Corner,Gtl,Sawyer,Norm,Norm,1Fam,SLvl,6,7,1977,1995,Gable,CompShg,HdBoard,Plywood,BrkFace,46.0,3,3,CBlock,Gd,Gd,Av,ALQ,506,Unf,0,0,506,GasA,3,Y,SBrkr,1212,0,0,1212,1,0,1,0,3,1,3,6,Typ,1,3,Attchd,1978.0,Unf,2,492,3,3,Y,292,12,0,0,0,0,0,GdWo,None,0,7,2006,WD,Normal,151000,1718,2.0,29,11,1,304,0,1,1
50,RM,50.0,5500,Pave,None,Reg,Lvl,AllPub,Corner,Gtl,OldTown,Norm,Norm,1Fam,1.5Fin,5,7,1929,2001,Gable,CompShg,Wd Sdng,Wd Sdng,None,0.0,3,3,BrkTil,TA,TA,No,LwQ,234,ALQ,692,0,926,GasA,3,Y,SBrkr,926,0,390,1316,1,0,1,0,3,1,3,6,Typ,0,0,Detchd,1974.0,Unf,2,484,3,3,Y,0,0,0,0,0,0,0,None,None,0,4,2010,WD,Normal,130000,1852,2.0,81,9,1,0,0,1,0
30,RM,30.0,5232,Pave,Grvl,IR3,Bnk,AllPub,Inside,Gtl,OldTown,Artery,Norm,1Fam,1Story,5,5,1925,2004,Gable,CompShg,Wd Sdng,Wd Sdng,None,0.0,3,3,BrkTil,Fa,TA,No,Unf,0,Unf,0,680,680,GasA,4,N,FuseP,764,0,0,764,0,0,1,0,2,1,3,4,Typ,0,0,Detchd,1965.0,Unf,2,504,3,3,N,0,0,0,0,0,0,0,None,None,0,6,2008,WD,Normal,73000,1444,1.0,83,4,1,0,0,1,0
20,RL,78.0,12090,Pave,None,IR1,Lvl,AllPub,Inside,Gtl,NWAmes,Norm,Norm,1Fam,1Story,6,6,1981,1981,Gable,CompShg,MetalSd,MetalSd,BrkFace,210.0,3,4,CBlock,Gd,TA,No,GLQ,588,LwQ,228,606,1422,GasA,3,Y,SBrkr,1422,0,0,1422,0,0,2,0,3,1,4,7,Typ,1,3,Attchd,1981.0,Fin,2,576,3,3,Y,276,0,0,0,0,0,0,GdPrv,None,0,6,2008,WD,Normal,175500,2844,2.0,27,27,0,276,0,1,1
60,RL,70.0,11207,Pave,None,IR1,HLS,AllPub,FR2,Gtl,Gilbert,Norm,Norm,1Fam,2Story,6,5,1997,1997,Gable,CompShg,VinylSd,VinylSd,None,0.0,3,3,PConc,Gd,TA,Av,GLQ,714,Unf,0,88,802,GasA,4,Y,SBrkr,802,709,0,1511,1,0,2,1,3,1,3,8,Typ,1,3,Attchd,1997.0,Fin,2,413,3,3,Y,95,75,0,0,0,0,0,None,None,0,6,2006,WD,Normal,185000,2313,3.5,9,9,0,170,0,1,1
75,RL,60.0,8400,Pave,None,Reg,Bnk,AllPub,Inside,Mod,SWISU,Norm,Norm,1Fam,2.5Fin,5,8,1939,1997,Gable,CompShg,Wd Sdng,Wd Sdng,None,0.0,3,3,PConc,TA,TA,No,LwQ,378,Unf,0,342,720,GasA,5,Y,SBrkr,1052,720,420,2192,0,0,2,1,4,1,4,8,Typ,1,4,Detchd,1939.0,Unf,1,240,3,3,Y,262,24,0,0,0,0,0,None,None,0,7,2008,WD,Normal,179500,2492,2.5,69,11,1,286,0,1,1
30,RM,71.0,6900,Pave,None,Reg,Lvl,AllPub,Inside,Gtl,IDOTRR,Norm,Norm,1Fam,1Story,5,6,1940,1955,Gable,CompShg,VinylSd,VinylSd,None,0.0,3,3,CBlock,TA,TA,No,ALQ,403,Rec,125,212,740,GasA,5,Y,SBrkr,778,0,0,778,0,0,1,0,2,1,3,4,Typ,1,4,Detchd,1966.0,Fin,1,924,5,5,Y,0,25,0,0,0,0,0,None,None,0,2,2008,WD,Normal,120500,1518,1.0,68,53,1,25,0,1,1
20,RL,65.5,7917,Pave,None,IR1,Lvl,AllPub,Corner,Gtl,Edwards,Norm,Norm,1Fam,1Story,6,7,1976,1976,Hip,CompShg,HdBoard,HdBoard,BrkFace,174.0,3,4,CBlock,TA,Gd,No,BLQ,751,Unf,0,392,1143,GasA,3,Y,SBrkr,1113,0,0,1113,1,0,1,1,3,1,3,6,Typ,1,2,Attchd,1987.0,RFn,1,504,3,4,Y,370,30,0,0,0,0,0,GdPrv,None,0,5,2007,WD,Normal,148000,2256,2.5,31,31,0,400,0,1,1
60,FV,84.0,10728,Pave,None,Reg,Lvl,AllPub,Inside,Gtl,Somerst,Norm,Norm,1Fam,2Story,8,5,2006,2006,Gable,CompShg,VinylSd,VinylSd,None,0.0,4,3,PConc,Gd,TA,Mn,Unf,0,Unf,0,1095,1095,GasA,4,Y,SBrkr,1095,844,0,1939,0,0,2,1,3,1,4,8,Typ,1,4,Attchd,2006.0,RFn,3,1053,3,3,Y,192,51,0,0,0,0,0,None,None,0,8,2006,New,Partial,266000,3034,2.5,0,0,0,243,0,1,1
20,RL,73.0,39104,Pave,None,IR1,Low,AllPub,CulDSac,Sev,ClearCr,Norm,Norm,1Fam,1Story,7,7,1954,2005,Flat,Membran,Plywood,Plywood,None,0.0,3,3,CBlock,Gd,TA,Gd,LwQ,226,GLQ,1063,96,1385,GasA,5,Y,SBrkr,1363,0,0,1363,1,0,1,0,2,1,3,5,Mod,2,3,Attchd,1954.0,Unf,2,439,3,3,Y,81,0,0,0,0,0,0,None,None,0,4,2008,WD,Normal,241500,2748,2.0,54,3,1,81,0,1,1
60,RL,92.0,11764,Pave,None,IR1,Lvl,AllPub,CulDSac,Gtl,NoRidge,Norm,Norm,1Fam,2Story,8,7,1999,2007,Gable,CompShg,VinylSd,VinylSd,BrkFace,348.0,4,3,PConc,Gd,TA,No,GLQ,524,Unf,0,628,1152,GasA,5,Y,SBrkr,1164,1106,0,2270,0,0,2,1,4,1,4,9,Typ,1,4,Attchd,1999.0,Fin,3,671,3,3,Y,132,57,0,0,0,0,0,None,None,0,4,2010,WD,Normal,290000,3422,2.5,11,3,1,189,0,1,1
20,RL,80.0,9600,Pave,None,Reg,Lvl,AllPub,Inside,Gtl,NAmes,Feedr,Norm,1Fam,1Story,6,6,1958,1988,Hip,CompShg,Wd Sdng,Wd Sdng,BrkCmn,183.0,3,3,CBlock,TA,TA,No,Rec,620,LwQ,620,0,1240,GasA,4,Y,SBrkr,1632,0,0,1632,1,0,2,0,3,1,3,6,Min1,1,4,Attchd,1958.0,RFn,1,338,3,3,Y,289,0,0,0,0,0,0,MnPrv,None,0,4,2009,WD,Normal,139000,2872,3.0,51,21,1,289,0,1,1
20,RL,76.0,8314,Pave,None,Reg,Lvl,AllPub,Corner,Gtl,Mitchel,Norm,Norm,1Fam,1Story,5,7,1982,1982,Gable,CompShg,HdBoard,ImStucc,None,0.0,3,3,CBlock,TA,TA,Gd,ALQ,546,Unf,0,270,816,GasA,3,Y,SBrkr,816,0,0,816,0,0,1,0,2,1,3,5,Typ,0,0,Attchd,1982.0,Unf,1,264,3,3,Y,168,0,0,0,0,0,0,None,None,0,6,2007,WD,Normal,124500,1632,1.0,25,25,0,168,0,1,0
50,RL,55.0,7264,Pave,None,Reg,Lvl,AllPub,Inside,Gtl,BrkSide,Norm,Norm,1Fam,1.5Fin,7,7,1925,2007,Gable,CompShg,Wd Sdng,Wd Sdng,None,0.0,4,4,BrkTil,TA,TA,No,Unf,0,Unf,0,952,952,GasW,4,N,SBrkr,952,596,0,1548,0,0,2,1,3,1,5,5,Typ,0,0,Detchd,1978.0,Unf,2,672,3,3,Y,74,0,0,0,144,0,0,None,None,0,10,2009,WD,Normal,205000,2500,2.5,84,2,1,218,0,1,0
20,RL,129.0,9196,Pave,None,IR1,Lvl,AllPub,Inside,Gtl,Mitchel,Norm,Norm,1Fam,1Story,7,5,2003,2003,Gable,CompShg,VinylSd,VinylSd,None,0.0,4,3,PConc,Ex,TA,No,Unf,0,Unf,0,1560,1560,GasA,5,Y,SBrkr,1560,0,0,1560,0,0,2,0,3,1,4,7,Typ,0,0,Attchd,2003.0,Fin,2,573,3,3,Y,100,150,0,0,0,0,0,None,None,0,4,2010,WD,Normal,201000,3120,2.0,7,7,0,250,0,1,0
20,RL,140.0,19138,Pave,None,Reg,Lvl,AllPub,Corner,Gtl,Gilbert,Norm,Norm,1Fam,1Story,4,5,1951,1951,Gable,CompShg,VinylSd,VinylSd,None,0.0,3,3,CBlock,TA,TA,No,LwQ,120,Unf,0,744,864,GasA,5,Y,SBrkr,864,0,0,864,0,0,1,0,2,1,3,4,Typ,0,0,Detchd,1951.0,Unf,2,400,3,3,Y,0,0,0,0,0,0,0,None,None,0,6,2010,WD,Normal,141000,1728,1.0,59,59,0,0,0,1,0
20,RL,107.0,14450,Pave,None,Reg,Lvl,AllPub,Inside,Gtl,NridgHt,Norm,Norm,1Fam,1Story,9,5,2006,2007,Gable,CompShg,CemntBd,CmentBd,BrkFace,315.0,5,3,PConc,Ex,TA,Gd,Unf,0,Unf,0,2121,2121,GasA,5,Y,SBrkr,2121,0,0,2121,0,0,2,1,3,1,5,8,Typ,1,5,Attchd,2007.0,Fin,3,732,3,3,Y,124,98,0,0,142,0,0,None,None,0,5,2007,New,Partial,415298,4242,2.5,1,0,1,364,0,1,1
60,RL,83.0,10005,Pave,None,Reg,Lvl,AllPub,Inside,Gtl,ClearCr,Norm,Norm,1Fam,2Story,7,5,1977,1977,Hip,CompShg,Plywood,Plywood,BrkFace,299.0,3,3,CBlock,Gd,TA,No,BLQ,392,Unf,0,768,1160,GasA,5,Y,SBrkr,1156,866,0,2022,0,0,2,1,4,1,3,8,Typ,1,3,Attchd,1977.0,Fin,2,505,3,3,Y,288,117,0,0,0,0,0,None,None,0,3,2008,WD,Normal,192000,3182,2.5,31,31,0,405,0,1,1
60,RL,82.0,11287,Pave,None,Reg,Lvl,AllPub,Inside,Gtl,SawyerW,Norm,Norm,1Fam,2Story,7,6,1989,1989,Gable,CompShg,Plywood,Plywood,BrkFace,340.0,4,3,CBlock,Gd,TA,Av,GLQ,421,Unf,0,386,807,GasA,4,Y,SBrkr,1175,807,0,1982,0,0,2,1,3,1,4,7,Typ,1,3,Attchd,1989.0,Fin,2,575,3,3,Y,0,84,0,196,0,0,0,None,None,0,1,2007,WD,Normal,228500,2789,2.5,18,18,0,280,0,1,1
20,FV,60.0,7200,Pave,Pave,Reg,Lvl,AllPub,Inside,Gtl,Somerst,Norm,Norm,1Fam,1Story,6,5,2006,2006,Gable,CompShg,VinylSd,VinylSd,Stone,68.0,4,3,PConc,Gd,TA,No,GLQ,905,Unf,0,357,1262,GasA,4,Y,SBrkr,1262,0,0,1262,0,0,2,0,2,1,4,5,Typ,0,0,Attchd,2006.0,Fin,2,572,3,3,Y,0,120,0,0,0,0,0,None,None,0,5,2006,New,Partial,185000,2524,2.0,0,0,0,120,0,1,0
120,RL,34.0,5063,Pave,None,Reg,Lvl,AllPub,Inside,Gtl,NridgHt,Norm,Norm,Twnhs,1Story,7,5,2007,2008,Gable,CompShg,VinylSd,VinylSd,Stone,166.0,4,3,PConc,Gd,TA,No,GLQ,904,Unf,0,410,1314,GasA,5,Y,SBrkr,1314,0,0,1314,1,0,2,0,2,1,4,6,Typ,1,4,Attchd,2008.0,RFn,2,626,3,3,Y,172,62,0,0,0,0,0,None,None,0,4,2009,ConLw,Normal,207500,2628,3.0,2,1,1,234,0,1,1
20,RL,74.0,9612,Pave,None,Reg,Lvl,AllPub,Inside,Gtl,Somerst,Feedr,Norm,1Fam,1Story,8,5,2008,2009,Gable,CompShg,VinylSd,VinylSd,Stone,72.0,4,3,PConc,Gd,TA,No,Unf,0,Unf,0,1468,1468,GasA,5,Y,SBrkr,1468,0,0,1468,0,0,2,0,3,1,4,6,Typ,1,4,Attchd,2008.0,Fin,3,898,3,3,Y,210,150,0,0,0,0,0,None,None,0,12,2009,New,Partial,244600,2936,2.0,1,0,1,360,0,1,1
120,RL,50.0,8012,Pave,None,Reg,Lvl,AllPub,Inside,Gtl,SawyerW,Norm,Norm,TwnhsE,1Story,6,5,1992,1992,Gable,CompShg,Plywood,ImStucc,None,0.0,4,3,PConc,Gd,TA,No,GLQ,430,Unf,0,1145,1575,GasA,4,Y,SBrkr,1575,0,0,1575,1,0,2,0,2,1,4,5,Typ,0,0,Attchd,1992.0,RFn,2,529,3,3,Y,0,0,52,0,0,0,0,None,None,0,7,2007,WD,Normal,179200,3150,3.0,15,15,0,52,0,1,0
160,FV,35.0,4251,Pave,Pave,IR1,Lvl,AllPub,Inside,Gtl,Somerst,Norm,Norm,TwnhsE,2Story,7,5,2006,2007,Gable,CompShg,MetalSd,MetalSd,None,0.0,4,3,PConc,Gd,TA,No,Unf,0,Unf,0,625,625,GasA,5,Y,SBrkr,625,625,0,1250,0,0,2,1,2,1,4,5,Typ,0,0,Detchd,2006.0,RFn,2,528,3,3,Y,0,54,0,0,0,0,0,None,None,0,6,2007,New,Partial,164700,1875,2.5,1,0,1,54,0,1,0
50,RL,77.0,9786,Pave,None,IR1,Bnk,AllPub,Inside,Gtl,NAmes,Norm,Norm,1Fam,1.5Fin,6,7,1962,1981,Gable,CompShg,Wd Sdng,Wd Sdng,None,0.0,3,3,CBlock,TA,TA,No,Rec,600,Unf,0,312,912,GasA,3,Y,SBrkr,1085,649,0,1734,0,0,1,1,3,1,4,7,Typ,1,4,Attchd,1962.0,RFn,2,440,3,3,Y,0,0,0,0,128,0,0,GdPrv,None,0,6,2006,WD,Normal,159000,2646,1.5,44,25,1,128,0,1,1
20,RL,73.0,8125,Pave,None,IR1,Lvl,AllPub,Corner,Gtl,NAmes,Norm,Norm,1Fam,1Story,4,4,1971,1971,Gable,CompShg,HdBoard,HdBoard,None,0.0,3,3,CBlock,TA,TA,No,BLQ,614,Unf,0,244,858,GasA,3,Y,SBrkr,858,0,0,858,0,0,1,0,3,1,3,5,Typ,0,0,None,0.0,None,0,0,0,0,Y,0,0,0,0,0,0,0,None,None,0,6,2006,WD,Normal,88000,1716,1.0,35,35,0,0,0,0,0
20,RL,71.0,9819,Pave,None,IR1,Lvl,AllPub,Inside,Gtl,Sawyer,Norm,Norm,1Fam,1Story,5,5,1967,1967,Gable,CompShg,MetalSd,MetalSd,BrkFace,31.0,3,4,CBlock,TA,TA,No,BLQ,450,Unf,0,432,882,GasA,3,Y,SBrkr,900,0,0,900,0,0,1,0,3,1,3,5,Typ,0,0,Detchd,1970.0,Unf,1,280,3,3,Y,0,0,0,0,0,0,0,MnPrv,None,0,2,2010,WD,Normal,122000,1782,1.0,43,43,0,0,0,1,0
70,RL,60.0,8730,Pave,None,Reg,Lvl,AllPub,Inside,Gtl,BrkSide,RRAn,Norm,1Fam,2Story,6,7,1915,2003,Gable,CompShg,Wd Sdng,Wd Sdng,None,0.0,3,3,BrkTil,TA,TA,No,Unf,0,Unf,0,698,698,GasA,5,Y,FuseA,698,698,0,1396,0,0,1,0,3,1,3,7,Typ,0,0,Detchd,2003.0,Unf,1,384,3,3,Y,0,0,0,0,259,0,0,None,None,0,7,2007,WD,Normal,153575,2094,1.0,92,4,1,259,0,1,0
60,RL,120.0,15611,Pave,None,Reg,Lvl,AllPub,Inside,Gtl,CollgCr,Norm,Norm,1Fam,2Story,8,5,2006,2006,Gable,CompShg,VinylSd,VinylSd,None,0.0,4,3,PConc,Gd,TA,Av,Unf,0,Unf,0,1079,1079,GasA,5,Y,SBrkr,1079,840,0,1919,0,0,2,1,3,1,4,8,Typ,1,4,Attchd,2006.0,RFn,2,685,4,3,Y,0,51,0,0,0,0,0,None,None,0,7,2006,New,Partial,233230,2998,2.5,0,0,0,51,0,1,1
190,RL,55.0,5687,Pave,Grvl,Reg,Bnk,AllPub,Inside,Gtl,SWISU,Norm,Norm,2fmCon,2Story,5,6,1912,2000,Gable,CompShg,VinylSd,VinylSd,None,0.0,3,2,PConc,TA,Fa,No,Rec,210,Unf,0,570,780,GasA,5,N,SBrkr,936,780,0,1716,1,0,2,0,6,1,2,9,Typ,0,0,None,0.0,None,0,0,0,0,N,0,184,0,0,0,0,0,None,None,0,3,2008,WD,Normal,135900,2496,3.0,96,8,1,184,0,0,0
50,RL,60.0,11409,Pave,None,Reg,Lvl,AllPub,Inside,Gtl,Edwards,Norm,Norm,1Fam,1.5Fin,5,4,1949,2008,Gable,CompShg,Wd Sdng,Wd Sdng,None,0.0,3,3,CBlock,TA,TA,No,LwQ,292,Unf,0,476,768,GasA,4,Y,SBrkr,1148,568,0,1716,0,0,1,1,3,1,3,8,Min2,1,4,Attchd,1949.0,Unf,1,281,3,3,Y,0,0,0,0,160,0,0,None,None,0,1,2009,WD,Normal,131000,2484,1.5,60,1,1,160,0,1,1
60,RL,80.0,16659,Pave,None,IR1,Lvl,AllPub,Corner,Gtl,NWAmes,PosA,Norm,1Fam,2Story,7,7,1977,1994,Gable,CompShg,Plywood,Plywood,BrkFace,34.0,3,3,CBlock,TA,TA,No,ALQ,795,Unf,0,0,795,GasA,2,Y,SBrkr,1468,795,0,2263,1,0,2,1,3,1,4,9,Typ,1,3,Attchd,1977.0,Fin,2,539,3,3,Y,0,250,0,0,0,0,0,None,None,0,3,2006,WD,Normal,235000,3058,3.5,29,12,1,250,0,1,1
20,RL,80.0,9600,Pave,None,Reg,Lvl,AllPub,Inside,Gtl,NAmes,Norm,Norm,1Fam,1Story,6,5,1953,1953,Hip,CompShg,HdBoard,HdBoard,Stone,238.0,3,3,CBlock,TA,TA,No,GLQ,1285,Unf,0,131,1416,GasA,3,Y,SBrkr,1644,0,0,1644,1,0,1,0,3,1,3,7,Typ,2,4,Attchd,1953.0,Fin,2,418,3,3,Y,110,0,0,0,0,0,0,None,None,0,10,2009,WD,Normal,167000,3060,2.0,56,56,0,110,0,1,1
80,RL,37.0,7937,Pave,None,IR1,Lvl,AllPub,CulDSac,Gtl,Mitchel,Norm,Norm,1Fam,SLvl,6,6,1984,1984,Gable,CompShg,HdBoard,HdBoard,None,0.0,3,3,CBlock,TA,TA,Av,GLQ,819,Unf,0,184,1003,GasA,3,Y,SBrkr,1003,0,0,1003,1,0,1,0,3,1,3,6,Typ,0,0,Detchd,1984.0,Unf,2,588,3,3,Y,120,0,0,0,0,0,0,GdPrv,None,0,3,2006,WD,Normal,142500,2006,2.0,22,22,0,120,0,1,0
50,RM,75.0,13710,Pave,None,Reg,Lvl,AllPub,Inside,Gtl,IDOTRR,Norm,Norm,1Fam,1.5Fin,5,5,1950,1950,Gable,CompShg,Wd Sdng,Wd Sdng,None,0.0,3,3,CBlock,TA,TA,No,BLQ,420,Unf,0,490,910,GasA,3,Y,FuseA,910,648,0,1558,0,0,1,1,4,1,3,6,Typ,0,0,Attchd,1950.0,Unf,1,282,3,3,Y,289,0,0,0,0,0,0,MnPrv,None,0,6,2007,WD,Normal,152000,2468,1.5,57,57,0,289,0,1,0
60,FV,66.0,7399,Pave,Pave,IR1,Lvl,AllPub,Inside,Gtl,Somerst,Norm,Norm,1Fam,2Story,7,5,1997,1998,Hip,CompShg,VinylSd,VinylSd,BrkFace,1600.0,4,3,PConc,Gd,TA,No,BLQ,649,Unf,0,326,975,GasA,5,Y,SBrkr,975,975,0,1950,0,0,2,1,3,1,4,7,Typ,1,3,Detchd,1997.0,RFn,2,576,3,3,Y,0,10,0,0,198,0,0,None,None,0,6,2007,WD,Normal,239000,2925,2.5,10,9,1,208,0,1,1
60,RL,90.0,11700,Pave,None,Reg,Lvl,AllPub,Inside,Gtl,NWAmes,Norm,Norm,1Fam,2Story,6,6,1968,1968,Mansard,CompShg,HdBoard,AsphShn,BrkFace,365.0,4,3,CBlock,TA,TA,No,ALQ,384,Rec,175,143,702,GasA,4,Y,SBrkr,1041,702,0,1743,0,1,1,2,3,1,3,7,Typ,1,4,Attchd,1968.0,Unf,2,539,3,3,Y,224,0,0,0,0,0,0,None,None,0,6,2007,WD,Normal,175000,2445,2.5,39,39,0,224,0,1,1
20,RL,80.0,14000,Pave,None,Reg,Lvl,AllPub,Inside,Gtl,Crawfor,Norm,Norm,1Fam,1Story,6,8,1950,2004,Gable,CompShg,HdBoard,HdBoard,None,0.0,3,4,CBlock,TA,TA,No,Unf,0,Unf,0,1092,1092,GasA,5,Y,SBrkr,1152,0,0,1152,0,1,1,0,3,1,4,6,Typ,1,4,Attchd,1950.0,Unf,1,300,3,3,Y,0,36,0,0,0,0,0,GdPrv,None,0,8,2009,WD,Family,158500,2244,1.5,59,5,1,36,0,1,1
190,RL,90.0,15750,Pave,None,Reg,Lvl,AllPub,Corner,Gtl,Crawfor,Norm,Norm,2fmCon,1Story,5,5,1953,1953,Hip,CompShg,MetalSd,MetalSd,BrkFace,56.0,3,3,CBlock,TA,TA,Mn,BLQ,841,Unf,0,324,1165,GasA,3,Y,SBrkr,1336,0,0,1336,1,0,1,0,2,1,3,5,Typ,2,4,Attchd,1953.0,Unf,1,375,3,3,Y,0,0,0,0,0,0,0,None,None,0,6,2006,WD,Normal,157000,2501,2.0,53,53,0,0,0,1,1
60,RL,66.0,16226,Pave,None,IR3,Lvl,AllPub,Inside,Gtl,CollgCr,Norm,Norm,1Fam,2Story,8,5,1998,1999,Gable,CompShg,VinylSd,VinylSd,None,0.0,4,3,PConc,Gd,TA,No,GLQ,281,Unf,0,747,1028,GasA,5,Y,SBrkr,1210,1242,0,2452,0,0,2,1,4,1,4,9,Typ,1,3,BuiltIn,1998.0,Fin,2,683,3,3,Y,208,50,0,0,0,0,0,None,None,0,5,2007,WD,Normal,267000,3480,2.5,9,8,1,258,0,1,1
20,RL,118.0,13704,Pave,None,IR1,Lvl,AllPub,Corner,Gtl,CollgCr,Norm,Norm,1Fam,1Story,7,5,2001,2002,Gable,CompShg,VinylSd,VinylSd,BrkFace,150.0,4,3,PConc,Gd,TA,No,Unf,0,Unf,0,1541,1541,GasA,5,Y,SBrkr,1541,0,0,1541,0,0,2,0,3,1,4,6,Typ,1,3,Attchd,2001.0,RFn,3,843,3,3,Y,468,81,0,0,0,0,0,None,None,0,1,2006,WD,Normal,205000,3082,2.0,5,4,1,549,0,1,1
20,RL,70.0,9800,Pave,None,Reg,Lvl,AllPub,Corner,Gtl,CollgCr,Norm,Norm,1Fam,1Story,5,7,1972,1972,Gable,CompShg,VinylSd,VinylSd,None,0.0,3,3,PConc,TA,TA,No,ALQ,894,Unf,0,0,894,GasA,3,Y,SBrkr,894,0,0,894,1,0,1,0,3,1,3,5,Typ,0,0,Attchd,1975.0,Unf,2,552,3,3,Y,256,0,0,0,0,0,0,GdWo,None,0,7,2006,WD,Abnorml,149900,1788,2.0,34,34,0,256,0,1,0
75,RM,87.0,18386,Pave,None,Reg,Lvl,AllPub,Inside,Gtl,OldTown,Norm,Norm,1Fam,2.5Fin,7,9,1880,2002,Gable,CompShg,CemntBd,CmentBd,None,0.0,3,3,BrkTil,TA,TA,No,Unf,0,Unf,0,1470,1470,GasA,5,Y,SBrkr,1675,1818,0,3493,0,0,3,0,3,1,4,10,Typ,1,5,Attchd,2003.0,Unf,3,870,3,3,Y,302,0,0,0,0,0,0,None,None,0,5,2008,WD,Normal,295000,4963,3.0,128,6,1,302,0,1,1
20,RL,80.0,10386,Pave,None,Reg,Lvl,AllPub,Inside,Gtl,CollgCr,Norm,Norm,1Fam,1Story,8,5,2004,2005,Gable,CompShg,CemntBd,CmentBd,Stone,246.0,4,3,PConc,Gd,TA,No,GLQ,1464,Unf,0,536,2000,GasA,5,Y,SBrkr,2000,0,0,2000,1,0,2,0,3,1,4,8,Typ,0,0,Attchd,2004.0,Fin,3,888,3,3,Y,168,0,0,0,0,0,0,None,None,0,7,2007,WD,Normal,305900,4000,3.0,3,2,1,168,0,1,0
60,RL,116.0,13474,Pave,None,Reg,Lvl,AllPub,Inside,Gtl,SawyerW,Feedr,Norm,1Fam,2Story,7,5,1990,1991,Gable,CompShg,HdBoard,Plywood,BrkFace,246.0,4,3,CBlock,Gd,TA,No,ALQ,700,Unf,0,0,700,GasA,4,Y,SBrkr,1122,1121,0,2243,1,0,2,1,4,1,4,8,Typ,1,3,Attchd,1990.0,RFn,3,746,3,3,Y,127,44,224,0,0,0,0,None,None,0,6,2007,WD,Normal,225000,2943,3.5,17,16,1,395,0,1,1
50,RM,60.0,7920,Pave,Grvl,IR1,Lvl,AllPub,Inside,Gtl,IDOTRR,Artery,Norm,1Fam,1.5Fin,6,7,1920,1950,Gable,CompShg,MetalSd,MetalSd,None,0.0,3,2,CBlock,TA,TA,No,Unf,0,Unf,0,319,319,GasA,3,Y,FuseA,1035,371,0,1406,0,0,1,0,3,1,2,6,Typ,0,0,None,0.0,None,0,0,0,0,N,0,144,0,0,0,0,0,MnPrv,None,0,3,2008,WD,Normal,89500,1725,1.0,88,58,1,144,0,0,0
30,RL,65.5,12342,Pave,None,IR1,Lvl,AllPub,Inside,Gtl,Edwards,Norm,Norm,1Fam,1Story,4,5,1940,1950,Gable,CompShg,VinylSd,VinylSd,None,0.0,3,3,CBlock,TA,TA,No,BLQ,262,Unf,0,599,861,GasA,5,Y,SBrkr,861,0,0,861,0,0,1,0,1,1,3,4,Typ,0,0,Detchd,1961.0,Unf,2,539,3,3,Y,158,0,0,0,0,0,0,None,None,0,3,2009,WD,Normal,82500,1722,1.0,69,59,1,158,0,1,0
20,RL,90.0,12378,Pave,None,IR1,Lvl,AllPub,Inside,Gtl,NridgHt,Norm,Norm,1Fam,1Story,9,5,2003,2004,Gable,CompShg,VinylSd,VinylSd,None,0.0,4,3,PConc,Ex,TA,Gd,GLQ,1274,Unf,0,622,1896,GasA,5,Y,SBrkr,1944,0,0,1944,1,0,2,0,3,1,5,8,Typ,3,5,Attchd,2003.0,Fin,3,708,3,3,Y,208,175,0,0,0,0,0,None,None,0,11,2006,WD,Normal,360000,3840,3.0,3,2,1,383,0,1,1
60,RL,65.0,7685,Pave,None,IR1,Lvl,AllPub,Inside,Gtl,Gilbert,Norm,Norm,1Fam,2Story,6,5,1993,1994,Gable,CompShg,HdBoard,HdBoard,BrkFace,112.0,3,3,PConc,Gd,TA,No,ALQ,518,Unf,0,179,697,GasA,4,Y,SBrkr,697,804,0,1501,0,0,2,1,3,1,4,6,Typ,1,3,Attchd,1993.0,Fin,2,420,3,3,Y,190,63,0,0,0,0,0,None,None,0,5,2006,WD,Normal,165600,2198,2.5,13,12,1,253,0,1,1
20,RL,50.0,8000,Pave,None,Reg,Lvl,AllPub,Inside,Gtl,NAmes,Norm,Norm,1Fam,1Story,6,6,1948,2002,Gable,CompShg,VinylSd,VinylSd,None,0.0,3,4,CBlock,TA,TA,No,ALQ,680,Unf,0,292,972,GasA,5,Y,SBrkr,972,0,0,972,1,0,1,0,2,1,3,5,Typ,1,4,Detchd,1948.0,Unf,1,240,3,3,Y,0,0,0,0,0,0,0,None,None,0,5,2009,WD,Normal,132000,1944,2.0,61,7,1,0,0,1,1
190,RM,65.0,7800,Pave,None,Reg,Lvl,AllPub,Inside,Gtl,OldTown,Artery,Norm,2fmCon,1.5Fin,5,7,1939,1950,Gable,CompShg,MetalSd,MetalSd,None,0.0,3,3,CBlock,Gd,TA,Mn,Rec,507,Unf,0,286,793,GasA,3,Y,SBrkr,793,325,0,1118,1,0,1,0,3,1,3,5,Typ,1,4,Detchd,1939.0,Unf,2,410,3,3,Y,0,0,0,0,271,0,0,MnPrv,None,0,5,2006,WD,Normal,119900,1911,2.0,67,56,1,271,0,1,1
20,RL,150.0,215245,Pave,None,IR3,Low,AllPub,Inside,Sev,Timber,Norm,Norm,1Fam,1Story,7,5,1965,1965,Hip,CompShg,BrkFace,BrkFace,None,0.0,3,3,CBlock,Gd,TA,Gd,ALQ,1236,Rec,820,80,2136,GasW,3,Y,SBrkr,2036,0,0,2036,2,0,2,0,3,1,3,8,Typ,2,4,Attchd,1965.0,RFn,2,513,3,3,Y,0,0,0,0,0,0,0,None,None,0,6,2009,WD,Normal,375000,4172,4.0,44,44,0,0,0,1,1
70,RM,60.0,9600,Pave,Grvl,Reg,Lvl,AllPub,Inside,Gtl,OldTown,Norm,Norm,1Fam,2Story,7,7,1925,1990,Gable,CompShg,Wd Sdng,Wd Sdng,None,0.0,3,3,BrkTil,TA,Gd,No,LwQ,16,Unf,0,712,728,GasA,5,Y,SBrkr,832,809,0,1641,0,1,1,1,3,1,5,6,Typ,1,4,Detchd,1925.0,Unf,2,546,2,3,Y,0,0,234,0,0,0,0,None,None,0,8,2006,WD,Normal,178000,2369,2.0,81,16,1,234,0,1,1
60,RL,71.0,7795,Pave,None,IR1,Lvl,AllPub,Inside,Gtl,Gilbert,Norm,Norm,1Fam,2Story,7,5,2004,2005,Gable,CompShg,VinylSd,VinylSd,None,0.0,4,3,PConc,Gd,TA,No,GLQ,425,Unf,0,291,716,GasA,5,Y,SBrkr,716,716,0,1432,1,0,2,1,3,1,4,6,Typ,1,4,Attchd,2004.0,Fin,2,432,3,3,Y,100,51,0,0,0,0,0,None,None,0,7,2009,WD,Normal,188500,2148,3.5,5,4,1,151,0,1,1
60,RL,94.0,13005,Pave,None,IR1,Lvl,AllPub,Corner,Gtl,NWAmes,Norm,Norm,1Fam,2Story,7,7,1980,1980,Gable,CompShg,CemntBd,CmentBd,BrkFace,278.0,4,3,CBlock,Gd,TA,No,GLQ,692,Unf,0,153,845,GasA,3,Y,SBrkr,1153,1200,0,2353,1,0,2,1,4,1,5,10,Typ,1,3,Attchd,1983.0,RFn,2,484,3,3,Y,288,195,0,0,0,0,0,GdPrv,None,0,8,2009,WD,Normal,260000,3198,3.5,29,29,0,483,0,1,1
60,FV,75.0,9000,Pave,None,Reg,Lvl,AllPub,Inside,Gtl,Somerst,Norm,Norm,1Fam,2Story,8,5,2006,2006,Gable,CompShg,VinylSd,VinylSd,None,0.0,4,3,PConc,Gd,TA,Av,Unf,0,Unf,0,1088,1088,GasA,5,Y,SBrkr,1088,871,0,1959,0,0,2,1,3,1,4,8,Typ,1,4,Attchd,2006.0,RFn,3,1025,3,3,Y,208,46,0,0,0,0,0,None,None,0,12,2007,WD,Normal,270000,3047,2.5,1,1,0,254,0,1,1
60,RL,90.0,9900,Pave,None,Reg,Low,AllPub,Inside,Mod,NoRidge,Norm,Norm,1Fam,2Story,7,5,1993,1993,Gable,CompShg,HdBoard,HdBoard,BrkFace,256.0,4,3,PConc,Gd,TA,Gd,GLQ,987,Unf,0,360,1347,GasA,5,Y,SBrkr,1372,1274,0,2646,1,0,2,1,4,1,4,9,Typ,1,3,Attchd,1993.0,RFn,3,656,3,3,Y,340,60,144,0,0,0,0,None,None,0,4,2009,WD,Normal,260000,3993,3.5,16,16,0,544,0,1,1
80,RL,80.0,14115,Pave,None,Reg,Lvl,AllPub,Inside,Gtl,NWAmes,Norm,Norm,1Fam,SLvl,7,5,1980,1980,Gable,CompShg,Plywood,Plywood,BrkFace,225.0,3,3,CBlock,Gd,TA,Av,GLQ,1036,Unf,0,336,1372,GasA,3,Y,SBrkr,1472,0,0,1472,1,0,2,0,3,1,3,6,Typ,2,3,Attchd,1980.0,Unf,2,588,3,3,Y,233,48,0,0,0,0,0,None,None,0,6,2009,WD,Normal,187500,2844,3.0,29,29,0,281,0,1,1
60,RL,111.0,16259,Pave,None,Reg,Lvl,AllPub,Corner,Gtl,NridgHt,Norm,Norm,1Fam,2Story,9,5,2006,2006,Gable,CompShg,VinylSd,VinylSd,Stone,370.0,3,3,PConc,Ex,Gd,Av,Unf,0,Unf,0,1249,1249,GasA,5,Y,SBrkr,1249,1347,0,2596,0,0,3,1,4,1,4,9,Typ,0,0,Attchd,2006.0,RFn,3,840,3,3,Y,240,154,0,0,0,0,0,None,None,0,9,2006,New,Partial,342643,3845,3.5,0,0,0,394,0,1,0
60,RL,99.0,12099,Pave,None,IR1,Lvl,AllPub,Inside,Gtl,NridgHt,Norm,Norm,1Fam,2Story,8,5,2004,2004,Gable,CompShg,VinylSd,VinylSd,BrkFace,388.0,4,3,PConc,Ex,TA,Av,GLQ,970,Unf,0,166,1136,GasA,5,Y,SBrkr,1136,1332,0,2468,1,0,2,1,4,1,4,10,Typ,1,4,BuiltIn,2004.0,Fin,3,872,3,3,Y,184,154,0,0,0,0,0,None,None,0,6,2007,WD,Normal,354000,3604,3.5,3,3,0,338,0,1,1
60,RL,86.0,10380,Pave,None,IR1,Lvl,AllPub,Inside,Gtl,SawyerW,Norm,Norm,1Fam,2Story,7,5,1986,1987,Gable,CompShg,Plywood,Plywood,BrkFace,172.0,4,3,CBlock,TA,TA,Gd,LwQ,28,ALQ,1474,0,1502,GasA,5,Y,SBrkr,1553,1177,0,2730,1,0,2,1,4,1,4,8,Typ,1,3,Attchd,1987.0,Fin,2,576,3,3,Y,201,96,0,0,0,0,0,MnPrv,None,0,8,2007,WD,Normal,301000,4232,3.5,21,20,1,297,0,1,1
20,RM,49.0,5820,Pave,None,Reg,Lvl,AllPub,Inside,Gtl,OldTown,Norm,Norm,1Fam,1Story,3,8,1955,2005,Gable,CompShg,VinylSd,VinylSd,None,0.0,3,4,CBlock,TA,TA,No,ALQ,256,Unf,0,906,1162,GasA,5,Y,SBrkr,1163,0,0,1163,1,0,1,0,3,1,3,6,Typ,0,0,Attchd,1955.0,Unf,1,220,2,3,Y,142,98,0,0,0,0,0,None,None,0,7,2006,WD,Normal,126175,2325,2.0,51,1,1,240,0,1,0
80,RL,96.0,11275,Pave,None,Reg,Lvl,AllPub,Corner,Gtl,NAmes,PosN,Norm,1Fam,SLvl,7,7,1967,2007,Mansard,WdShake,Wd Sdng,Wd Sdng,BrkFace,300.0,4,4,CBlock,Gd,TA,No,Unf,0,Unf,0,710,710,GasA,5,Y,SBrkr,1898,1080,0,2978,0,0,2,1,5,1,4,11,Typ,1,4,BuiltIn,1961.0,Fin,2,564,3,3,Y,240,0,0,0,0,0,0,None,None,0,6,2010,WD,Normal,242000,3688,2.5,43,3,1,240,0,1,1
45,RM,50.0,5000,Pave,None,Reg,Lvl,AllPub,Inside,Gtl,IDOTRR,RRAe,Norm,1Fam,1.5Unf,5,6,1941,1950,Gable,CompShg,MetalSd,MetalSd,None,0.0,3,3,CBlock,TA,TA,Av,BLQ,116,Unf,0,604,720,GasA,1,N,FuseF,803,0,0,803,0,0,1,0,2,1,3,5,Typ,0,0,Detchd,1941.0,Unf,2,360,3,3,Y,0,0,244,0,0,0,0,None,None,0,12,2007,WD,Normal,87000,1523,1.0,66,57,1,244,0,1,0
120,RL,32.0,10846,Pave,None,IR1,Lvl,AllPub,CulDSac,Gtl,Veenker,Norm,Norm,TwnhsE,1Story,8,5,1993,1993,Gable,CompShg,BrkFace,BrkFace,None,0.0,4,3,PConc,Gd,TA,Gd,GLQ,1619,Unf,0,100,1719,GasA,5,Y,SBrkr,1719,0,0,1719,2,0,1,1,1,1,4,6,Typ,2,4,Attchd,1993.0,Fin,2,473,3,3,Y,122,30,0,0,0,0,0,None,None,0,5,2008,Con,Normal,324000,3438,3.5,15,15,0,152,0,1,1
20,RL,80.0,11600,Pave,None,Reg,Lvl,AllPub,Inside,Gtl,NAmes,Norm,Norm,1Fam,1Story,6,5,1960,1960,Hip,CompShg,Wd Sdng,Wd Sdng,BrkFace,175.0,3,3,CBlock,TA,TA,No,Rec,565,Unf,0,818,1383,GasA,3,Y,SBrkr,1383,0,0,1383,0,0,1,1,3,1,3,7,Typ,0,0,Attchd,1960.0,RFn,1,292,3,3,Y,0,45,0,0,0,0,0,None,None,0,4,2006,WD,Normal,145250,2766,1.5,46,46,0,45,0,1,0
75,RL,52.0,11888,Pave,Pave,IR1,Bnk,AllPub,Inside,Gtl,BrkSide,PosN,Norm,1Fam,2.5Unf,6,6,1916,1994,Gable,CompShg,Wd Sdng,Wd Shng,None,0.0,3,3,BrkTil,TA,TA,No,Unf,0,Unf,0,844,844,GasA,4,N,FuseA,1445,689,0,2134,0,0,2,0,5,1,4,10,Typ,0,0,Detchd,1930.0,Unf,2,441,3,3,Y,0,60,268,0,0,0,0,None,None,0,7,2009,WD,Normal,214500,2978,2.0,93,15,1,328,0,1,0
70,RM,60.0,6402,Pave,None,Reg,Lvl,AllPub,Corner,Gtl,IDOTRR,Norm,Norm,1Fam,2Story,5,5,1920,1950,Gable,CompShg,Wd Sdng,Wd Shng,None,0.0,3,3,PConc,TA,TA,Mn,Unf,0,Unf,0,596,596,GasA,3,N,SBrkr,596,596,0,1192,0,0,1,0,3,1,3,6,Typ,0,0,Detchd,1920.0,Unf,1,189,2,2,N,0,0,137,0,0,0,0,GdWo,None,0,7,2009,WD,Normal,78000,1788,1.0,89,59,1,137,0,1,0
90,RL,73.0,10624,Pave,None,IR1,Lvl,AllPub,Inside,Gtl,NAmes,Norm,Norm,Duplex,1Story,5,4,1964,1964,Gable,CompShg,HdBoard,HdBoard,BrkFace,84.0,3,3,CBlock,TA,TA,No,GLQ,40,Rec,264,1424,1728,GasA,3,Y,SBrkr,1728,0,0,1728,0,1,2,0,6,2,3,10,Typ,0,0,Detchd,2002.0,Unf,1,352,3,3,Y,155,0,0,0,0,0,0,None,None,0,11,2007,WD,Normal,119000,3456,2.5,43,43,0,155,0,1,0
20,RL,70.0,8176,Pave,None,Reg,Lvl,AllPub,Inside,Gtl,NAmes,Norm,Norm,1Fam,1Story,5,6,1958,1992,Gable,CompShg,Wd Sdng,Wd Sdng,None,0.0,3,3,CBlock,TA,TA,No,Rec,846,Unf,0,210,1056,GasA,2,Y,SBrkr,1056,0,0,1056,1,0,1,0,3,1,3,6,Typ,0,0,Attchd,1958.0,RFn,1,308,3,3,Y,0,0,0,0,0,0,0,None,None,0,8,2007,WD,Normal,139000,2112,2.0,49,15,1,0,0,1,0
20,RL,85.0,10655,Pave,None,IR1,Lvl,AllPub,Inside,Gtl,NridgHt,Norm,Norm,1Fam,1Story,8,5,2003,2004,Gable,CompShg,VinylSd,VinylSd,BrkFace,296.0,4,3,PConc,Gd,TA,No,GLQ,1124,None,479,1603,3206,GasA,5,Y,SBrkr,1629,0,0,1629,1,0,2,0,3,1,4,7,Typ,1,4,Attchd,2003.0,RFn,3,880,3,3,Y,0,0,0,0,0,0,0,None,None,0,10,2009,WD,Normal,284000,4835,3.0,6,5,1,0,0,1,1
120,RM,59.0,8198,Pave,None,Reg,Lvl,AllPub,FR3,Gtl,NridgHt,Norm,Norm,TwnhsE,1Story,7,5,2004,2004,Gable,CompShg,VinylSd,VinylSd,Stone,146.0,4,3,PConc,Gd,TA,Av,GLQ,720,Unf,0,638,1358,GasA,5,Y,SBrkr,1358,0,0,1358,1,0,2,0,2,1,4,6,Typ,1,4,Attchd,2004.0,RFn,2,484,3,3,Y,192,30,0,0,0,0,0,None,None,0,7,2008,WD,Normal,207000,2716,3.0,4,4,0,222,0,1,1
60,RL,59.0,9042,Pave,None,IR1,Lvl,AllPub,Inside,Gtl,Gilbert,Norm,Norm,1Fam,2Story,6,5,1998,1998,Gable,CompShg,VinylSd,VinylSd,None,0.0,3,3,PConc,Gd,TA,Gd,GLQ,828,Unf,0,115,943,GasA,4,Y,SBrkr,943,695,0,1638,1,0,2,1,3,1,3,7,Typ,2,3,Attchd,1998.0,Fin,2,472,3,3,Y,100,38,0,0,0,0,0,None,None,0,7,2008,WD,Normal,192000,2581,3.5,10,10,0,138,0,1,1
190,RL,85.0,164660,Grvl,None,IR1,HLS,AllPub,Corner,Sev,Timber,Norm,Norm,2fmCon,1.5Fin,5,6,1965,1965,Gable,CompShg,Plywood,Plywood,None,0.0,3,3,CBlock,TA,TA,Gd,ALQ,1249,BLQ,147,103,1499,GasA,5,Y,SBrkr,1619,167,0,1786,2,0,2,0,3,1,3,7,Typ,2,4,Attchd,1965.0,Fin,2,529,3,3,Y,670,0,0,0,0,0,0,None,Shed,700,8,2008,WD,Normal,228950,3285,4.0,43,43,0,670,0,1,1
20,RL,86.0,14157,Pave,None,IR1,HLS,AllPub,Corner,Gtl,StoneBr,Norm,Norm,1Fam,1Story,9,5,2005,2006,Hip,CompShg,VinylSd,VinylSd,Stone,200.0,4,3,PConc,Ex,TA,Gd,GLQ,1249,Unf,0,673,1922,GasA,5,Y,SBrkr,1922,0,0,1922,1,0,2,0,3,1,4,8,Typ,1,4,Attchd,2005.0,Fin,3,676,3,3,Y,178,51,0,0,0,0,0,None,None,0,7,2007,WD,Normal,377426,3844,3.0,2,1,1,229,0,1,1
20,RL,70.0,9135,Pave,None,Reg,Lvl,AllPub,Inside,Gtl,CollgCr,Norm,Norm,1Fam,1Story,7,5,2002,2003,Gable,CompShg,VinylSd,VinylSd,BrkFace,113.0,4,3,PConc,Gd,TA,Av,GLQ,810,Unf,0,726,1536,GasA,5,Y,SBrkr,1536,0,0,1536,1,0,2,0,3,1,4,7,Typ,0,0,Attchd,2002.0,RFn,2,532,3,3,Y,192,74,0,0,0,0,0,None,None,0,12,2008,WD,Normal,214000,3072,3.0,6,5,1,266,0,1,0
20,RL,91.0,14145,Pave,None,Reg,Lvl,AllPub,Corner,Gtl,NWAmes,Norm,Norm,1Fam,1Story,7,7,1984,1998,Gable,CompShg,Wd Sdng,Wd Sdng,None,0.0,4,3,CBlock,Gd,TA,Mn,ALQ,213,Unf,0,995,1208,GasA,5,Y,SBrkr,1621,0,0,1621,1,0,2,0,3,1,4,8,Typ,0,0,Attchd,1984.0,RFn,2,440,3,3,Y,108,45,0,0,0,0,0,None,Shed,400,5,2006,WD,Normal,202500,2829,3.0,22,8,1,153,0,1,0
20,RL,66.0,12400,Pave,None,IR1,Lvl,AllPub,Inside,Gtl,NAmes,Feedr,Norm,1Fam,1Story,6,7,1958,1998,Hip,CompShg,Wd Sdng,Wd Sdng,BrkFace,176.0,3,3,CBlock,TA,Fa,No,Rec,585,Unf,0,630,1215,GasA,3,Y,FuseA,1215,0,0,1215,0,0,1,0,3,1,3,6,Typ,0,0,Attchd,1958.0,Unf,1,297,3,3,Y,0,0,0,0,234,0,0,None,None,0,6,2009,WD,Normal,155000,2430,1.0,51,11,1,234,0,1,0
60,RL,85.0,14191,Pave,None,Reg,Lvl,AllPub,Inside,Gtl,Timber,Norm,Norm,1Fam,2Story,8,5,2002,2002,Gable,CompShg,VinylSd,VinylSd,None,0.0,4,3,PConc,Gd,TA,No,Unf,0,Unf,0,967,967,GasA,5,Y,SBrkr,993,915,0,1908,0,0,2,1,4,1,4,9,Typ,0,0,Attchd,2002.0,Fin,2,431,3,3,Y,135,0,0,0,0,0,0,None,None,0,4,2010,WD,Normal,202900,2875,2.5,8,8,0,135,0,1,0
20,RH,60.0,8400,Pave,None,Reg,Lvl,AllPub,Inside,Gtl,SawyerW,Feedr,Norm,1Fam,1Story,4,4,1950,1950,Gable,CompShg,Wd Sdng,AsbShng,None,0.0,2,2,CBlock,TA,Fa,No,Unf,0,Unf,0,721,721,GasA,4,Y,SBrkr,841,0,0,841,0,0,1,0,2,1,3,4,Typ,0,0,CarPort,1950.0,Unf,1,294,3,3,N,250,0,24,0,0,0,0,None,None,0,9,2009,WD,Normal,82000,1562,1.0,59,59,0,274,0,1,0
90,RL,73.0,8544,Pave,None,Reg,Lvl,AllPub,Inside,Gtl,NAmes,Norm,Norm,Duplex,1Story,3,4,1949,1950,Gable,CompShg,Stucco,Stucco,BrkFace,340.0,3,3,Slab,None,None,None,None,0,None,0,0,0,Wall,2,N,FuseA,1040,0,0,1040,0,0,2,0,2,2,3,6,Typ,0,0,Detchd,1949.0,Unf,2,400,3,3,Y,0,0,0,0,0,0,0,None,None,0,5,2006,WD,Normal,87500,1040,2.0,57,56,1,0,0,1,0
120,RL,63.0,8849,Pave,None,IR1,Lvl,AllPub,Inside,Gtl,NridgHt,Norm,Norm,TwnhsE,1Story,9,5,2005,2005,Hip,CompShg,MetalSd,MetalSd,BrkFace,616.0,5,3,PConc,Ex,TA,No,GLQ,28,Unf,0,1656,1684,GasA,5,Y,SBrkr,1684,0,0,1684,0,0,2,0,2,1,5,6,Typ,1,5,Attchd,2005.0,RFn,2,564,3,3,Y,495,72,0,0,0,0,0,None,None,0,7,2008,WD,Normal,266000,3368,2.0,3,3,0,567,0,1,1
160,RM,36.0,2592,Pave,None,Reg,Lvl,AllPub,Inside,Gtl,MeadowV,Norm,Norm,TwnhsE,2Story,5,3,1976,1976,Gable,CompShg,CemntBd,CmentBd,None,0.0,3,3,CBlock,Gd,TA,No,Rec,129,BLQ,232,175,536,GasA,3,Y,SBrkr,536,576,0,1112,0,0,1,1,3,1,3,4,Typ,0,0,Attchd,1976.0,Unf,1,336,3,3,Y,182,0,0,0,0,0,0,None,None,0,4,2010,WD,Normal,85000,1648,1.5,34,34,0,182,0,1,0
50,RL,65.0,6435,Pave,None,Reg,Lvl,AllPub,Inside,Gtl,BrkSide,RRAn,Norm,1Fam,1.5Fin,6,5,1939,1950,Gable,CompShg,MetalSd,MetalSd,None,0.0,3,3,BrkTil,TA,TA,No,Unf,0,Unf,0,972,972,GasA,4,Y,SBrkr,972,605,0,1577,0,0,1,0,3,1,2,6,Typ,1,4,Detchd,1939.0,Unf,1,312,3,3,Y,0,0,0,0,0,0,0,None,None,0,10,2006,WD,Normal,140200,2549,1.0,67,56,1,0,0,1,1
20,RL,73.0,12772,Pave,None,IR1,Lvl,AllPub,CulDSac,Gtl,NAmes,Norm,Norm,1Fam,1Story,6,8,1960,1998,Hip,CompShg,MetalSd,MetalSd,None,0.0,3,4,CBlock,TA,TA,Mn,BLQ,498,Unf,0,460,958,GasA,3,Y,SBrkr,958,0,0,958,0,0,1,0,2,1,3,5,Typ,0,0,Attchd,1960.0,RFn,1,301,3,3,Y,0,0,0,0,0,0,0,None,Gar2,15500,4,2007,WD,Normal,151500,1916,1.0,47,9,1,0,0,1,0
20,RL,73.0,17600,Pave,None,IR1,Lvl,AllPub,Inside,Gtl,NAmes,Norm,Norm,1Fam,1Story,6,5,1960,1960,Gable,CompShg,Wd Sdng,Wd Sdng,BrkFace,30.0,3,3,CBlock,TA,TA,No,BLQ,1270,Unf,0,208,1478,GasA,5,Y,FuseA,1478,0,0,1478,1,0,2,0,3,1,3,6,Typ,2,4,Attchd,1960.0,Unf,2,498,3,3,Y,0,40,0,0,0,0,0,None,None,0,12,2009,WD,Normal,157500,2956,3.0,49,49,0,40,0,1,1
160,RL,36.0,2448,Pave,None,Reg,Lvl,AllPub,Inside,Gtl,NridgHt,Norm,Norm,Twnhs,2Story,7,5,2003,2004,Gable,CompShg,VinylSd,Wd Shng,Stone,106.0,4,3,PConc,Gd,TA,No,GLQ,573,Unf,0,191,764,GasA,5,Y,SBrkr,764,862,0,1626,1,0,2,1,2,1,4,6,Typ,0,0,BuiltIn,2003.0,RFn,2,474,3,3,Y,0,27,0,0,0,0,0,None,None,0,10,2008,WD,Normal,154000,2390,3.5,5,4,1,27,0,1,0
60,RL,56.0,20431,Pave,None,IR2,Lvl,AllPub,Inside,Gtl,NridgHt,Norm,Norm,1Fam,2Story,9,5,2005,2006,Hip,CompShg,CemntBd,CmentBd,BrkFace,870.0,5,3,PConc,Ex,TA,No,GLQ,1410,Unf,0,438,1848,GasA,5,Y,SBrkr,1848,880,0,2728,1,0,2,1,4,1,5,10,Typ,2,5,Attchd,2006.0,Fin,3,706,3,3,Y,0,0,0,0,0,0,0,None,None,0,4,2006,New,Partial,437154,4576,3.5,1,0,1,0,0,1,1
120,RL,68.0,7820,Pave,None,IR1,Lvl,AllPub,Inside,Gtl,NridgHt,Norm,Norm,TwnhsE,1Story,9,5,2007,2007,Hip,CompShg,MetalSd,MetalSd,BrkFace,362.0,5,3,PConc,Ex,TA,No,Unf,0,Unf,0,1869,1869,GasA,5,Y,SBrkr,1869,0,0,1869,0,0,2,0,2,1,5,6,Typ,1,4,Attchd,2007.0,RFn,2,617,3,3,Y,210,54,0,0,0,0,0,None,None,0,12,2007,New,Partial,318061,3738,2.0,0,0,0,264,0,1,1
120,RL,80.0,5271,Pave,None,IR1,Low,AllPub,Inside,Mod,ClearCr,Norm,Norm,1Fam,1Story,7,5,1986,1986,Gable,CompShg,Wd Sdng,Wd Sdng,None,0.0,3,3,PConc,Gd,TA,Gd,GLQ,1082,Unf,0,371,1453,GasA,4,Y,SBrkr,1453,0,0,1453,1,0,1,1,2,1,4,6,Typ,1,3,Attchd,1986.0,RFn,2,445,3,3,Y,0,80,0,0,184,0,0,None,None,0,12,2006,WD,Abnorml,190000,2906,2.5,20,20,0,264,0,1,1
50,RL,60.0,9084,Pave,None,Reg,Lvl,AllPub,Inside,Gtl,Edwards,Artery,Norm,1Fam,1.5Fin,5,6,1941,1950,Gable,CompShg,VinylSd,VinylSd,None,0.0,3,3,CBlock,TA,Fa,Mn,LwQ,236,Rec,380,0,616,GasA,3,N,SBrkr,616,495,0,1111,0,1,1,0,3,1,3,5,Typ,0,0,Detchd,1941.0,Unf,1,200,3,2,Y,48,0,0,0,0,0,0,None,None,0,3,2008,ConLw,Normal,95000,1727,1.5,67,58,1,48,0,1,0
30,RM,60.0,8520,Pave,None,Reg,Lvl,AllPub,Inside,Gtl,OldTown,Norm,Norm,1Fam,1Story,6,8,1928,2003,Gable,CompShg,VinylSd,VinylSd,None,0.0,3,4,BrkTil,TA,TA,No,Unf,0,Unf,0,624,624,GasA,4,Y,SBrkr,720,0,0,720,0,0,1,0,2,1,3,5,Typ,0,0,Detchd,2005.0,Unf,2,484,3,3,Y,106,0,0,0,0,0,0,None,None,0,5,2010,WD,Normal,105900,1344,1.0,82,7,1,106,0,1,0
50,RL,60.0,8400,Pave,None,Reg,Bnk,AllPub,Inside,Gtl,SWISU,Norm,Norm,1Fam,1.5Fin,6,5,1940,2000,Gable,CompShg,Wd Sdng,MetalSd,None,0.0,3,3,CBlock,TA,TA,No,LwQ,388,Unf,0,552,940,GasA,5,Y,SBrkr,1192,403,0,1595,0,0,1,0,2,1,3,6,Typ,2,4,Attchd,1940.0,Unf,1,240,3,3,Y,0,0,108,0,0,0,0,None,None,0,6,2006,WD,Normal,140000,2535,1.0,66,6,1,108,0,1,1
20,RL,105.0,11249,Pave,None,IR2,Lvl,AllPub,Inside,Gtl,CollgCr,Norm,Norm,1Fam,1Story,6,5,1995,1995,Gable,CompShg,VinylSd,VinylSd,None,0.0,4,4,PConc,Gd,Gd,No,ALQ,334,BLQ,544,322,1200,GasA,5,Y,SBrkr,1200,0,0,1200,1,0,2,0,3,1,4,6,Typ,0,0,Attchd,1995.0,RFn,2,521,3,3,Y,0,26,0,0,0,0,0,None,None,0,8,2007,WD,Normal,177500,2400,3.0,12,12,0,26,0,1,0
20,RL,65.0,9248,Pave,None,IR1,Lvl,AllPub,Inside,Gtl,Gilbert,Norm,Norm,1Fam,1Story,6,6,1992,1992,Gable,CompShg,HdBoard,HdBoard,BrkFace,106.0,3,3,PConc,Gd,TA,No,GLQ,560,Unf,0,598,1158,GasA,4,Y,SBrkr,1167,0,0,1167,1,0,2,0,3,1,4,6,Typ,0,0,Attchd,1992.0,RFn,2,400,3,3,Y,120,26,0,0,0,0,0,None,None,0,7,2009,WD,Normal,173000,2325,3.0,17,17,0,146,0,1,0
120,RM,44.0,4224,Pave,None,Reg,Lvl,AllPub,Inside,Gtl,MeadowV,Norm,Norm,TwnhsE,1Story,5,5,1976,1976,Gable,CompShg,CemntBd,CmentBd,None,0.0,3,3,PConc,Gd,TA,No,ALQ,874,Unf,0,268,1142,GasA,3,Y,SBrkr,1142,0,0,1142,1,0,1,1,3,1,3,6,Typ,1,1,Attchd,1976.0,Fin,2,528,3,3,Y,536,90,0,0,0,0,0,MnPrv,None,0,8,2007,WD,Normal,134000,2284,2.5,31,31,0,626,0,1,1
80,RL,92.0,6930,Pave,None,IR1,Lvl,AllPub,Inside,Gtl,ClearCr,Norm,Norm,1Fam,SLvl,5,4,1958,1958,Hip,CompShg,Wd Sdng,ImStucc,BrkFace,120.0,3,3,CBlock,TA,TA,Av,BLQ,300,Rec,294,468,1062,GasA,5,Y,FuseF,1352,0,0,1352,0,1,1,0,3,1,4,6,Min2,0,0,BuiltIn,1958.0,Unf,1,288,3,3,Y,168,0,294,0,0,0,0,None,None,0,7,2006,WD,Abnorml,130000,2414,1.5,48,48,0,462,0,1,0
60,RL,78.0,12011,Pave,None,IR1,Lvl,AllPub,CulDSac,Gtl,NoRidge,Norm,Norm,1Fam,2Story,8,5,1998,1998,Gable,CompShg,VinylSd,VinylSd,BrkFace,530.0,4,3,PConc,Gd,TA,Av,GLQ,956,Unf,0,130,1086,GasA,5,Y,SBrkr,1086,838,0,1924,1,0,2,1,3,1,4,7,Typ,1,3,Attchd,1998.0,RFn,2,592,3,3,Y,208,75,0,0,374,0,0,None,None,0,6,2006,WD,Normal,280000,3010,3.5,8,8,0,657,0,1,1
85,RL,73.0,7540,Pave,None,IR1,Lvl,AllPub,CulDSac,Gtl,Mitchel,Norm,Norm,1Fam,SFoyer,6,6,1978,1978,Gable,CompShg,VinylSd,VinylSd,None,0.0,3,3,CBlock,Gd,TA,Av,GLQ,773,Unf,0,115,888,GasA,5,Y,SBrkr,912,0,0,912,1,0,1,0,2,1,3,5,Typ,1,3,Attchd,1978.0,RFn,2,470,3,3,Y,0,0,0,0,192,0,0,MnPrv,None,0,6,2007,WD,Normal,156000,1800,2.0,29,29,0,192,0,1,1
50,RL,52.0,9144,Pave,Pave,Reg,Lvl,AllPub,Inside,Gtl,BrkSide,Norm,Norm,1Fam,1.5Fin,5,5,1940,1982,Gable,CompShg,MetalSd,MetalSd,None,0.0,3,3,CBlock,TA,TA,No,Rec,399,Unf,0,484,883,GasA,4,Y,SBrkr,988,517,0,1505,1,0,1,0,3,1,3,8,Typ,0,0,Detchd,1940.0,Unf,1,240,3,3,N,0,0,0,0,0,0,0,None,None,0,7,2008,WD,Normal,145000,2388,2.0,68,26,1,0,0,1,0
85,RL,64.0,7301,Pave,None,Reg,Lvl,AllPub,Corner,Gtl,Edwards,Norm,Norm,1Fam,SFoyer,7,5,2003,2003,Gable,CompShg,HdBoard,HdBoard,BrkFace,500.0,4,3,Slab,None,None,None,None,0,None,0,0,0,GasA,5,Y,SBrkr,495,1427,0,1922,0,0,3,0,4,1,4,7,Typ,1,5,BuiltIn,2003.0,RFn,2,672,3,3,Y,0,0,177,0,0,0,0,None,None,0,7,2009,ConLD,Normal,198500,1922,3.0,6,6,0,177,0,1,1
160,RM,21.0,1680,Pave,None,Reg,Lvl,AllPub,Inside,Gtl,BrDale,Norm,Norm,Twnhs,2Story,6,8,1972,2007,Gable,CompShg,HdBoard,HdBoard,BrkFace,510.0,3,3,CBlock,TA,TA,No,ALQ,162,Unf,0,321,483,GasA,4,Y,SBrkr,483,504,0,987,0,0,1,1,2,1,4,5,Typ,0,0,Detchd,1972.0,Unf,1,264,3,3,Y,250,0,0,0,0,0,0,None,None,0,5,2009,WD,Normal,118000,1470,1.5,37,2,1,250,0,1,0
60,RL,80.0,18800,Pave,None,IR1,Lvl,AllPub,FR2,Gtl,NWAmes,Norm,Norm,1Fam,2Story,6,5,1976,1976,Gable,CompShg,HdBoard,HdBoard,BrkFace,120.0,3,3,PConc,Gd,TA,Mn,GLQ,712,Unf,0,84,796,GasA,3,Y,SBrkr,790,784,0,1574,1,0,2,1,3,1,3,6,Typ,1,3,Attchd,1976.0,Fin,2,566,3,3,Y,306,111,0,0,0,0,0,None,None,0,7,2006,WD,Normal,190000,2370,3.5,30,30,0,417,0,1,1
70,RM,59.0,10690,Pave,None,Reg,Lvl,AllPub,Inside,Gtl,IDOTRR,Norm,Norm,1Fam,2Story,5,7,1920,1997,Hip,CompShg,VinylSd,VinylSd,None,0.0,3,4,CBlock,TA,Fa,No,Rec,456,Unf,0,216,672,GasA,4,Y,FuseA,672,672,0,1344,0,0,1,0,3,1,3,6,Typ,0,0,Detchd,1964.0,Unf,1,468,3,2,Y,0,128,218,0,0,0,0,None,None,0,7,2009,WD,Normal,147000,2016,1.0,89,12,1,346,0,1,0
20,RL,73.0,9500,Pave,None,IR1,Lvl,AllPub,Inside,Gtl,NAmes,Norm,Norm,1Fam,1Story,6,5,1963,1963,Gable,CompShg,Plywood,Plywood,BrkFace,247.0,3,3,CBlock,Gd,TA,No,BLQ,609,Unf,0,785,1394,GasA,4,Y,SBrkr,1394,0,0,1394,1,0,1,1,3,1,3,6,Typ,2,4,Attchd,1963.0,RFn,2,514,3,3,Y,0,76,0,0,185,0,0,None,None,0,7,2009,WD,Normal,159000,2788,2.5,46,46,0,261,0,1,1
80,RL,101.0,9150,Pave,None,IR1,Lvl,AllPub,Corner,Gtl,NAmes,Norm,Norm,1Fam,SLvl,6,5,1962,1962,Gable,Tar&Grv,Plywood,Plywood,BrkFace,305.0,3,3,CBlock,Gd,TA,Gd,GLQ,371,Unf,0,728,1099,GasA,4,Y,SBrkr,1431,0,0,1431,0,1,1,0,3,1,3,6,Typ,1,4,Basment,1962.0,RFn,1,296,3,3,Y,64,110,0,0,0,0,0,None,None,0,12,2008,WD,Normal,165000,2530,1.5,46,46,0,174,0,1,1
20,RL,78.0,7800,Pave,None,Reg,Lvl,AllPub,Inside,Gtl,NAmes,Norm,Norm,1Fam,1Story,5,6,1954,1954,Gable,CompShg,HdBoard,HdBoard,BrkFace,200.0,3,3,PConc,TA,TA,No,LwQ,540,Unf,0,728,1268,GasA,4,Y,SBrkr,1268,0,0,1268,0,0,1,0,2,1,3,7,Typ,1,4,Attchd,1954.0,Fin,1,244,3,3,Y,0,98,0,0,0,0,0,None,None,0,3,2010,WD,Normal,132000,2536,1.0,56,56,0,98,0,1,1
20,RL,73.0,9830,Pave,None,IR1,Lvl,AllPub,Corner,Gtl,NAmes,Norm,Norm,1Fam,1Story,5,7,1959,2006,Gable,CompShg,Wd Sdng,Wd Sdng,None,0.0,3,4,CBlock,TA,TA,No,ALQ,72,Rec,258,733,1063,GasA,5,Y,SBrkr,1287,0,0,1287,1,0,1,0,3,1,4,7,Typ,1,4,Detchd,1997.0,Fin,2,576,3,3,Y,364,17,0,0,182,0,0,None,None,0,3,2010,WD,Normal,162000,2350,2.0,51,4,1,563,0,1,1
60,RL,65.0,8121,Pave,None,IR1,Lvl,AllPub,Inside,Gtl,Gilbert,Norm,Norm,1Fam,2Story,6,5,2000,2000,Gable,CompShg,VinylSd,VinylSd,None,0.0,3,3,PConc,Gd,TA,No,Unf,0,Unf,0,953,953,GasA,5,Y,SBrkr,953,711,0,1664,0,0,2,1,3,1,3,7,Typ,1,3,Attchd,2000.0,RFn,2,460,3,3,Y,100,40,0,0,0,0,0,None,None,0,1,2006,WD,Normal,172400,2617,2.5,6,6,0,140,0,1,1
50,RL,80.0,17120,Pave,None,Reg,Lvl,AllPub,Inside,Gtl,ClearCr,Feedr,Norm,1Fam,1.5Fin,4,4,1959,1959,Gable,CompShg,WdShing,Plywood,None,0.0,3,3,CBlock,None,None,None,None,0,None,0,0,0,GasA,3,Y,SBrkr,1120,468,0,1588,0,0,2,0,4,1,3,7,Min2,1,4,Detchd,1991.0,Fin,2,680,3,3,N,0,59,0,0,0,0,0,None,None,0,7,2008,WD,Normal,134432,1588,2.0,49,49,0,59,0,1,1
120,RL,50.0,7175,Pave,None,Reg,Lvl,AllPub,Inside,Gtl,SawyerW,Norm,Norm,TwnhsE,1Story,6,5,1984,1984,Gable,CompShg,Plywood,Plywood,None,0.0,3,3,CBlock,Gd,TA,No,ALQ,623,LwQ,121,0,744,GasA,3,Y,SBrkr,752,0,0,752,1,0,1,0,2,1,3,4,Typ,0,0,Attchd,1984.0,Unf,1,264,3,3,Y,353,0,0,0,90,0,0,MnPrv,None,0,2,2010,WD,Normal,125000,1496,2.0,26,26,0,443,0,1,0
20,RL,79.0,10634,Pave,None,Reg,Lvl,AllPub,Inside,Gtl,NAmes,Norm,Norm,1Fam,1Story,5,6,1953,1953,Gable,CompShg,MetalSd,MetalSd,None,0.0,3,3,PConc,TA,TA,No,BLQ,428,LwQ,180,0,608,GasA,3,Y,SBrkr,1319,0,0,1319,1,0,1,0,3,1,3,5,Min2,0,0,Attchd,1953.0,Unf,1,270,3,3,Y,66,0,0,0,0,0,0,GdWo,None,0,11,2009,WD,Normal,123000,1927,2.0,56,56,0,66,0,1,0
60,RL,65.0,8200,Pave,None,Reg,Lvl,AllPub,Inside,Gtl,CollgCr,Norm,Norm,1Fam,2Story,7,5,2003,2004,Gable,CompShg,VinylSd,VinylSd,None,0.0,4,3,PConc,Gd,TA,No,Unf,0,Unf,0,847,847,GasA,5,Y,SBrkr,847,1081,0,1928,0,0,2,1,4,1,4,8,Typ,1,4,BuiltIn,2003.0,Fin,2,434,3,3,Y,100,48,0,0,0,0,0,None,None,0,7,2007,WD,Normal,219500,2775,2.5,4,3,1,148,0,1,1
30,RL,65.5,10020,Pave,None,IR1,Low,AllPub,Inside,Sev,Edwards,Norm,Norm,1Fam,1Story,1,1,1922,1950,Gable,CompShg,Wd Sdng,Wd Sdng,None,0.0,2,2,BrkTil,Fa,Po,Gd,BLQ,350,Unf,0,333,683,GasA,4,N,FuseA,904,0,0,904,1,0,0,1,1,1,2,4,Maj1,0,0,None,0.0,None,0,0,0,0,Y,0,0,0,0,0,0,0,None,None,0,3,2009,WD,Normal,61000,1587,1.5,87,59,1,0,0,0,0
85,RL,57.0,8846,Pave,None,IR1,Lvl,AllPub,CulDSac,Gtl,CollgCr,Norm,Norm,1Fam,SFoyer,5,5,1996,1996,Gable,CompShg,VinylSd,VinylSd,None,0.0,4,3,PConc,Gd,TA,Av,GLQ,298,Unf,0,572,870,GasA,5,Y,SBrkr,914,0,0,914,0,0,1,0,2,1,3,5,Typ,0,0,Detchd,1998.0,Unf,2,576,3,3,Y,0,0,0,0,0,0,0,None,None,0,7,2006,WD,Normal,148000,1784,1.0,10,10,0,0,0,1,0
60,FV,102.0,11143,Pave,None,IR1,Lvl,AllPub,Corner,Gtl,Somerst,Norm,Norm,1Fam,2Story,8,5,2004,2005,Gable,CompShg,CemntBd,CmentBd,None,0.0,4,3,PConc,Gd,TA,No,Unf,0,Unf,0,1580,1580,GasA,5,Y,SBrkr,1580,886,0,2466,0,0,3,0,4,1,4,8,Typ,1,4,Attchd,2004.0,RFn,2,610,3,3,Y,159,214,0,0,0,0,0,None,None,0,12,2007,WD,Normal,340000,4046,3.0,3,2,1,373,0,1,1
20,RL,88.0,11394,Pave,None,Reg,Lvl,AllPub,Corner,Gtl,StoneBr,Norm,Norm,1Fam,1Story,9,2,2010,2010,Hip,CompShg,VinylSd,VinylSd,Stone,350.0,4,3,PConc,Ex,TA,Av,GLQ,1445,Unf,0,411,1856,GasA,5,Y,SBrkr,1856,0,0,1856,1,0,1,1,1,1,5,8,Typ,1,5,Attchd,2010.0,Fin,3,834,3,3,Y,113,0,0,0,0,0,0,None,None,0,6,2010,New,Partial,394432,3712,2.5,0,0,0,113,0,1,1
60,RL,60.0,8123,Pave,None,IR1,Lvl,AllPub,Inside,Gtl,Gilbert,RRAn,Norm,1Fam,2Story,6,5,2000,2000,Gable,CompShg,VinylSd,VinylSd,BrkFace,16.0,3,3,PConc,Gd,TA,No,Unf,0,Unf,0,982,982,GasA,5,Y,SBrkr,1007,793,0,1800,0,0,2,1,3,1,3,7,Typ,1,3,Attchd,2000.0,Fin,2,463,3,3,Y,100,63,0,0,0,0,0,None,None,0,6,2009,WD,Normal,179000,2782,2.5,9,9,0,163,0,1,1
50,RL,50.0,5000,Pave,Pave,Reg,Lvl,AllPub,Inside,Gtl,SWISU,Norm,Norm,1Fam,1.5Fin,5,6,1924,1950,Gable,CompShg,BrkFace,Wd Sdng,None,0.0,3,3,BrkTil,TA,TA,No,LwQ,218,Unf,0,808,1026,GasA,3,Y,SBrkr,1026,665,0,1691,0,0,2,0,3,1,4,6,Typ,1,4,Detchd,1924.0,Unf,1,308,3,3,Y,0,0,242,0,0,0,0,None,None,0,5,2010,WD,Normal,127000,2717,2.0,86,60,1,242,0,1,1
20,FV,60.0,7200,Pave,Pave,Reg,Lvl,AllPub,Inside,Gtl,Somerst,Norm,Norm,1Fam,1Story,7,5,2006,2006,Gable,CompShg,VinylSd,VinylSd,None,0.0,4,3,PConc,Gd,Gd,No,Unf,0,Unf,0,1293,1293,GasA,5,Y,SBrkr,1301,0,0,1301,1,0,2,0,2,1,4,5,Typ,1,4,Attchd,2006.0,RFn,2,572,3,3,Y,216,121,0,0,0,0,0,None,None,0,8,2006,New,Partial,187750,2594,3.0,0,0,0,337,0,1,1
60,RL,79.0,9245,Pave,None,IR1,Lvl,AllPub,Inside,Gtl,CollgCr,Norm,Norm,1Fam,2Story,7,5,2006,2006,Gable,CompShg,VinylSd,VinylSd,None,0.0,4,3,PConc,Gd,TA,Av,Unf,0,Unf,0,939,939,GasA,5,Y,SBrkr,939,858,0,1797,0,0,2,1,3,1,4,8,Typ,0,0,Attchd,2006.0,RFn,2,639,3,3,Y,144,53,0,0,0,0,0,None,None,0,4,2007,WD,Normal,213500,2736,2.5,1,1,0,197,0,1,0
45,RH,60.0,9000,Pave,None,Reg,Lvl,AllPub,Corner,Gtl,SawyerW,Norm,Norm,1Fam,1.5Unf,6,3,1928,1950,Gable,CompShg,Wd Sdng,Wd Sdng,None,0.0,3,3,BrkTil,Fa,Fa,No,Unf,0,Unf,0,784,784,GasA,3,N,FuseA,784,0,0,784,0,0,1,0,2,1,3,5,Typ,0,0,Detchd,1950.0,Unf,2,360,2,2,N,0,0,91,0,0,0,0,None,None,0,10,2009,WD,Normal,76000,1568,1.0,81,59,1,91,0,1,0
60,RL,80.0,53107,Pave,None,IR2,Low,AllPub,Corner,Mod,ClearCr,Feedr,Norm,1Fam,2Story,6,5,1992,1992,Gable,CompShg,HdBoard,HdBoard,None,0.0,4,3,PConc,Gd,TA,Av,GLQ,985,Unf,0,595,1580,GasA,5,Y,SBrkr,1079,874,0,1953,1,0,2,1,3,1,4,9,Typ,2,2,Attchd,1992.0,Fin,2,501,3,3,Y,216,231,0,0,0,0,0,None,None,0,6,2007,WD,Normal,240000,3533,3.5,15,15,0,447,0,1,1
120,RL,43.0,3182,Pave,None,Reg,Lvl,AllPub,Inside,Gtl,Blmngtn,Norm,Norm,TwnhsE,1Story,8,5,2004,2005,Gable,CompShg,VinylSd,VinylSd,BrkFace,16.0,4,3,PConc,Gd,TA,No,GLQ,24,Unf,0,1232,1256,GasA,5,Y,SBrkr,1269,0,0,1269,0,0,2,0,2,1,4,6,Typ,1,3,Attchd,2004.0,Fin,2,430,3,3,Y,146,20,0,0,144,0,0,None,None,0,4,2010,WD,Normal,192000,2525,2.0,6,5,1,310,0,1,1
50,RL,58.0,8410,Pave,None,Reg,Lvl,AllPub,FR2,Gtl,Edwards,Feedr,Norm,1Fam,1.5Fin,5,3,1910,1996,Gambrel,CompShg,Wd Sdng,VinylSd,None,0.0,3,2,PConc,TA,TA,No,Unf,0,Unf,0,658,658,GasA,3,Y,SBrkr,658,526,0,1184,0,0,1,0,5,1,3,8,Typ,0,0,None,0.0,None,0,0,0,0,N,0,151,0,0,0,0,0,None,None,0,5,2006,WD,AdjLand,81000,1842,1.0,96,10,1,151,0,0,0
80,RL,72.0,7200,Pave,None,Reg,Lvl,AllPub,Inside,Gtl,Edwards,Norm,Norm,1Fam,SLvl,6,6,1976,1976,Hip,CompShg,MetalSd,MetalSd,BrkFace,255.0,3,3,CBlock,TA,TA,Av,ALQ,631,Unf,0,410,1041,GasA,5,Y,SBrkr,1125,0,0,1125,1,0,1,0,3,1,3,6,Typ,1,2,Detchd,1977.0,Unf,1,352,3,3,Y,296,0,0,0,0,0,0,GdWo,None,0,10,2009,WD,Abnorml,125000,2166,2.0,33,33,0,296,0,1,1
20,RL,93.0,9382,Pave,None,IR1,Lvl,AllPub,CulDSac,Gtl,CollgCr,Norm,Norm,1Fam,1Story,7,5,1999,2000,Gable,CompShg,VinylSd,VinylSd,BrkFace,125.0,4,3,PConc,Gd,TA,No,Unf,0,Unf,0,1468,1468,GasA,5,Y,SBrkr,1479,0,0,1479,0,0,2,0,3,1,4,6,Typ,0,0,Attchd,1999.0,RFn,2,577,3,3,Y,120,25,0,0,0,0,0,None,None,0,7,2008,WD,Normal,191000,2947,2.0,9,8,1,145,0,1,0
60,RL,96.0,12474,Pave,None,Reg,Lvl,AllPub,Inside,Gtl,NridgHt,Norm,Norm,1Fam,2Story,10,5,2007,2008,Gable,CompShg,VinylSd,VinylSd,Stone,272.0,5,3,PConc,Ex,TA,Av,GLQ,1280,Unf,0,402,1682,GasA,5,Y,SBrkr,1742,590,0,2332,1,0,2,1,3,1,5,9,Typ,1,5,BuiltIn,2008.0,Fin,3,846,3,3,Y,196,134,0,0,0,0,0,None,None,0,8,2008,New,Partial,426000,4014,3.5,1,0,1,330,0,1,1
50,RL,50.0,8405,Pave,Grvl,Reg,Lvl,AllPub,Inside,Gtl,Edwards,Norm,Norm,1Fam,1.5Fin,5,8,1900,1950,Gable,CompShg,MetalSd,MetalSd,None,0.0,3,3,BrkTil,TA,Gd,No,Rec,241,BLQ,391,229,861,GasA,5,Y,SBrkr,961,406,0,1367,1,0,1,0,4,1,3,7,Typ,0,0,Detchd,1978.0,Unf,1,384,3,3,Y,0,130,112,0,0,0,0,MnPrv,None,0,4,2008,WD,Normal,119000,2228,2.0,108,58,1,242,0,1,0
60,RL,71.0,12209,Pave,None,IR1,Lvl,AllPub,CulDSac,Gtl,Mitchel,Norm,Norm,1Fam,2Story,6,5,2001,2002,Gable,CompShg,VinylSd,VinylSd,None,0.0,3,3,PConc,Ex,TA,No,ALQ,690,Unf,0,114,804,GasA,5,Y,SBrkr,804,1157,0,1961,1,0,2,1,3,1,4,7,Typ,1,3,BuiltIn,2001.0,Fin,2,560,3,3,Y,125,192,0,0,0,0,0,None,None,0,6,2009,WD,Normal,215000,2765,3.5,8,7,1,317,0,1,1
20,RL,73.0,8339,Pave,None,IR1,Lvl,AllPub,Inside,Gtl,NAmes,Norm,Norm,1Fam,1Story,5,7,1959,1959,Gable,CompShg,MetalSd,MetalSd,None,0.0,3,3,Slab,None,None,None,None,0,None,0,0,0,GasA,3,Y,SBrkr,882,0,0,882,0,0,1,0,3,1,3,5,Typ,0,0,Attchd,1959.0,RFn,1,294,3,3,Y,0,0,0,0,0,0,0,MnPrv,Shed,1200,7,2007,WD,Normal,106500,882,1.0,48,48,0,0,0,1,0
30,RL,52.0,7446,Pave,None,Reg,Lvl,AllPub,Corner,Gtl,BrkSide,Feedr,Norm,1Fam,1Story,4,5,1941,1950,Gable,CompShg,WdShing,Wd Shng,None,0.0,3,3,CBlock,TA,TA,No,Rec,266,Unf,0,522,788,GasA,3,Y,FuseA,788,0,0,788,0,0,1,0,2,1,3,4,Typ,2,3,None,0.0,None,0,0,0,0,Y,0,0,0,0,0,0,0,GdWo,None,0,4,2006,WD,Abnorml,100000,1576,1.0,65,56,1,0,0,0,1
50,RL,60.0,10134,Pave,None,Reg,Lvl,AllPub,Inside,Gtl,OldTown,Norm,Norm,1Fam,1.5Fin,5,6,1940,1950,Gable,CompShg,MetalSd,MetalSd,None,0.0,3,3,CBlock,TA,TA,No,Unf,0,Unf,0,735,735,GasA,4,Y,FuseA,735,299,0,1034,0,0,1,0,2,1,3,5,Typ,0,0,Detchd,1940.0,Unf,1,240,3,3,Y,0,39,0,0,0,0,0,None,None,0,7,2007,WD,Normal,109000,1769,1.0,67,57,1,39,0,1,0
20,RL,68.0,9571,Pave,None,Reg,Lvl,AllPub,Inside,Gtl,Edwards,Norm,Norm,1Fam,1Story,5,6,1956,1956,Gable,CompShg,Wd Sdng,Wd Sdng,None,0.0,3,3,CBlock,TA,TA,Av,BLQ,739,Unf,0,405,1144,GasA,3,Y,SBrkr,1144,0,0,1144,1,0,1,0,3,1,3,6,Typ,0,0,Attchd,1956.0,Unf,1,596,3,3,Y,44,0,0,0,0,0,0,None,None,0,6,2010,WD,Normal,129000,2288,2.0,54,54,0,44,0,1,0
20,RL,60.0,7200,Pave,None,Reg,Low,AllPub,Inside,Gtl,CollgCr,Norm,Norm,1Fam,1Story,5,5,1972,1972,Hip,CompShg,MetalSd,MetalSd,None,0.0,3,3,CBlock,TA,TA,Av,Rec,777,Unf,0,117,894,GasA,3,Y,SBrkr,894,0,0,894,0,0,1,0,2,1,3,6,Typ,0,0,Detchd,1985.0,RFn,2,600,3,3,Y,215,0,0,0,0,0,0,None,None,0,9,2009,WD,Normal,123000,1788,1.0,37,37,0,215,0,1,0
60,RL,69.0,7590,Pave,None,Reg,Lvl,AllPub,Inside,Gtl,NAmes,PosN,Norm,1Fam,2Story,5,5,1962,1962,Gable,CompShg,VinylSd,VinylSd,BrkFace,288.0,3,3,CBlock,TA,TA,No,ALQ,540,Unf,0,324,864,GasA,3,Y,SBrkr,876,936,0,1812,0,0,2,0,4,1,3,8,Typ,1,3,Attchd,1962.0,RFn,1,264,3,3,Y,0,168,0,0,0,0,0,None,None,0,7,2007,WD,Normal,169500,2676,2.0,45,45,0,168,0,1,1
30,RM,60.0,8967,Pave,None,Reg,Lvl,AllPub,Corner,Gtl,IDOTRR,Norm,Norm,1Fam,1Story,5,2,1920,1950,Gable,CompShg,MetalSd,MetalSd,None,0.0,3,2,BrkTil,Fa,Po,No,Unf,0,Unf,0,961,961,GasA,4,Y,Mix,1077,0,0,1077,0,0,1,0,2,1,3,6,Maj2,0,0,Detchd,1920.0,Unf,1,338,1,1,N,0,0,0,0,0,0,0,None,None,0,11,2007,WD,Abnorml,67000,2038,1.0,87,57,1,0,0,1,0
60,FV,65.0,8125,Pave,None,Reg,Lvl,AllPub,Inside,Gtl,Somerst,Norm,Norm,1Fam,2Story,7,5,2006,2007,Gable,CompShg,CemntBd,CmentBd,Stone,100.0,4,3,PConc,Gd,TA,No,GLQ,812,Unf,0,280,1092,GasA,5,Y,SBrkr,1112,438,0,1550,1,0,2,0,2,1,4,7,Typ,0,0,Attchd,2007.0,Fin,2,438,3,3,Y,0,168,0,0,0,0,0,None,None,0,10,2009,WD,Normal,241000,2642,3.0,3,2,1,168,0,1,0
120,RL,38.0,14963,Pave,None,IR2,Lvl,AllPub,Inside,Gtl,Veenker,Norm,Norm,TwnhsE,1Story,8,5,1996,1996,Gable,CompShg,BrkFace,BrkFace,None,0.0,4,3,PConc,Gd,TA,No,GLQ,786,Unf,0,474,1260,GasA,5,Y,SBrkr,1288,0,0,1288,1,0,1,1,1,1,5,4,Typ,2,4,Attchd,1996.0,Fin,2,500,3,3,Y,120,30,0,0,224,0,0,None,None,0,12,2008,WD,Normal,245500,2548,2.5,12,12,0,374,0,1,1
20,RL,65.0,8767,Pave,None,IR1,Lvl,AllPub,Inside,Gtl,CollgCr,Norm,Norm,1Fam,1Story,7,5,2005,2005,Gable,CompShg,VinylSd,VinylSd,None,0.0,4,3,PConc,Gd,TA,Av,GLQ,24,Unf,0,1286,1310,GasA,5,Y,SBrkr,1310,0,0,1310,0,0,2,0,3,1,4,6,Typ,1,4,Attchd,2005.0,Fin,2,400,3,3,Y,0,0,0,0,0,0,0,None,None,0,7,2006,New,Partial,164990,2620,2.0,1,1,0,0,0,1,1
30,RL,60.0,10200,Pave,None,Reg,Lvl,AllPub,Inside,Gtl,Sawyer,Norm,Norm,1Fam,1Story,5,8,1940,1997,Gable,CompShg,Wd Sdng,Wd Sdng,None,0.0,3,3,PConc,TA,TA,No,Unf,0,Unf,0,672,672,GasA,5,Y,SBrkr,672,0,0,672,0,0,1,0,2,1,3,4,Typ,0,0,Detchd,1940.0,Unf,1,240,3,3,N,168,0,0,0,0,0,0,GdPrv,None,0,8,2008,WD,Normal,108000,1344,1.0,68,11,1,168,0,1,0
60,RL,93.0,12090,Pave,None,Reg,Lvl,AllPub,Corner,Gtl,NoRidge,Norm,Norm,1Fam,2Story,8,5,1998,1998,Hip,CompShg,VinylSd,VinylSd,BrkFace,650.0,4,3,PConc,Gd,TA,No,Unf,0,Unf,0,1141,1141,GasA,4,Y,SBrkr,1165,1098,0,2263,0,0,2,1,4,1,4,10,Typ,1,3,BuiltIn,1998.0,Fin,2,420,3,3,Y,144,123,0,0,0,0,0,None,None,0,7,2006,WD,Abnorml,258000,3404,2.5,8,8,0,267,0,1,1
60,RL,65.0,10364,Pave,None,IR1,Lvl,AllPub,Inside,Gtl,Gilbert,Norm,Norm,1Fam,2Story,6,5,1995,1996,Gable,CompShg,MetalSd,MetalSd,None,0.0,3,3,PConc,Gd,TA,No,Unf,0,Unf,0,806,806,GasA,4,Y,SBrkr,806,766,0,1572,0,0,2,1,3,1,3,7,Typ,1,3,BuiltIn,1995.0,Fin,2,373,3,3,Y,0,40,0,0,0,0,0,None,None,0,5,2007,WD,Normal,168000,2378,2.5,12,11,1,40,0,1,1
20,RL,71.0,9991,Pave,None,IR1,Lvl,AllPub,Corner,Gtl,Sawyer,Feedr,Norm,1Fam,1Story,4,4,1976,1993,Gable,CompShg,Plywood,Plywood,None,0.0,3,3,CBlock,TA,TA,No,BLQ,1116,Unf,0,165,1281,GasA,5,Y,SBrkr,1620,0,0,1620,1,0,2,0,3,1,3,8,Min1,1,3,Attchd,1993.0,Unf,2,490,3,3,Y,120,78,0,0,0,0,0,GdWo,None,0,6,2009,WD,Normal,150000,2901,3.0,33,16,1,198,0,1,1
50,RL,51.0,10480,Pave,None,Reg,Lvl,AllPub,Inside,Gtl,SWISU,Norm,Norm,1Fam,1.5Fin,6,5,1936,1950,Gable,CompShg,MetalSd,MetalSd,None,0.0,3,3,BrkTil,TA,TA,No,Unf,0,Unf,0,1064,1064,GasA,5,Y,FuseA,1166,0,473,1639,0,0,1,0,3,1,3,6,Maj2,0,0,Detchd,1936.0,Unf,1,240,3,3,Y,0,0,0,0,0,0,0,None,None,0,3,2008,WD,Normal,115000,2230,1.0,72,58,1,0,0,1,0
70,RL,63.0,15576,Pave,None,Reg,Lvl,AllPub,Inside,Gtl,Crawfor,Norm,Norm,1Fam,2Story,6,7,1915,1976,Gable,CompShg,Wd Sdng,Plywood,None,0.0,3,3,BrkTil,Gd,TA,No,Unf,0,Unf,0,840,840,GasA,5,Y,SBrkr,840,840,0,1680,0,0,2,0,4,1,3,8,Typ,0,0,Attchd,1960.0,Unf,1,308,3,3,Y,0,0,160,0,0,0,0,None,None,0,3,2008,WD,Normal,177000,2520,2.0,93,32,1,160,0,1,0
60,RL,109.0,14154,Pave,None,Reg,Lvl,AllPub,Corner,Gtl,NridgHt,Norm,Norm,1Fam,2Story,7,5,2006,2006,Gable,CompShg,VinylSd,VinylSd,BrkFace,350.0,4,3,PConc,Ex,Gd,No,Unf,0,Unf,0,1063,1063,GasA,5,Y,SBrkr,1071,1101,0,2172,0,0,2,1,3,1,4,9,Typ,1,4,Attchd,2006.0,RFn,3,947,3,3,Y,192,62,0,0,0,0,0,None,None,0,8,2007,New,Partial,280000,3235,2.5,1,1,0,254,0,1,1
60,FV,85.0,10800,Pave,None,Reg,Lvl,AllPub,Inside,Gtl,Somerst,Norm,Norm,1Fam,2Story,8,5,2007,2008,Gable,CompShg,VinylSd,VinylSd,Stone,100.0,4,3,PConc,Ex,TA,No,GLQ,789,Unf,0,245,1034,GasA,5,Y,SBrkr,1050,1028,0,2078,1,0,2,1,3,1,5,8,Typ,1,4,Attchd,2008.0,Fin,3,836,3,3,Y,0,102,0,0,0,0,0,None,None,0,4,2008,New,Partial,339750,3112,3.5,1,0,1,102,0,1,1
20,RL,68.0,9571,Pave,None,Reg,Lvl,AllPub,Inside,Gtl,Edwards,Norm,Norm,1Fam,1Story,5,3,1958,1958,Gable,CompShg,BrkComm,Brk Cmn,None,0.0,3,2,CBlock,TA,Fa,No,Unf,0,Unf,0,1276,1276,GasA,3,Y,FuseA,1276,0,0,1276,0,0,1,0,3,1,3,5,Mod,0,0,Attchd,1958.0,Unf,1,350,3,3,Y,0,0,0,0,0,0,0,None,None,0,6,2009,COD,Abnorml,60000,2552,1.0,51,51,0,0,0,1,0
190,RL,100.0,34650,Pave,None,Reg,Bnk,AllPub,Inside,Gtl,Gilbert,Norm,Norm,2fmCon,1Story,5,5,1955,1955,Hip,CompShg,Wd Sdng,Wd Sdng,None,0.0,3,3,CBlock,TA,TA,Mn,Rec,1056,Unf,0,0,1056,GasA,3,N,SBrkr,1056,0,0,1056,1,0,1,0,3,1,3,5,Typ,0,0,Attchd,1955.0,Fin,2,572,3,3,Y,264,0,0,0,0,0,0,None,None,0,1,2006,WD,Normal,145000,2112,2.0,51,51,0,264,0,1,0
20,FV,73.5,4403,Pave,None,IR2,Lvl,AllPub,Inside,Gtl,Somerst,Norm,Norm,1Fam,1Story,7,5,2009,2009,Gable,CompShg,MetalSd,MetalSd,Stone,432.0,5,3,PConc,Ex,TA,Av,GLQ,578,Unf,0,892,1470,GasA,5,Y,SBrkr,1478,0,0,1478,1,0,2,1,2,1,4,7,Typ,1,4,Attchd,2009.0,Fin,2,484,3,3,Y,0,144,0,0,0,0,0,None,None,0,6,2010,New,Partial,222000,2948,3.5,1,1,0,144,0,1,1
30,RM,56.0,8960,Pave,Grvl,Reg,Lvl,AllPub,Inside,Gtl,OldTown,Artery,Norm,1Fam,1Story,5,6,1927,1950,Gable,CompShg,WdShing,Wd Shng,None,0.0,3,3,CBlock,TA,TA,No,Unf,0,Unf,0,1008,1008,GasA,4,Y,FuseA,1028,0,0,1028,0,0,1,0,2,1,3,5,Typ,1,4,Detchd,1927.0,Unf,2,360,3,3,Y,0,0,130,0,0,0,0,None,None,0,3,2010,WD,Normal,115000,2036,1.0,83,60,1,130,0,1,1
60,RL,59.0,11228,Pave,None,IR2,Lvl,AllPub,CulDSac,Gtl,SawyerW,Norm,Norm,1Fam,2Story,7,5,1993,1993,Gable,CompShg,VinylSd,VinylSd,None,0.0,4,3,PConc,Gd,TA,No,BLQ,50,GLQ,531,499,1080,GasA,5,Y,SBrkr,1080,1017,0,2097,0,1,2,1,3,1,4,9,Typ,1,3,Attchd,1993.0,Unf,3,678,3,3,Y,196,187,0,0,0,0,0,None,None,0,12,2008,WD,Normal,228000,3177,3.0,15,15,0,383,0,1,1
20,RL,73.0,8899,Pave,None,IR1,Lvl,AllPub,Inside,Gtl,Gilbert,Norm,Norm,1Fam,1Story,7,5,2007,2007,Gable,CompShg,VinylSd,VinylSd,None,0.0,4,3,PConc,Gd,TA,Av,GLQ,24,Unf,0,1316,1340,GasA,5,Y,SBrkr,1340,0,0,1340,0,0,2,0,3,1,4,6,Typ,0,0,Attchd,2007.0,Fin,2,396,3,3,Y,100,30,0,0,0,0,0,None,None,0,8,2007,New,Partial,181134,2680,2.0,0,0,0,130,0,1,0
60,RL,74.0,7844,Pave,None,Reg,Lvl,AllPub,Inside,Gtl,Sawyer,Norm,Norm,1Fam,2Story,6,7,1978,1978,Hip,CompShg,HdBoard,HdBoard,BrkFace,203.0,3,3,CBlock,TA,TA,No,ALQ,209,Unf,0,463,672,GasA,3,Y,SBrkr,672,728,0,1400,0,0,1,1,3,1,3,6,Typ,1,3,Attchd,1978.0,Fin,2,440,3,3,Y,0,0,0,0,0,0,0,None,None,0,3,2006,WD,Normal,149500,2072,1.5,28,28,0,0,0,1,1
70,RL,86.0,22420,Pave,None,IR1,Lvl,AllPub,Inside,Gtl,Crawfor,Feedr,Norm,1Fam,2Story,6,6,1918,1950,Hip,CompShg,Wd Sdng,Stucco,None,0.0,3,3,BrkTil,Gd,TA,No,BLQ,1128,Unf,0,242,1370,GasW,3,N,FuseA,1370,1254,0,2624,1,0,2,1,4,1,3,10,Typ,1,4,Detchd,1918.0,Unf,3,864,3,3,N,0,0,0,0,0,0,0,None,None,0,11,2007,WD,Normal,239000,3994,3.5,89,57,1,0,0,1,1
50,RL,60.0,8160,Pave,None,Reg,Lvl,AllPub,Inside,Gtl,Edwards,Norm,Norm,1Fam,1.5Fin,5,6,1940,1950,Gable,CompShg,MetalSd,MetalSd,None,0.0,3,3,BrkTil,TA,TA,No,ALQ,312,Unf,0,444,756,GasA,2,N,FuseF,756,378,0,1134,1,0,1,1,3,1,3,7,Typ,0,0,Detchd,1940.0,Unf,1,240,3,3,P,0,0,0,0,0,0,0,None,None,0,4,2007,WD,AdjLand,126000,1890,2.5,67,57,1,0,0,1,0
20,RL,65.0,8450,Pave,None,Reg,Lvl,AllPub,Inside,Gtl,NAmes,Norm,Norm,1Fam,1Story,5,6,1968,1968,Gable,CompShg,VinylSd,VinylSd,None,0.0,3,3,CBlock,TA,TA,No,BLQ,775,Unf,0,281,1056,GasA,5,Y,SBrkr,1056,0,0,1056,1,0,1,0,3,1,3,6,Typ,1,2,Attchd,1968.0,Unf,1,304,3,3,Y,0,85,184,0,0,0,0,None,None,0,7,2010,WD,Normal,142000,2112,2.0,42,42,0,269,0,1,1
90,RM,78.0,7060,Pave,None,Reg,Lvl,AllPub,Inside,Gtl,Mitchel,Norm,Norm,Duplex,SFoyer,7,5,1997,1998,Gable,CompShg,VinylSd,VinylSd,BrkFace,200.0,3,4,PConc,Gd,Gd,Gd,GLQ,1309,Unf,0,35,1344,GasA,5,Y,SBrkr,1344,0,0,1344,2,0,2,0,2,2,3,8,Typ,0,0,Attchd,1997.0,Fin,4,784,3,3,Y,0,0,0,0,0,0,0,None,None,0,11,2008,WD,Alloca,206300,2688,4.0,11,10,1,0,0,1,0
20,RL,80.0,16635,Pave,None,IR1,Lvl,AllPub,FR2,Gtl,NWAmes,Norm,Norm,1Fam,1Story,6,7,1977,2000,Gable,CompShg,CemntBd,CmentBd,Stone,126.0,4,3,CBlock,Gd,TA,No,ALQ,1246,Unf,0,356,1602,GasA,4,Y,SBrkr,1602,0,0,1602,0,1,2,0,3,1,4,8,Typ,1,3,Attchd,1977.0,Fin,2,529,3,3,Y,240,0,0,0,0,0,0,None,None,0,6,2009,WD,Normal,215000,3204,2.5,32,9,1,240,0,1,1
20,RL,100.0,21750,Pave,None,Reg,HLS,AllPub,Inside,Mod,Mitchel,Artery,Norm,1Fam,1Story,5,5,1954,1954,Hip,CompShg,HdBoard,HdBoard,None,0.0,3,3,CBlock,TA,TA,No,Unf,0,Unf,0,988,988,GasA,5,Y,FuseA,988,0,0,988,0,0,1,0,2,1,3,4,Typ,0,0,Attchd,1954.0,RFn,2,520,3,3,N,0,0,0,0,0,0,0,None,None,0,2,2008,WD,Normal,113000,1976,1.0,54,54,0,0,0,1,0
60,RL,80.0,9200,Pave,None,Reg,Lvl,AllPub,Inside,Gtl,NoRidge,Norm,Norm,1Fam,2Story,8,5,1998,1998,Gable,CompShg,VinylSd,VinylSd,BrkFace,473.0,4,3,PConc,Gd,TA,No,GLQ,986,Unf,0,484,1470,GasA,4,Y,SBrkr,1470,1160,0,2630,1,0,2,1,4,1,4,8,Typ,1,3,Attchd,1998.0,Fin,3,696,3,3,Y,0,66,0,0,0,0,0,None,None,0,6,2008,WD,Normal,315000,4100,3.5,10,10,0,66,0,1,1
20,RL,72.0,9000,Pave,None,Reg,Lvl,AllPub,Inside,Gtl,NAmes,Norm,Norm,1Fam,1Story,6,5,1956,1956,Gable,CompShg,Wd Sdng,Wd Sdng,BrkFace,74.0,3,3,CBlock,Gd,TA,No,LwQ,616,Unf,0,580,1196,GasA,4,Y,FuseA,1196,0,0,1196,1,0,1,0,2,1,3,6,Typ,1,4,Attchd,1956.0,RFn,1,297,3,3,Y,0,44,0,0,0,0,0,None,None,0,5,2008,WD,Normal,139000,2392,2.0,52,52,0,44,0,1,1
60,RM,60.0,3378,Pave,Grvl,Reg,HLS,AllPub,Inside,Gtl,OldTown,Norm,Norm,1Fam,2Story,7,8,1946,1992,Gable,CompShg,HdBoard,HdBoard,None,0.0,3,4,CBlock,TA,TA,No,Unf,0,Unf,0,651,651,GasA,4,Y,SBrkr,707,682,0,1389,0,0,1,1,3,1,3,6,Typ,2,4,Detchd,1947.0,Unf,1,240,3,3,P,0,0,126,0,0,0,0,None,None,0,9,2009,WD,Normal,135000,2040,1.5,63,17,1,126,0,1,1
80,RL,66.5,12800,Pave,None,Reg,Low,AllPub,Inside,Mod,SawyerW,Norm,Norm,1Fam,SLvl,7,5,1989,1989,Gable,CompShg,Wd Sdng,Wd Sdng,BrkFace,145.0,4,3,PConc,Gd,TA,Gd,GLQ,1518,Unf,0,0,1518,GasA,4,Y,SBrkr,1644,0,0,1644,1,1,2,0,2,1,4,5,Typ,1,3,Attchd,1989.0,Fin,2,569,3,3,Y,80,0,0,0,396,0,0,None,None,0,8,2009,WD,Normal,275000,3162,3.5,20,20,0,476,0,1,1
20,RL,77.0,8593,Pave,None,IR1,Lvl,AllPub,Inside,Gtl,NAmes,Norm,Norm,1Fam,1Story,4,6,1957,1957,Hip,CompShg,MetalSd,MetalSd,None,0.0,3,3,CBlock,TA,TA,No,Rec,288,Unf,0,619,907,GasA,5,Y,SBrkr,907,0,0,907,0,0,1,0,3,1,3,5,Typ,0,0,Detchd,1964.0,Unf,1,352,3,3,Y,0,0,0,0,0,0,0,None,None,0,7,2008,WD,Normal,109008,1814,1.0,51,51,0,0,0,1,0
20,RL,64.0,6762,Pave,None,Reg,Lvl,AllPub,Inside,Gtl,CollgCr,Norm,Norm,1Fam,1Story,7,5,2007,2007,Gable,CompShg,VinylSd,VinylSd,BrkFace,108.0,4,3,PConc,Gd,TA,No,GLQ,664,Unf,0,544,1208,GasA,5,Y,SBrkr,1208,0,0,1208,1,0,2,0,2,1,4,6,Typ,0,0,Attchd,2007.0,RFn,2,628,3,3,Y,105,54,0,0,0,0,0,None,None,0,9,2007,New,Partial,195400,2416,3.0,0,0,0,159,0,1,0
20,RL,130.0,11457,Pave,None,IR1,Lvl,AllPub,Corner,Gtl,Timber,Norm,Norm,1Fam,1Story,6,5,1988,1988,Gable,CompShg,HdBoard,HdBoard,None,0.0,3,3,CBlock,Gd,TA,Mn,GLQ,1005,Unf,0,387,1392,GasA,3,Y,SBrkr,1412,0,0,1412,1,0,2,0,3,1,4,6,Typ,1,3,Attchd,1988.0,Unf,2,576,3,3,Y,0,0,169,0,0,0,0,None,None,0,3,2009,WD,Normal,175000,2804,3.0,21,21,0,169,0,1,1
160,RM,21.0,1680,Pave,None,Reg,Lvl,AllPub,Inside,Gtl,BrDale,Norm,Norm,Twnhs,2Story,6,5,1971,1971,Gable,CompShg,HdBoard,HdBoard,BrkFace,232.0,3,3,CBlock,TA,TA,No,ALQ,387,Unf,0,96,483,GasA,3,Y,SBrkr,483,504,0,987,0,0,1,1,2,1,3,4,Typ,0,0,Detchd,1971.0,Unf,1,264,3,3,Y,0,0,0,0,0,0,0,None,None,0,7,2008,COD,Abnorml,85400,1470,1.5,37,37,0,0,0,1,0
50,RM,60.0,5586,Pave,None,IR1,Bnk,AllPub,Inside,Gtl,OldTown,Feedr,Norm,1Fam,1.5Fin,6,7,1920,1998,Gable,CompShg,MetalSd,MetalSd,None,0.0,3,3,BrkTil,TA,TA,No,Unf,0,Unf,0,901,901,GasA,4,Y,SBrkr,1088,110,0,1198,0,0,1,0,4,1,3,7,Typ,0,0,None,0.0,None,0,0,0,0,N,0,98,0,0,0,0,0,MnPrv,None,0,9,2008,ConLD,Abnorml,79900,2099,1.0,88,10,1,98,0,0,0
160,RM,24.0,1920,Pave,None,Reg,Lvl,AllPub,Inside,Gtl,BrDale,Norm,Norm,TwnhsE,2Story,5,5,1971,1971,Gable,CompShg,HdBoard,HdBoard,BrkFace,376.0,3,3,CBlock,TA,TA,No,ALQ,471,Unf,0,294,765,GasA,5,Y,SBrkr,765,600,0,1365,1,0,1,1,2,1,3,6,Min1,0,0,Detchd,1971.0,Unf,2,440,3,3,Y,240,36,0,0,0,0,0,None,None,0,8,2007,WD,Normal,122500,2130,2.5,36,36,0,276,0,1,0
60,RL,100.0,10839,Pave,None,IR1,Lvl,AllPub,Corner,Gtl,Gilbert,Norm,Norm,1Fam,2Story,6,5,1997,1998,Gable,CompShg,VinylSd,VinylSd,None,0.0,3,3,PConc,Gd,TA,No,Unf,0,Unf,0,926,926,GasA,5,Y,SBrkr,926,678,0,1604,0,0,2,1,3,1,3,7,Typ,1,3,Attchd,1997.0,Fin,2,470,3,3,Y,0,36,0,0,0,0,0,None,None,0,7,2008,WD,Normal,181000,2530,2.5,11,10,1,36,0,1,1
180,RM,21.0,1890,Pave,None,Reg,Lvl,AllPub,Inside,Gtl,MeadowV,Norm,Norm,Twnhs,SFoyer,4,7,1972,1972,Gable,CompShg,CemntBd,CmentBd,None,0.0,3,4,CBlock,Gd,TA,Av,ALQ,495,Unf,0,135,630,GasA,4,Y,SBrkr,630,0,0,630,1,0,1,0,1,1,3,3,Typ,0,0,None,0.0,None,0,0,0,0,Y,88,0,0,0,0,0,0,None,None,0,6,2008,WD,Normal,81000,1260,2.0,36,36,0,88,0,0,0
60,RL,43.0,10667,Pave,None,IR2,Lvl,AllPub,CulDSac,Gtl,CollgCr,PosN,Norm,1Fam,2Story,7,6,1996,1996,Gable,CompShg,VinylSd,VinylSd,None,0.0,4,3,PConc,Gd,TA,Av,GLQ,385,ALQ,344,70,799,GasA,5,Y,SBrkr,827,834,0,1661,1,0,2,1,3,1,4,6,Typ,1,3,Attchd,1996.0,RFn,2,550,3,3,Y,158,61,0,0,0,0,0,None,None,0,4,2009,ConLw,Normal,212000,2460,3.5,13,13,0,219,0,1,1
50,RM,40.0,4400,Pave,None,Reg,Lvl,AllPub,Inside,Gtl,OldTown,Norm,Norm,1Fam,1.5Fin,6,8,1920,1950,Gable,CompShg,Stucco,Stucco,None,0.0,3,3,BrkTil,Fa,TA,No,Unf,0,Unf,0,648,648,GasA,3,Y,FuseA,734,384,0,1118,0,0,1,0,2,1,3,6,Typ,0,0,Detchd,1990.0,Unf,2,440,3,3,Y,0,0,0,0,0,0,0,None,None,0,10,2006,WD,Normal,116000,1766,1.0,86,56,1,0,0,1,0
45,RM,50.0,6000,Pave,None,Reg,Lvl,AllPub,Inside,Gtl,BrkSide,Norm,Norm,1Fam,1.5Unf,6,7,1926,2004,Gable,CompShg,Wd Sdng,Wd Sdng,None,0.0,4,3,PConc,TA,TA,No,Unf,0,Unf,0,884,884,GasA,4,Y,SBrkr,904,0,0,904,0,0,1,0,2,1,3,4,Typ,0,0,Detchd,1926.0,Unf,1,180,3,3,Y,0,0,105,0,0,0,0,None,None,0,1,2009,WD,Normal,119000,1788,1.0,83,5,1,105,0,1,0
30,RL,40.0,4280,Pave,None,Reg,Lvl,AllPub,Inside,Gtl,Crawfor,Norm,Norm,1Fam,1Story,5,6,1913,2002,Gable,CompShg,WdShing,Stucco,None,0.0,3,3,PConc,TA,TA,No,LwQ,365,Unf,0,75,440,GasA,3,N,SBrkr,694,0,0,694,0,0,1,0,2,1,4,4,Typ,1,4,Detchd,1990.0,Unf,1,352,4,3,P,0,0,34,0,0,0,0,MnPrv,None,0,3,2007,WD,Normal,90350,1134,1.0,94,5,1,34,0,1,1
50,RL,67.0,12354,Pave,Grvl,Reg,Lvl,AllPub,Corner,Gtl,Edwards,Norm,Norm,1Fam,1.5Fin,6,8,1920,2000,Gable,CompShg,Wd Sdng,Wd Sdng,None,0.0,3,3,BrkTil,TA,Fa,Mn,Unf,0,Unf,0,684,684,GasA,4,Y,SBrkr,684,512,0,1196,0,0,1,0,3,1,4,7,Typ,0,0,Detchd,2005.0,Unf,2,528,3,3,Y,0,46,0,0,0,0,0,GdPrv,Shed,800,8,2009,ConLI,Normal,110000,1880,1.0,89,9,1,46,0,1,0
20,RL,105.0,15431,Pave,None,Reg,Lvl,AllPub,Inside,Gtl,NridgHt,Norm,Norm,1Fam,1Story,10,5,2008,2008,Hip,CompShg,VinylSd,VinylSd,Stone,200.0,5,3,PConc,Ex,TA,Gd,GLQ,1767,ALQ,539,788,3094,GasA,5,Y,SBrkr,2402,0,0,2402,1,0,2,0,2,1,5,10,Typ,2,4,Attchd,2008.0,Fin,3,672,3,3,Y,0,72,0,0,170,0,0,None,None,0,4,2009,WD,Normal,555000,5496,3.0,1,1,0,242,0,1,1
90,RL,92.0,12108,Pave,None,Reg,Lvl,AllPub,Inside,Gtl,Edwards,Norm,Norm,Duplex,1Story,4,4,1955,1955,Gable,CompShg,VinylSd,VinylSd,BrkFace,270.0,3,3,CBlock,TA,TA,No,ALQ,133,Unf,0,1307,1440,GasA,3,N,FuseF,1440,0,0,1440,0,0,2,0,4,2,2,8,Typ,0,0,None,0.0,None,0,0,0,0,Y,0,0,0,0,0,0,0,None,None,0,9,2008,WD,Normal,118000,2880,2.0,53,53,0,0,0,0,0
50,RM,52.0,6240,Pave,None,Reg,Lvl,AllPub,Inside,Gtl,BrkSide,Norm,Norm,1Fam,1.5Fin,5,7,1930,1992,Gable,CompShg,MetalSd,MetalSd,None,0.0,3,3,PConc,TA,TA,No,Unf,0,Unf,0,1078,1078,GasA,3,Y,SBrkr,1128,445,0,1573,0,0,2,0,3,1,3,8,Typ,1,4,Detchd,1930.0,Unf,2,360,3,3,P,0,0,0,0,0,0,0,None,None,0,6,2008,WD,Normal,162900,2651,2.0,78,16,1,0,0,1,1
120,RL,53.0,3922,Pave,None,Reg,Lvl,AllPub,Inside,Gtl,Blmngtn,Norm,Norm,TwnhsE,1Story,7,5,2006,2007,Gable,CompShg,WdShing,Wd Shng,BrkFace,72.0,4,3,PConc,Ex,TA,Av,Unf,0,Unf,0,1258,1258,GasA,5,Y,SBrkr,1258,0,0,1258,0,0,2,0,2,1,4,6,Typ,1,4,Attchd,2007.0,Fin,3,648,3,3,Y,144,16,0,0,0,0,0,None,None,0,6,2007,New,Partial,172500,2516,2.0,1,0,1,160,0,1,1
60,RL,70.0,8750,Pave,None,Reg,Lvl,AllPub,Inside,Gtl,CollgCr,Norm,Norm,1Fam,2Story,7,5,1994,1995,Gable,CompShg,VinylSd,VinylSd,None,0.0,4,4,PConc,Gd,TA,No,GLQ,642,Unf,0,273,915,GasA,5,Y,SBrkr,933,975,0,1908,1,0,2,1,4,1,4,8,Typ,1,3,Attchd,1994.0,Unf,2,493,3,3,Y,144,133,0,0,0,0,0,None,None,0,7,2008,WD,Normal,210000,2823,3.5,14,13,1,277,0,1,1
20,RL,73.0,9855,Pave,None,Reg,Lvl,AllPub,Corner,Gtl,Edwards,Norm,Norm,1Fam,1Story,6,5,1956,1956,Hip,CompShg,Wd Sdng,Wd Sdng,None,0.0,3,3,CBlock,TA,TA,No,Unf,0,Unf,0,1436,1436,GasA,2,Y,SBrkr,1689,0,0,1689,0,0,1,0,3,1,3,7,Typ,1,4,Attchd,1956.0,Unf,2,480,3,3,Y,0,0,0,0,0,0,0,MnPrv,None,0,11,2009,COD,Normal,127500,3125,1.0,53,53,0,0,0,1,1
20,RL,137.0,16492,Pave,None,IR1,Lvl,AllPub,Corner,Gtl,NAmes,PosA,Norm,1Fam,1Story,6,6,1966,2002,Gable,CompShg,BrkFace,Plywood,None,0.0,4,3,CBlock,TA,TA,No,ALQ,247,Rec,713,557,1517,GasA,5,Y,SBrkr,1888,0,0,1888,0,0,2,1,2,1,4,6,Mod,1,4,Attchd,1966.0,Fin,2,578,3,3,Y,0,0,0,0,0,0,0,None,None,0,6,2010,WD,Normal,190000,3405,2.5,44,8,1,0,0,1,1
60,RL,65.0,11214,Pave,None,IR1,Lvl,AllPub,Corner,Gtl,Gilbert,Norm,Norm,1Fam,2Story,7,5,1998,1999,Gable,CompShg,VinylSd,VinylSd,None,0.0,4,3,PConc,Gd,TA,No,Unf,0,Unf,0,930,930,GasA,4,Y,SBrkr,956,930,0,1886,0,0,2,1,4,1,4,10,Typ,1,3,Attchd,1998.0,Fin,2,431,3,3,Y,89,0,0,0,0,0,0,None,None,0,7,2006,WD,Normal,199900,2816,2.5,8,7,1,89,0,1,1
50,RM,50.0,8600,Pave,None,Reg,Bnk,AllPub,Inside,Gtl,IDOTRR,Norm,Norm,1Fam,1.5Fin,6,6,1937,1950,Gable,CompShg,MetalSd,MetalSd,None,0.0,3,3,BrkTil,TA,TA,No,Unf,0,Unf,0,780,780,GasA,3,Y,SBrkr,780,596,0,1376,0,0,2,0,3,1,3,7,Typ,1,4,Detchd,1937.0,Unf,1,198,3,3,N,0,0,0,0,0,0,0,None,None,0,6,2006,WD,Normal,119500,2156,2.0,69,56,1,0,0,1,1
50,RM,50.0,6000,Pave,None,Reg,Lvl,AllPub,Inside,Gtl,OldTown,Norm,Norm,1Fam,1.5Fin,3,7,1948,2002,Gable,CompShg,MetalSd,MetalSd,None,0.0,3,4,CBlock,TA,TA,No,ALQ,331,Unf,0,318,649,GasA,5,Y,SBrkr,679,504,0,1183,0,0,1,1,2,1,3,6,Typ,0,0,Detchd,1981.0,Unf,1,308,3,3,Y,0,176,0,0,0,0,0,None,None,0,6,2007,WD,Normal,120000,1832,1.5,59,5,1,176,0,1,0
30,RM,70.0,5684,Pave,None,Reg,Lvl,AllPub,Inside,Gtl,OldTown,Norm,Norm,1Fam,1Story,6,8,1930,2005,Hip,CompShg,Wd Sdng,Wd Sdng,None,0.0,3,3,BrkTil,TA,TA,No,Unf,0,Unf,0,813,813,GasA,5,Y,FuseA,813,0,0,813,0,0,1,0,2,1,4,5,Typ,0,0,Detchd,1932.0,Unf,1,270,2,2,N,0,113,0,0,0,0,0,None,None,0,6,2006,WD,Normal,110000,1626,1.0,76,1,1,113,0,1,0
20,RL,62.0,70761,Pave,None,IR1,Low,AllPub,Inside,Mod,ClearCr,Norm,Norm,1Fam,1Story,7,5,1975,1975,Gable,WdShngl,Plywood,Plywood,None,0.0,3,3,CBlock,Gd,TA,Gd,ALQ,655,Unf,0,878,1533,GasA,3,Y,SBrkr,1533,0,0,1533,1,0,2,0,2,1,4,5,Typ,2,3,Attchd,1975.0,Unf,2,576,3,3,Y,200,54,0,0,0,0,0,None,None,0,12,2006,WD,Normal,280000,3066,3.0,31,31,0,254,0,1,1
60,RL,85.0,9303,Pave,None,IR1,Lvl,AllPub,Corner,Gtl,Timber,Norm,Norm,1Fam,2Story,6,5,1996,1997,Hip,CompShg,VinylSd,VinylSd,BrkFace,42.0,4,3,PConc,Ex,TA,No,ALQ,742,Unf,0,130,872,GasA,5,Y,SBrkr,888,868,0,1756,1,0,2,1,3,1,3,7,Typ,0,0,Attchd,1996.0,Fin,2,422,3,3,Y,144,122,0,0,0,0,0,None,None,0,7,2007,WD,Normal,204000,2628,3.5,11,10,1,266,0,1,0
60,FV,75.0,9000,Pave,None,Reg,Lvl,AllPub,Inside,Gtl,Somerst,Norm,Norm,1Fam,2Story,8,5,2008,2008,Gable,CompShg,VinylSd,VinylSd,None,0.0,4,3,PConc,Gd,TA,No,Unf,0,Unf,0,768,768,GasA,5,Y,SBrkr,786,804,0,1590,0,0,2,1,3,1,4,6,Typ,0,0,Attchd,2008.0,RFn,2,676,3,3,Y,0,30,0,0,0,0,0,None,None,0,6,2009,WD,Normal,210000,2358,2.5,1,1,0,30,0,1,0
90,RL,63.0,9297,Pave,None,Reg,Lvl,AllPub,Inside,Gtl,Mitchel,Norm,Norm,Duplex,1Story,5,5,1976,1976,Gable,CompShg,Plywood,Plywood,None,0.0,3,3,CBlock,TA,TA,No,ALQ,1606,Unf,0,122,1728,GasA,3,Y,SBrkr,1728,0,0,1728,2,0,2,0,4,2,3,8,Typ,0,0,Detchd,1976.0,Unf,2,560,3,3,Y,0,0,0,0,0,0,0,None,None,0,7,2006,WD,Family,188000,3456,4.0,30,30,0,0,0,1,0
20,RL,80.0,9600,Pave,None,Reg,Lvl,AllPub,Inside,Gtl,NWAmes,Norm,Norm,1Fam,1Story,7,6,1973,1973,Hip,CompShg,HdBoard,HdBoard,BrkFace,320.0,3,3,CBlock,TA,TA,No,ALQ,916,Unf,0,326,1242,GasA,2,Y,SBrkr,1242,0,0,1242,0,0,1,1,3,1,3,6,Typ,1,3,Attchd,1973.0,Unf,2,528,3,3,Y,0,0,0,0,0,0,0,None,None,0,9,2007,WD,Normal,175500,2484,1.5,34,34,0,0,0,1,1
70,RM,34.0,4571,Pave,Grvl,Reg,Lvl,AllPub,Inside,Gtl,OldTown,Norm,Norm,1Fam,2Story,5,5,1916,1950,Gable,CompShg,AsbShng,AsbShng,None,0.0,3,3,BrkTil,TA,TA,No,Unf,0,Unf,0,624,624,GasA,2,N,SBrkr,624,720,0,1344,0,0,1,0,4,1,3,7,Typ,0,0,Detchd,1916.0,Unf,3,513,2,2,Y,0,0,96,0,0,0,0,None,None,0,5,2008,COD,Abnorml,98000,1968,1.0,92,58,1,96,0,1,0
20,RL,80.0,53227,Pave,None,IR1,Low,AllPub,CulDSac,Mod,ClearCr,Norm,Norm,1Fam,1Story,4,6,1954,1994,Flat,Tar&Grv,Plywood,Plywood,None,0.0,3,3,CBlock,Gd,TA,Gd,BLQ,1116,Unf,0,248,1364,GasA,5,Y,SBrkr,1663,0,0,1663,1,0,1,0,2,1,4,6,Min1,2,4,Attchd,1954.0,Fin,2,529,3,3,Y,224,137,0,0,0,0,0,None,None,0,3,2008,WD,Normal,256000,3027,2.0,54,14,1,361,0,1,1
70,RM,60.0,5100,Pave,Grvl,Reg,Lvl,AllPub,Inside,Gtl,OldTown,Norm,Norm,1Fam,2Story,8,7,1925,1996,Hip,CompShg,Stucco,Wd Shng,None,0.0,3,4,PConc,TA,TA,No,Unf,0,Unf,0,588,588,GasA,2,Y,SBrkr,833,833,0,1666,0,0,1,0,3,1,4,7,Typ,1,4,Detchd,1925.0,Unf,1,228,3,3,Y,192,63,0,0,0,0,0,MnPrv,None,0,6,2008,WD,Normal,161000,2254,1.0,83,12,1,255,0,1,1
50,RL,52.0,7015,Pave,None,IR1,Bnk,AllPub,Corner,Gtl,BrkSide,Norm,Norm,1Fam,1.5Fin,5,4,1950,1950,Gable,CompShg,MetalSd,MetalSd,BrkCmn,161.0,3,3,CBlock,TA,TA,No,LwQ,185,Unf,0,524,709,GasA,3,Y,SBrkr,979,224,0,1203,1,0,1,0,3,1,4,5,Typ,1,3,Detchd,1950.0,Unf,1,352,3,3,Y,0,0,248,0,0,0,0,None,None,0,7,2009,WD,Normal,110000,1912,2.0,59,59,0,248,0,1,1
60,FV,75.0,8004,Pave,None,IR1,Lvl,AllPub,Inside,Gtl,Somerst,RRAn,Norm,1Fam,2Story,8,5,2009,2009,Gable,CompShg,VinylSd,VinylSd,Stone,110.0,4,3,PConc,Gd,TA,No,GLQ,544,Unf,0,288,832,GasA,5,Y,SBrkr,832,1103,0,1935,1,0,2,1,3,1,3,8,Typ,0,0,BuiltIn,2009.0,Fin,2,552,3,3,Y,0,150,0,0,0,0,0,None,None,0,12,2009,New,Partial,263435,2767,3.5,0,0,0,150,0,1,0
70,RL,60.0,7200,Pave,None,Reg,Lvl,AllPub,Inside,Gtl,SWISU,Feedr,Norm,1Fam,2Story,7,9,1936,2007,Gable,CompShg,Wd Sdng,Wd Sdng,None,0.0,4,4,PConc,Gd,Gd,No,ALQ,350,BLQ,210,0,560,GasA,5,Y,SBrkr,575,560,0,1135,1,0,1,0,3,1,4,6,Typ,0,0,Detchd,1971.0,RFn,2,576,3,3,Y,256,0,0,0,0,0,0,MnPrv,None,0,4,2009,WD,Normal,155000,1695,2.0,73,2,1,256,0,1,0
20,RL,60.0,8281,Pave,None,IR1,Lvl,AllPub,Inside,Gtl,Sawyer,Norm,Norm,1Fam,1Story,5,5,1965,1965,Gable,CompShg,MetalSd,MetalSd,None,0.0,3,3,CBlock,TA,TA,No,Rec,553,BLQ,311,0,864,GasA,4,Y,SBrkr,864,0,0,864,0,0,1,0,3,1,3,5,Typ,1,1,Detchd,1965.0,Unf,1,360,3,3,Y,0,0,236,0,0,0,0,GdWo,None,0,12,2009,WD,Normal,62383,1728,1.0,44,44,0,236,0,1,1
70,RL,74.0,11988,Pave,None,IR1,HLS,AllPub,Inside,Mod,Crawfor,Norm,Norm,1Fam,2Story,6,7,1934,1995,Hip,CompShg,Stucco,Stucco,None,0.0,3,3,CBlock,TA,TA,No,LwQ,326,Unf,0,389,715,GasA,2,Y,FuseA,849,811,0,1660,0,0,1,1,3,1,3,6,Typ,1,4,Detchd,1939.0,Unf,1,240,3,3,Y,0,0,0,0,0,0,0,None,None,0,8,2008,WD,Normal,188700,2375,1.5,74,13,1,0,0,1,1
20,RL,60.0,8430,Pave,None,Reg,HLS,AllPub,Inside,Mod,CollgCr,Norm,Norm,1Fam,1Story,5,5,1978,1978,Gable,CompShg,HdBoard,HdBoard,BrkFace,136.0,3,3,CBlock,Gd,TA,No,Rec,616,Unf,0,424,1040,GasA,3,Y,SBrkr,1040,0,0,1040,0,0,2,0,3,1,3,5,Typ,0,0,None,0.0,None,0,0,0,0,Y,0,0,0,0,0,0,0,None,None,0,8,2009,WD,Normal,124000,2080,2.0,31,31,0,0,0,0,0
120,RM,43.0,3072,Pave,None,Reg,Lvl,AllPub,Inside,Gtl,Blmngtn,Norm,Norm,TwnhsE,1Story,7,5,2004,2004,Hip,CompShg,VinylSd,VinylSd,BrkFace,18.0,4,3,PConc,Gd,TA,No,Unf,0,Unf,0,1375,1375,GasA,5,Y,SBrkr,1414,0,0,1414,0,0,2,0,2,1,4,6,Typ,1,3,Attchd,2004.0,Fin,2,398,3,3,Y,144,20,0,0,0,0,0,None,None,0,5,2006,WD,Normal,178740,2789,2.0,2,2,0,164,0,1,1
20,RL,85.0,10628,Pave,None,Reg,Lvl,AllPub,Inside,Gtl,NAmes,Norm,Norm,1Fam,1Story,7,5,1970,1970,Flat,Tar&Grv,Plywood,Plywood,None,0.0,3,4,CBlock,TA,Gd,Gd,GLQ,778,Unf,0,499,1277,GasA,3,Y,SBrkr,1277,0,0,1277,1,0,1,0,2,1,3,5,Typ,1,1,Attchd,1970.0,Unf,2,526,3,3,Y,0,0,0,0,176,0,0,GdWo,None,0,4,2007,WD,Normal,167000,2554,2.0,37,37,0,176,0,1,1
70,RL,79.0,9480,Pave,None,Reg,Lvl,AllPub,Inside,Gtl,NAmes,Artery,Norm,1Fam,2Story,5,7,1942,1995,Gable,CompShg,MetalSd,MetalSd,Stone,224.0,3,3,CBlock,TA,TA,No,LwQ,386,Unf,0,342,728,GasA,5,Y,SBrkr,888,756,0,1644,0,0,1,1,3,1,4,7,Typ,2,4,Attchd,1942.0,Unf,1,312,3,3,Y,168,0,0,0,0,0,0,None,None,0,6,2007,WD,Normal,146500,2372,1.5,65,12,1,168,0,1,1
20,RL,98.0,11428,Pave,None,IR1,Lvl,AllPub,Inside,Gtl,NridgHt,Norm,Norm,1Fam,1Story,8,5,2006,2006,Gable,CompShg,VinylSd,VinylSd,Stone,248.0,4,3,PConc,Gd,TA,No,Unf,0,Unf,0,1626,1626,GasA,5,Y,SBrkr,1634,0,0,1634,0,0,2,0,3,1,4,7,Typ,1,4,Attchd,2006.0,RFn,3,866,3,3,Y,0,44,0,0,0,0,0,None,None,0,5,2007,WD,Normal,250000,3260,2.0,1,1,0,44,0,1,1
60,RL,76.0,9291,Pave,None,IR1,Lvl,AllPub,Corner,Gtl,SawyerW,RRNe,Norm,1Fam,2Story,6,5,1993,1993,Gable,CompShg,HdBoard,HdBoard,BrkFace,120.0,4,3,PConc,Gd,TA,No,GLQ,426,Unf,0,406,832,GasA,5,Y,SBrkr,832,878,0,1710,0,0,2,1,3,1,4,7,Typ,0,0,Attchd,1993.0,RFn,2,506,3,3,Y,144,70,0,0,0,0,0,None,None,0,6,2008,WD,Normal,187000,2542,2.5,15,15,0,214,0,1,0
120,RL,61.5,6820,Pave,None,IR1,Lvl,AllPub,Corner,Gtl,StoneBr,Norm,Norm,TwnhsE,1Story,8,5,1985,1985,Gable,CompShg,HdBoard,HdBoard,None,0.0,4,3,PConc,Gd,TA,Av,GLQ,368,BLQ,1120,0,1488,GasA,3,Y,SBrkr,1502,0,0,1502,1,0,1,1,1,1,4,4,Typ,0,0,Attchd,1985.0,RFn,2,528,3,3,Y,0,54,0,0,140,0,0,None,None,0,6,2010,WD,Normal,212000,2990,2.5,25,25,0,194,0,1,0
60,RL,92.0,11952,Pave,None,Reg,Lvl,AllPub,Inside,Gtl,NWAmes,PosA,Norm,1Fam,2Story,7,6,1977,1977,Mansard,WdShake,WdShing,Plywood,None,0.0,3,3,CBlock,Gd,TA,No,Unf,0,Unf,0,808,808,GasA,3,Y,SBrkr,1161,808,0,1969,0,0,2,1,3,1,3,8,Typ,1,4,Attchd,1977.0,RFn,2,534,3,3,Y,0,0,0,0,276,0,0,None,None,0,11,2007,WD,Normal,190000,2777,2.5,30,30,0,276,0,1,1
180,RM,35.0,3675,Pave,None,Reg,Lvl,AllPub,Inside,Gtl,Edwards,Norm,Norm,TwnhsE,SLvl,6,5,2005,2005,Gable,CompShg,VinylSd,VinylSd,BrkFace,80.0,3,3,PConc,Gd,TA,Gd,GLQ,459,Unf,0,88,547,GasA,5,Y,SBrkr,1072,0,0,1072,1,0,1,0,2,1,3,5,Typ,0,0,Basment,2005.0,RFn,2,525,3,3,Y,0,28,0,0,0,0,0,None,None,0,6,2008,WD,Normal,148000,1619,2.0,3,3,0,28,0,1,0
20,RL,110.0,14977,Pave,None,IR1,Lvl,AllPub,Inside,Gtl,NridgHt,Norm,Norm,1Fam,1Story,8,5,2006,2007,Gable,CompShg,VinylSd,VinylSd,BrkFace,304.0,4,3,PConc,Ex,TA,Gd,GLQ,1350,Unf,0,626,1976,GasA,5,Y,SBrkr,1976,0,0,1976,1,0,2,0,2,1,4,7,Typ,1,5,Attchd,2006.0,RFn,3,908,3,3,Y,250,63,0,0,0,0,0,None,None,0,7,2007,New,Partial,440000,3952,3.0,1,0,1,313,0,1,1
120,RL,41.0,5330,Pave,None,Reg,Lvl,AllPub,Inside,Gtl,StoneBr,Norm,Norm,TwnhsE,1Story,8,5,2000,2000,Gable,CompShg,CemntBd,CmentBd,None,0.0,4,3,PConc,Gd,TA,Av,GLQ,1196,Unf,0,298,1494,GasA,5,Y,SBrkr,1652,0,0,1652,1,0,2,0,2,1,5,6,Typ,0,0,Attchd,2000.0,RFn,2,499,3,3,Y,96,48,0,0,0,0,0,None,None,0,8,2007,WD,Normal,251000,3146,3.0,7,7,0,144,0,1,0
20,RL,80.0,8480,Pave,None,Reg,Lvl,AllPub,Corner,Gtl,Sawyer,Norm,Norm,1Fam,1Story,5,6,1963,1963,Hip,CompShg,HdBoard,HdBoard,None,0.0,3,3,CBlock,TA,TA,No,GLQ,630,Unf,0,340,970,GasA,3,Y,SBrkr,970,0,0,970,1,0,1,0,2,1,3,5,Typ,0,0,Detchd,1996.0,Unf,2,624,3,3,Y,0,24,0,0,192,0,0,None,None,0,7,2007,WD,Normal,132500,1940,2.0,44,44,0,216,0,1,0
20,RL,75.0,13125,Pave,None,Reg,Lvl,AllPub,Inside,Mod,CollgCr,Norm,Norm,1Fam,1Story,6,5,1997,1998,Gable,CompShg,VinylSd,VinylSd,BrkFace,215.0,3,3,PConc,Gd,TA,Gd,GLQ,994,Unf,0,484,1478,GasA,5,Y,SBrkr,1493,0,0,1493,1,0,2,0,3,1,4,7,Typ,1,3,Attchd,1997.0,Fin,2,508,3,3,Y,140,39,0,0,0,0,0,None,None,0,4,2008,WD,Normal,208900,2971,3.0,11,10,1,179,0,1,1
60,RL,105.0,13693,Pave,None,Reg,Lvl,AllPub,Inside,Gtl,NridgHt,Norm,Norm,1Fam,2Story,9,5,2006,2006,Hip,CompShg,VinylSd,VinylSd,BrkFace,772.0,5,3,PConc,Gd,TA,Av,Unf,0,Unf,0,2153,2153,GasA,5,Y,SBrkr,2069,574,0,2643,0,0,2,1,3,1,5,9,Typ,1,4,BuiltIn,2006.0,Fin,3,694,3,3,Y,414,84,0,0,0,0,0,None,None,0,3,2007,WD,Normal,380000,4796,2.5,1,1,0,498,0,1,1
20,RL,79.0,10637,Pave,None,Reg,Lvl,AllPub,Inside,Gtl,CollgCr,Norm,Norm,1Fam,1Story,8,5,2007,2008,Hip,CompShg,VinylSd,VinylSd,Stone,336.0,4,3,PConc,Ex,TA,Gd,GLQ,1288,Unf,0,417,1705,GasA,5,Y,SBrkr,1718,0,0,1718,1,0,2,0,3,1,4,7,Typ,1,4,Attchd,2007.0,RFn,3,826,3,3,Y,208,44,0,0,0,0,0,None,None,0,9,2009,WD,Normal,297000,3423,3.0,2,1,1,252,0,1,1
30,RM,50.0,5925,Pave,None,Reg,Bnk,AllPub,Inside,Gtl,OldTown,Norm,Norm,1Fam,1Story,4,7,1937,2000,Hip,CompShg,Stucco,Stucco,BrkCmn,435.0,3,3,BrkTil,Fa,TA,No,Rec,168,Unf,0,739,907,GasA,3,Y,SBrkr,1131,0,0,1131,0,0,1,0,2,1,3,7,Typ,0,0,Detchd,1995.0,Unf,2,672,3,3,Y,0,72,0,0,0,0,0,MnPrv,None,0,3,2007,WD,Alloca,89471,2038,1.0,70,7,1,72,0,1,0
20,RL,98.0,16033,Pave,None,IR1,Lvl,AllPub,FR2,Gtl,NridgHt,Norm,Norm,1Fam,1Story,9,5,2004,2005,Hip,CompShg,VinylSd,VinylSd,BrkFace,378.0,4,3,PConc,Ex,TA,Gd,GLQ,1261,Unf,0,572,1833,GasA,5,Y,SBrkr,1850,0,0,1850,1,0,2,0,3,1,4,8,Typ,1,4,Attchd,2004.0,Fin,3,772,3,3,Y,519,112,0,0,0,0,0,None,None,0,3,2006,WD,Normal,326000,3683,3.0,2,1,1,631,0,1,1
20,RL,72.0,11846,Pave,None,IR1,HLS,AllPub,Inside,Gtl,NridgHt,Norm,Norm,1Fam,1Story,9,5,2003,2004,Hip,CompShg,VinylSd,VinylSd,BrkFace,562.0,4,3,PConc,Ex,TA,Gd,GLQ,1567,Unf,0,225,1792,GasA,5,Y,SBrkr,1792,0,0,1792,1,0,2,0,2,1,5,6,Typ,1,4,Attchd,2003.0,Fin,3,874,3,3,Y,206,49,0,0,0,0,0,None,None,0,8,2006,WD,Normal,374000,3584,3.0,3,2,1,255,0,1,1
70,RM,50.0,2500,Pave,Pave,Reg,Lvl,AllPub,Corner,Gtl,OldTown,Norm,Norm,1Fam,2Story,7,8,1915,2005,Gable,CompShg,Stucco,Stucco,None,0.0,4,3,PConc,TA,TA,No,ALQ,299,Unf,0,611,910,GasA,5,Y,SBrkr,916,910,0,1826,1,0,1,1,4,1,5,7,Min2,1,4,Attchd,1915.0,Unf,1,164,2,2,Y,0,0,0,0,0,0,0,None,None,0,6,2009,WD,Normal,155000,2736,2.5,94,4,1,0,0,1,1
120,RM,32.0,4500,Pave,None,Reg,Lvl,AllPub,FR2,Gtl,Mitchel,Norm,Norm,Twnhs,1Story,6,5,1998,1998,Hip,CompShg,VinylSd,VinylSd,BrkFace,116.0,3,3,PConc,Ex,TA,No,GLQ,897,Unf,0,319,1216,GasA,5,Y,SBrkr,1216,0,0,1216,1,0,2,0,2,1,3,5,Typ,0,0,Attchd,1998.0,Unf,2,402,3,3,Y,0,125,0,0,0,0,0,None,None,0,5,2006,WD,Normal,164000,2432,3.0,8,8,0,125,0,1,0
20,RL,71.0,7758,Pave,None,IR1,Lvl,AllPub,Corner,Gtl,Sawyer,Norm,Norm,1Fam,1Story,5,7,1962,2001,Gable,CompShg,HdBoard,Plywood,None,0.0,3,4,CBlock,TA,TA,No,ALQ,588,Unf,0,411,999,GasA,4,Y,SBrkr,999,0,0,999,1,0,1,0,3,1,4,6,Typ,0,0,Detchd,1963.0,Unf,1,264,3,3,Y,0,132,0,0,0,0,0,None,None,0,3,2007,WD,Normal,132500,1998,2.0,45,6,1,132,0,1,0
20,RL,80.0,9600,Pave,None,Reg,Lvl,AllPub,Inside,Gtl,NAmes,Norm,Norm,1Fam,1Story,5,7,1950,2007,Gable,CompShg,MetalSd,MetalSd,None,0.0,4,3,CBlock,TA,TA,No,ALQ,607,Unf,0,506,1113,GasA,4,Y,SBrkr,1113,0,0,1113,0,0,1,0,3,1,4,5,Typ,1,4,Attchd,1950.0,Unf,1,264,3,3,Y,0,80,120,0,0,0,0,None,None,0,7,2009,WD,Normal,147000,2226,1.0,59,2,1,200,0,1,1
20,RL,79.0,10289,Pave,None,Reg,Lvl,AllPub,Inside,Gtl,NAmes,Norm,Norm,1Fam,1Story,5,7,1965,1965,Hip,CompShg,MetalSd,MetalSd,BrkFace,168.0,3,3,CBlock,TA,TA,No,ALQ,836,Unf,0,237,1073,GasA,3,Y,SBrkr,1073,0,0,1073,1,0,1,1,3,1,3,6,Typ,0,0,Attchd,1965.0,RFn,2,515,3,3,Y,0,0,0,0,0,0,0,None,None,0,6,2007,WD,Normal,156000,2146,2.5,42,42,0,0,0,1,0
20,RL,70.0,12243,Pave,None,IR1,Lvl,AllPub,Inside,Gtl,NWAmes,Norm,Norm,1Fam,1Story,5,6,1971,1971,Gable,CompShg,Plywood,Plywood,None,0.0,3,3,CBlock,Gd,TA,Av,ALQ,998,Unf,0,486,1484,GasA,4,Y,SBrkr,1484,0,0,1484,0,0,2,0,3,1,3,7,Typ,1,3,Attchd,1971.0,Unf,2,487,3,3,Y,224,0,0,0,180,0,0,None,None,0,2,2007,WD,Normal,175000,2968,2.0,36,36,0,404,0,1,1
190,RL,60.0,10800,Pave,None,Reg,Lvl,AllPub,Corner,Gtl,OldTown,Norm,Norm,2fmCon,1.5Fin,5,4,1900,1970,Gable,CompShg,Wd Sdng,Wd Sdng,None,0.0,3,2,CBlock,TA,Fa,No,BLQ,664,Unf,0,290,954,GasA,3,N,FuseA,1766,648,0,2414,0,0,2,0,3,2,3,10,Mod,1,4,Attchd,1970.0,Unf,2,520,3,2,N,142,0,0,0,0,0,0,None,None,0,5,2006,ConLD,Normal,160000,3368,2.0,106,36,1,142,0,1,1
180,RM,21.0,1526,Pave,None,Reg,Lvl,AllPub,Inside,Gtl,MeadowV,Norm,Norm,Twnhs,SFoyer,4,8,1970,2002,Gable,CompShg,CemntBd,CmentBd,None,0.0,3,4,CBlock,Gd,TA,Av,GLQ,515,Unf,0,115,630,GasA,3,Y,SBrkr,630,0,0,630,1,0,1,0,1,1,4,3,Typ,0,0,Attchd,1970.0,Unf,1,286,3,3,Y,0,0,0,0,0,0,0,None,None,0,5,2009,WD,Normal,86000,1260,2.0,39,7,1,0,0,1,0
160,RM,21.0,2665,Pave,None,Reg,Lvl,AllPub,Inside,Gtl,MeadowV,Norm,Norm,TwnhsE,2Story,5,6,1976,1976,Gable,CompShg,CemntBd,CmentBd,None,0.0,3,3,PConc,Gd,TA,Mn,Unf,0,Unf,0,264,264,GasA,3,Y,SBrkr,616,688,0,1304,0,0,1,1,3,1,3,4,Typ,1,4,BuiltIn,1976.0,Fin,1,336,3,3,Y,141,24,0,0,0,0,0,None,None,0,6,2008,WD,Normal,115000,1568,1.5,32,32,0,165,0,1,1
50,RL,79.0,9490,Pave,None,Reg,Lvl,AllPub,Inside,Gtl,NAmes,Artery,Norm,1Fam,1.5Fin,6,7,1941,1950,Gable,CompShg,Wd Sdng,Wd Sdng,None,0.0,3,3,CBlock,TA,TA,No,BLQ,403,Rec,165,238,806,GasA,3,Y,FuseA,958,620,0,1578,1,0,1,0,3,1,2,5,Typ,2,3,Attchd,1941.0,Unf,1,240,3,3,Y,0,0,32,0,0,0,0,MnPrv,None,0,8,2006,WD,Normal,133000,2384,2.0,65,56,1,32,0,1,1
60,RL,105.0,15578,Pave,None,IR1,Lvl,AllPub,Corner,Gtl,Gilbert,Norm,Norm,1Fam,2Story,6,5,2006,2006,Gable,CompShg,VinylSd,VinylSd,None,0.0,4,3,PConc,Gd,TA,No,Unf,0,Unf,0,728,728,GasA,4,Y,SBrkr,728,728,0,1456,0,0,2,1,3,1,3,8,Typ,0,0,Attchd,2006.0,RFn,2,429,3,3,Y,0,0,0,0,0,0,0,None,None,0,5,2006,New,Partial,172785,2184,2.5,0,0,0,0,0,1,0
20,RL,70.0,7931,Pave,None,Reg,Lvl,AllPub,Inside,Gtl,NAmes,Norm,Norm,1Fam,1Story,5,6,1960,1960,Gable,CompShg,BrkFace,Wd Sdng,None,0.0,3,3,CBlock,TA,TA,No,BLQ,374,LwQ,532,363,1269,GasA,3,Y,FuseA,1269,0,0,1269,0,0,1,1,3,1,3,6,Typ,1,2,Detchd,1964.0,Unf,1,308,3,3,Y,0,0,0,0,0,0,0,None,None,0,6,2008,WD,Normal,155000,2538,1.5,48,48,0,0,0,1,1
30,RM,50.0,5784,Pave,None,Reg,Lvl,AllPub,Inside,Gtl,OldTown,Artery,Norm,1Fam,1Story,5,8,1938,1996,Gable,CompShg,MetalSd,MetalSd,None,0.0,3,3,BrkTil,Fa,TA,No,Unf,0,Unf,0,190,190,GasA,4,Y,FuseA,886,0,0,886,0,0,1,0,2,1,3,4,Typ,0,0,Attchd,1938.0,Unf,1,273,3,3,Y,144,20,80,0,0,0,0,None,None,0,12,2009,WD,Normal,91300,1076,1.0,71,13,1,244,0,1,0
30,C (all),60.0,7879,Pave,None,Reg,Lvl,AllPub,Inside,Gtl,IDOTRR,Norm,Norm,1Fam,1Story,4,5,1920,1950,Gable,CompShg,Wd Sdng,Wd Sdng,None,0.0,3,3,CBlock,TA,TA,No,Rec,495,Unf,0,225,720,GasA,3,N,FuseA,720,0,0,720,0,0,1,0,2,1,3,4,Typ,0,0,None,0.0,None,0,0,0,0,N,0,523,115,0,0,0,0,GdWo,None,0,11,2009,WD,Abnorml,34900,1440,1.0,89,59,1,638,0,0,0
20,RL,91.0,12692,Pave,None,IR1,Lvl,AllPub,Inside,Gtl,NoRidge,Norm,Norm,1Fam,1Story,8,5,1992,1993,Hip,CompShg,BrkFace,BrkFace,None,0.0,4,3,PConc,Gd,TA,No,GLQ,1231,Unf,0,1969,3200,GasA,5,Y,SBrkr,3228,0,0,3228,1,0,3,0,4,1,4,10,Typ,1,4,Attchd,1992.0,RFn,2,546,3,3,Y,264,75,291,0,0,0,0,None,None,0,5,2007,WD,Normal,430000,6428,4.0,15,14,1,630,0,1,1
50,RL,60.0,9120,Pave,Pave,Reg,Lvl,AllPub,Inside,Gtl,BrkSide,Norm,Norm,1Fam,1.5Fin,7,6,1925,1950,Gable,CompShg,Wd Sdng,Wd Sdng,None,0.0,3,4,PConc,TA,TA,No,Rec,329,Unf,0,697,1026,GasA,5,Y,SBrkr,1133,687,0,1820,1,0,2,0,4,1,3,8,Typ,0,0,Detchd,1925.0,Unf,1,240,3,3,N,0,100,0,0,0,0,0,GdPrv,None,0,6,2008,WD,Normal,184000,2846,3.0,83,58,1,100,0,1,0
20,RL,65.0,7800,Pave,None,Reg,Lvl,AllPub,Inside,Gtl,Sawyer,Norm,Norm,1Fam,1Story,5,7,1967,2004,Hip,CompShg,HdBoard,HdBoard,BrkFace,89.0,3,3,PConc,TA,TA,No,ALQ,450,Unf,0,414,864,GasA,5,Y,SBrkr,899,0,0,899,0,0,1,0,3,1,4,5,Typ,0,0,Attchd,1967.0,Fin,1,288,3,3,Y,64,0,0,0,0,0,0,MnPrv,None,0,6,2009,WD,Normal,130000,1763,1.0,42,5,1,64,0,1,0
20,RL,70.0,7535,Pave,None,IR1,Lvl,AllPub,Inside,Gtl,NAmes,Norm,Norm,1Fam,1Story,5,7,1958,1985,Gable,CompShg,MetalSd,MetalSd,None,0.0,3,3,CBlock,TA,TA,No,BLQ,111,LwQ,279,522,912,GasA,2,Y,SBrkr,912,0,0,912,0,1,1,0,2,1,3,5,Typ,0,0,Attchd,1958.0,Fin,1,297,3,3,Y,12,285,0,0,0,0,0,MnWw,Shed,480,6,2007,WD,Normal,120000,1824,1.5,49,22,1,297,0,1,0
160,RM,21.0,1890,Pave,None,Reg,Lvl,AllPub,Inside,Gtl,BrDale,Norm,Norm,Twnhs,2Story,6,5,1973,1973,Gable,CompShg,HdBoard,HdBoard,BrkFace,285.0,3,3,CBlock,TA,TA,No,BLQ,356,Unf,0,316,672,GasA,3,Y,SBrkr,672,546,0,1218,0,0,1,1,3,1,3,7,Typ,0,0,Detchd,1973.0,Unf,1,264,3,3,Y,144,28,0,0,0,0,0,None,None,0,5,2007,WD,Normal,113000,1890,1.5,34,34,0,172,0,1,0
60,FV,75.0,9803,Pave,None,Reg,Lvl,AllPub,Inside,Gtl,Somerst,Norm,Norm,1Fam,2Story,7,5,2005,2005,Gable,CompShg,VinylSd,VinylSd,None,0.0,4,3,PConc,Gd,TA,No,GLQ,400,Unf,0,466,866,GasA,4,Y,SBrkr,866,902,0,1768,0,0,2,1,3,1,4,7,Typ,0,0,Attchd,2005.0,RFn,2,603,3,3,Y,0,108,0,0,0,0,0,None,None,0,2,2008,WD,Normal,226700,2634,2.5,3,3,0,108,0,1,0
20,RL,70.0,9170,Pave,None,Reg,Lvl,AllPub,Corner,Gtl,Edwards,Feedr,Norm,1Fam,1Story,5,7,1965,1965,Hip,CompShg,MetalSd,MetalSd,None,0.0,3,3,CBlock,TA,TA,No,ALQ,698,GLQ,96,420,1214,GasA,5,Y,SBrkr,1214,0,0,1214,1,0,1,0,2,1,3,6,Typ,0,0,Detchd,1965.0,Unf,2,461,2,2,Y,0,0,184,0,0,0,0,GdPrv,Shed,400,4,2007,WD,Normal,140000,2428,2.0,42,42,0,184,0,1,0
20,RL,100.0,15602,Pave,None,IR1,Lvl,AllPub,Inside,Gtl,Crawfor,Norm,Norm,1Fam,1Story,7,8,1959,1997,Gable,CompShg,BrkFace,Wd Sdng,None,0.0,3,3,CBlock,TA,TA,No,ALQ,1247,Unf,0,254,1501,GasA,3,Y,SBrkr,1801,0,0,1801,1,0,2,0,1,1,3,6,Typ,2,3,Attchd,1959.0,Fin,2,484,3,3,Y,0,54,0,0,161,0,0,GdWo,None,0,3,2010,WD,Normal,289000,3302,3.0,51,13,1,215,0,1,1
160,RL,24.0,2308,Pave,None,Reg,Lvl,AllPub,Inside,Gtl,NPkVill,Norm,Norm,TwnhsE,2Story,6,5,1974,1974,Gable,CompShg,Plywood,Brk Cmn,None,0.0,3,3,CBlock,TA,TA,No,ALQ,257,Rec,495,103,855,GasA,3,Y,SBrkr,855,467,0,1322,0,1,2,1,3,1,3,6,Typ,1,2,Attchd,1974.0,Unf,2,440,3,3,Y,260,0,0,0,0,0,0,None,None,0,6,2009,WD,Normal,147000,2177,3.0,35,35,0,260,0,1,1
90,RM,60.0,7596,Pave,Grvl,Reg,Lvl,AllPub,Inside,Gtl,OldTown,Artery,Norm,Duplex,2Story,5,5,1952,1952,Hip,CompShg,Wd Sdng,Wd Sdng,BrkFace,360.0,3,3,CBlock,TA,TA,No,Unf,0,Unf,0,960,960,GasA,4,Y,SBrkr,960,1000,0,1960,0,0,2,0,4,2,3,10,Typ,0,0,Detchd,1952.0,Unf,2,400,3,3,N,0,0,0,0,0,0,0,None,None,0,7,2009,COD,Normal,124500,2920,2.0,57,57,0,0,0,1,0
60,RL,80.0,9554,Pave,None,IR1,Lvl,AllPub,Inside,Gtl,SawyerW,Norm,Norm,1Fam,2Story,8,5,1993,1994,Gable,CompShg,VinylSd,VinylSd,BrkFace,125.0,4,3,PConc,Gd,TA,No,GLQ,380,Unf,0,397,777,GasA,5,Y,SBrkr,1065,846,0,1911,0,0,2,1,3,1,4,8,Typ,1,3,Attchd,1993.0,RFn,2,471,3,3,Y,182,81,0,0,0,0,0,None,None,0,9,2006,WD,Normal,215000,2688,2.5,13,12,1,263,0,1,1
20,FV,75.0,7862,Pave,None,IR1,Lvl,AllPub,Inside,Gtl,Somerst,Norm,Norm,1Fam,1Story,6,5,2009,2009,Gable,CompShg,VinylSd,VinylSd,None,0.0,4,3,PConc,Gd,TA,No,GLQ,27,Unf,0,1191,1218,GasA,5,Y,SBrkr,1218,0,0,1218,0,0,2,0,2,1,4,4,Typ,0,0,Attchd,2009.0,Fin,2,676,3,3,Y,0,102,0,0,0,0,0,None,None,0,9,2009,New,Partial,208300,2436,2.0,0,0,0,102,0,1,0
70,RM,60.0,9600,Pave,None,Reg,Lvl,AllPub,Inside,Gtl,OldTown,Norm,Norm,1Fam,2Story,7,9,1928,2005,Gambrel,CompShg,MetalSd,MetalSd,None,0.0,3,5,BrkTil,TA,TA,No,Rec,141,Unf,0,548,689,GasA,5,Y,SBrkr,689,689,0,1378,0,0,2,0,3,1,4,7,Typ,1,4,Detchd,1928.0,Unf,2,360,3,3,N,0,0,116,0,0,0,0,None,None,0,10,2008,WD,Normal,161000,2067,2.0,80,3,1,116,0,1,1
20,RL,80.0,9600,Pave,None,Reg,Lvl,AllPub,Corner,Gtl,NAmes,Norm,Norm,1Fam,1Story,5,6,1959,1959,Gable,CompShg,MetalSd,MetalSd,BrkFace,132.0,3,3,CBlock,TA,TA,No,ALQ,991,Unf,0,50,1041,GasA,5,Y,SBrkr,1041,0,0,1041,1,0,1,0,3,1,3,6,Typ,0,0,Attchd,1959.0,RFn,1,270,3,3,Y,224,88,0,0,0,0,0,MnPrv,None,0,7,2009,WD,Normal,124500,2082,2.0,50,50,0,312,0,1,0
20,RL,75.0,14559,Pave,None,Reg,Lvl,AllPub,Inside,Gtl,NAmes,Norm,Norm,1Fam,1Story,5,7,1951,2000,Hip,CompShg,Wd Sdng,Wd Sdng,BrkCmn,70.0,4,3,CBlock,TA,TA,No,BLQ,650,Rec,180,178,1008,GasA,5,Y,SBrkr,1363,0,0,1363,1,0,1,0,2,1,3,6,Min1,2,3,CarPort,1951.0,Unf,1,288,3,3,Y,324,42,0,0,168,0,0,None,Shed,2000,6,2009,WD,Normal,164900,2371,2.0,58,9,1,534,0,1,1
120,RL,40.0,6792,Pave,None,IR1,Lvl,AllPub,Inside,Gtl,NridgHt,Norm,Norm,TwnhsE,1Story,7,5,2005,2006,Gable,CompShg,VinylSd,VinylSd,Stone,94.0,4,3,PConc,Gd,TA,No,Unf,0,Unf,0,1368,1368,GasA,5,Y,SBrkr,1368,0,0,1368,0,0,2,0,2,1,4,6,Typ,1,4,Attchd,2005.0,RFn,2,474,3,3,Y,132,35,0,0,0,0,0,None,None,0,3,2006,New,Partial,202665,2736,2.0,1,0,1,167,0,1,1
20,RL,70.0,9100,Pave,None,Reg,Lvl,AllPub,Corner,Gtl,NAmes,Feedr,Norm,1Fam,1Story,5,5,1958,1958,Gable,CompShg,VinylSd,VinylSd,None,0.0,3,3,CBlock,TA,TA,No,BLQ,521,LwQ,174,169,864,GasA,3,Y,SBrkr,864,0,0,864,1,0,1,0,3,1,3,5,Typ,0,0,Detchd,1964.0,Unf,2,624,3,3,Y,0,0,0,0,0,0,0,None,None,0,7,2006,WD,Normal,129900,1728,2.0,48,48,0,0,0,1,0
20,RL,71.0,9187,Pave,None,Reg,Bnk,AllPub,Corner,Gtl,Mitchel,Norm,Norm,1Fam,1Story,6,5,1983,1983,Gable,CompShg,VinylSd,VinylSd,None,0.0,3,4,PConc,TA,TA,No,ALQ,336,Unf,0,748,1084,GasA,3,Y,SBrkr,1080,0,0,1080,0,0,1,1,3,1,3,5,Typ,0,0,Attchd,1983.0,Unf,2,484,3,3,Y,120,0,158,0,0,0,0,None,None,0,6,2007,WD,Normal,134000,2164,1.5,24,24,0,278,0,1,0
45,RL,55.0,10594,Pave,None,Reg,Lvl,AllPub,Inside,Gtl,Crawfor,Norm,Norm,1Fam,1.5Unf,5,5,1926,1950,Gable,CompShg,Wd Sdng,Wd Sdng,None,0.0,3,3,BrkTil,TA,TA,No,Unf,0,Unf,0,768,768,Grav,2,N,SBrkr,789,0,0,789,0,0,1,0,2,1,3,5,Typ,0,0,Detchd,1926.0,Unf,1,200,1,1,Y,0,0,112,0,0,0,0,MnPrv,None,0,6,2007,WD,Normal,96500,1557,1.0,81,57,1,112,0,1,0
20,RL,94.0,12220,Pave,None,Reg,Lvl,AllPub,Inside,Gtl,NridgHt,Norm,Norm,1Fam,1Story,10,5,2009,2009,Hip,CompShg,CemntBd,CmentBd,BrkFace,305.0,5,3,CBlock,Ex,TA,No,GLQ,1436,Unf,0,570,2006,GasA,5,Y,SBrkr,2020,0,0,2020,1,0,2,1,3,1,5,9,Typ,1,4,Attchd,2009.0,Fin,3,900,3,3,Y,156,54,0,0,0,0,0,None,None,0,9,2009,New,Partial,402861,4026,3.5,0,0,0,210,0,1,1
80,RL,80.0,10448,Pave,None,IR1,Lvl,AllPub,Corner,Gtl,NWAmes,Norm,Norm,1Fam,SLvl,6,6,1972,1972,Gable,CompShg,HdBoard,HdBoard,BrkFace,333.0,3,3,CBlock,TA,TA,No,Unf,0,Unf,0,689,689,GasA,3,Y,SBrkr,1378,741,0,2119,0,0,2,1,3,1,3,7,Typ,1,3,Attchd,1972.0,RFn,2,583,3,3,Y,0,104,0,0,0,0,0,GdPrv,None,0,8,2009,COD,Abnorml,158000,2808,2.5,37,37,0,104,0,1,1
60,RL,79.0,10208,Pave,None,IR1,Lvl,AllPub,Inside,Gtl,NoRidge,Norm,Norm,1Fam,2Story,7,5,1996,1997,Gable,CompShg,VinylSd,VinylSd,BrkFace,921.0,4,3,PConc,Gd,TA,No,Unf,0,Unf,0,1264,1264,GasA,5,Y,SBrkr,1277,1067,0,2344,0,0,2,1,3,1,4,7,Typ,1,3,Attchd,1996.0,RFn,3,889,3,3,Y,220,0,0,0,0,0,0,None,None,0,7,2009,WD,Normal,265000,3608,2.5,13,12,1,220,0,1,1
60,RL,70.0,9531,Pave,None,IR1,Lvl,AllPub,CulDSac,Gtl,CollgCr,Norm,Norm,1Fam,2Story,6,5,1998,1998,Gable,CompShg,VinylSd,VinylSd,None,0.0,3,3,PConc,Gd,TA,Mn,GLQ,706,Unf,0,88,794,GasA,5,Y,SBrkr,882,914,0,1796,1,0,2,1,3,1,3,7,Typ,0,0,Attchd,1998.0,RFn,2,546,3,3,Y,0,36,0,0,0,0,0,MnPrv,None,0,5,2007,WD,Normal,211000,2590,3.5,9,9,0,36,0,1,0
70,RL,53.0,10918,Pave,None,Reg,Lvl,AllPub,Inside,Gtl,Crawfor,Norm,Norm,1Fam,2Story,7,9,1926,2004,Gambrel,CompShg,MetalSd,MetalSd,None,0.0,4,3,BrkTil,Gd,TA,No,Unf,0,Unf,0,1276,1276,GasA,5,Y,SBrkr,1276,804,0,2080,0,0,1,1,3,1,4,9,Typ,2,4,Detchd,1926.0,Unf,1,282,3,3,Y,0,0,0,0,145,0,0,MnPrv,None,0,6,2009,WD,Normal,234000,3356,1.5,83,5,1,145,0,1,1
190,RL,60.0,10800,Pave,Grvl,Reg,Lvl,AllPub,Inside,Gtl,OldTown,Norm,Norm,2fmCon,2Story,4,7,1900,2000,Gable,CompShg,MetalSd,MetalSd,None,0.0,3,3,BrkTil,None,None,None,None,0,None,0,0,0,GasA,3,N,FuseA,694,600,0,1294,0,0,2,0,3,2,3,7,Typ,0,0,None,0.0,None,0,0,0,0,N,220,114,210,0,0,0,0,None,None,0,8,2008,WD,Normal,106250,1294,2.0,108,8,1,544,0,0,0
20,RL,90.0,11988,Pave,None,IR1,Lvl,AllPub,Corner,Gtl,NAmes,Feedr,Norm,1Fam,1Story,6,6,1957,1957,Gable,CompShg,VinylSd,VinylSd,None,0.0,3,3,CBlock,TA,TA,No,Rec,777,Unf,0,467,1244,GasA,5,Y,FuseA,1244,0,0,1244,0,0,1,1,3,1,3,6,Typ,2,4,Attchd,1957.0,Unf,1,336,3,3,Y,0,40,0,0,0,0,0,None,None,0,5,2007,WD,Normal,150000,2488,1.5,50,50,0,40,0,1,1
50,RM,50.0,5000,Pave,None,Reg,Lvl,AllPub,Corner,Gtl,BrkSide,Feedr,Norm,1Fam,1.5Fin,6,7,1947,1950,Gable,CompShg,CemntBd,CmentBd,None,0.0,3,4,CBlock,TA,TA,No,ALQ,399,Unf,0,605,1004,GasA,5,Y,SBrkr,1004,660,0,1664,0,0,2,0,3,1,3,7,Typ,2,4,Detchd,1950.0,Unf,2,420,3,3,Y,0,24,36,0,0,0,0,None,None,0,10,2006,WD,Normal,159000,2668,2.0,59,56,1,60,0,1,1
60,RL,95.0,11787,Pave,None,IR1,Lvl,AllPub,Inside,Gtl,NoRidge,Norm,Norm,1Fam,2Story,7,5,1996,1997,Gable,CompShg,VinylSd,VinylSd,BrkFace,594.0,4,3,PConc,Gd,TA,No,GLQ,719,Unf,0,660,1379,GasA,5,Y,SBrkr,1383,1015,0,2398,1,0,2,1,3,1,4,8,Typ,1,3,Attchd,1996.0,Fin,3,834,3,3,Y,239,60,0,0,0,0,0,None,None,0,8,2007,WD,Normal,315750,3777,3.5,11,10,1,299,0,1,1
20,FV,62.0,7500,Pave,Pave,Reg,Lvl,AllPub,Inside,Gtl,Somerst,Norm,Norm,1Fam,1Story,7,5,2005,2005,Gable,CompShg,VinylSd,VinylSd,None,0.0,4,3,PConc,Gd,TA,No,Unf,0,Unf,0,1257,1257,GasA,5,Y,SBrkr,1266,0,0,1266,0,0,2,0,3,1,4,6,Typ,1,3,Attchd,2005.0,Unf,2,453,3,3,Y,38,144,0,0,0,0,0,None,None,0,4,2006,WD,Normal,176000,2523,2.0,1,1,0,182,0,1,1
20,RL,70.0,13300,Pave,None,Reg,Lvl,AllPub,Inside,Gtl,NAmes,Norm,Norm,1Fam,1Story,5,7,1956,2000,Hip,CompShg,Wd Sdng,Wd Sdng,None,0.0,3,3,CBlock,Gd,TA,No,Rec,377,Unf,0,551,928,GasA,3,Y,SBrkr,928,0,0,928,0,0,1,0,2,1,3,4,Typ,0,0,Attchd,1956.0,Unf,1,252,3,3,Y,261,0,156,0,0,0,0,None,None,0,6,2007,WD,Normal,132000,1856,1.0,51,7,1,417,0,1,0
60,RL,67.0,14948,Pave,None,IR1,Lvl,AllPub,Inside,Gtl,NridgHt,Norm,Norm,1Fam,2Story,9,5,2008,2008,Hip,CompShg,VinylSd,VinylSd,Stone,268.0,5,3,PConc,Ex,TA,Av,GLQ,1330,Unf,0,122,1452,GasA,5,Y,SBrkr,1476,1237,0,2713,1,0,2,1,3,1,5,11,Typ,1,4,Attchd,2008.0,Fin,3,858,3,3,Y,126,66,0,0,0,0,0,None,None,0,11,2008,New,Partial,446261,4165,3.5,0,0,0,192,0,1,1
30,RL,58.0,9098,Pave,None,IR1,Lvl,AllPub,Inside,Gtl,Edwards,Norm,Norm,1Fam,1Story,4,7,1920,2002,Gable,CompShg,Wd Sdng,Wd Sdng,None,0.0,3,3,BrkTil,TA,TA,Mn,ALQ,348,Unf,0,180,528,GasA,5,Y,SBrkr,605,0,0,605,1,0,1,0,2,1,3,5,Typ,0,0,None,0.0,None,0,0,0,0,N,0,0,144,0,0,0,0,None,None,0,7,2007,WD,Normal,86000,1133,2.0,87,5,1,144,0,0,0
20,RL,74.0,32668,Pave,None,IR1,Lvl,AllPub,CulDSac,Gtl,Crawfor,Norm,Norm,1Fam,1Story,6,3,1957,1975,Hip,CompShg,Wd Sdng,Stone,None,0.0,4,3,PConc,TA,TA,No,Rec,1219,Unf,0,816,2035,GasA,3,Y,SBrkr,2515,0,0,2515,1,0,3,0,4,2,3,9,Maj1,2,3,Attchd,1975.0,RFn,2,484,3,3,Y,0,0,200,0,0,0,0,None,None,0,3,2007,WD,Alloca,200624,4550,4.0,50,32,1,200,0,1,1
80,RL,85.0,10200,Pave,None,Reg,Lvl,AllPub,Inside,Gtl,Timber,Norm,Norm,1Fam,SLvl,6,5,1988,1989,Gable,CompShg,HdBoard,HdBoard,BrkFace,219.0,4,3,CBlock,Gd,TA,Av,GLQ,783,Unf,0,678,1461,GasA,5,Y,SBrkr,1509,0,0,1509,1,0,2,0,3,1,4,5,Typ,1,2,Attchd,1988.0,RFn,2,600,3,3,Y,224,0,0,0,0,0,0,None,None,0,8,2008,WD,Abnorml,175000,2970,3.0,20,19,1,224,0,1,1
70,RM,60.0,6155,Pave,None,IR1,Lvl,AllPub,FR3,Gtl,BrkSide,RRNn,Feedr,1Fam,2Story,6,8,1920,1999,Gable,CompShg,Wd Sdng,Wd Sdng,None,0.0,3,3,BrkTil,Fa,Fa,Mn,Unf,0,Unf,0,611,611,GasA,5,Y,SBrkr,751,611,0,1362,0,0,2,0,3,1,3,6,Typ,0,0,Detchd,1920.0,Fin,2,502,3,2,Y,0,0,84,0,0,0,0,None,None,0,6,2008,WD,Normal,128000,1973,2.0,88,9,1,84,0,1,0
20,RL,60.0,7200,Pave,None,Reg,Lvl,AllPub,Inside,Gtl,NAmes,Norm,Norm,1Fam,1Story,5,7,1955,2007,Gable,CompShg,VinylSd,VinylSd,None,0.0,3,3,Slab,None,None,None,None,0,None,0,0,0,GasA,5,Y,SBrkr,827,0,0,827,0,0,1,0,2,1,3,5,Mod,1,1,Detchd,1967.0,Unf,1,392,3,3,Y,0,0,0,0,0,0,0,None,None,0,4,2010,WD,Normal,107500,827,1.0,55,3,1,0,0,1,1
20,RL,50.0,5000,Pave,None,Reg,Low,AllPub,Inside,Mod,BrkSide,Norm,Norm,1Fam,1Story,1,3,1946,1950,Gable,CompShg,VinylSd,VinylSd,None,0.0,2,2,Slab,None,None,None,None,0,None,0,0,0,GasA,2,N,FuseF,334,0,0,334,0,0,1,0,1,1,2,2,Typ,0,0,None,0.0,None,0,0,0,0,N,0,0,0,0,0,0,0,None,None,0,1,2007,WD,Normal,39300,334,1.0,61,57,1,0,0,0,0
60,RL,74.0,9056,Pave,None,IR1,Lvl,AllPub,Inside,Gtl,Gilbert,Norm,Norm,1Fam,2Story,8,5,2004,2004,Gable,CompShg,VinylSd,VinylSd,None,0.0,4,3,PConc,Ex,Gd,Av,Unf,0,Unf,0,707,707,GasA,5,Y,SBrkr,707,707,0,1414,0,0,2,1,3,1,4,6,Typ,1,4,Attchd,2004.0,Fin,2,403,3,3,Y,100,35,0,0,0,0,0,None,None,0,10,2006,WD,Normal,178000,2121,2.5,2,2,0,135,0,1,1
190,RL,70.0,7000,Pave,None,Reg,Lvl,AllPub,Inside,Gtl,Edwards,Norm,Norm,2fmCon,2Story,5,7,1910,1991,Gable,CompShg,MetalSd,MetalSd,None,0.0,3,3,CBlock,Gd,TA,Gd,GLQ,969,Unf,0,148,1117,GasA,3,Y,SBrkr,820,527,0,1347,1,0,1,0,3,1,3,5,Typ,0,0,None,0.0,None,0,0,0,0,N,85,0,148,0,0,0,0,None,None,0,1,2008,WD,Normal,107500,2464,2.0,98,17,1,233,0,0,0
60,RL,57.0,8924,Pave,None,IR1,Lvl,AllPub,CulDSac,Gtl,CollgCr,Norm,Norm,1Fam,2Story,7,5,1998,1999,Gable,CompShg,VinylSd,VinylSd,None,0.0,3,3,PConc,Gd,TA,Av,Unf,0,Unf,0,880,880,GasA,5,Y,SBrkr,880,844,0,1724,0,0,2,1,3,1,4,8,Typ,0,0,Attchd,1998.0,Fin,2,527,3,3,Y,120,155,0,0,0,0,0,None,None,0,7,2008,WD,Normal,188000,2604,2.5,10,9,1,275,0,1,0
20,RL,73.0,12735,Pave,None,IR1,Lvl,AllPub,FR2,Gtl,NAmes,Norm,Norm,1Fam,1Story,4,5,1972,1972,Hip,CompShg,MetalSd,MetalSd,None,0.0,3,3,CBlock,TA,TA,No,BLQ,600,Unf,0,264,864,GasA,3,Y,SBrkr,864,0,0,864,0,0,1,0,3,1,3,5,Typ,0,0,Detchd,1980.0,Unf,2,576,3,3,Y,216,0,0,0,0,0,0,MnWw,None,0,4,2008,COD,Normal,111250,1728,1.0,36,36,0,216,0,1,0
20,RL,71.0,11553,Pave,None,IR1,Lvl,AllPub,Inside,Gtl,Sawyer,Norm,Norm,1Fam,1Story,5,5,1968,1968,Hip,CompShg,Plywood,Plywood,BrkFace,188.0,3,3,CBlock,TA,TA,No,BLQ,673,Unf,0,378,1051,GasA,3,Y,SBrkr,1159,0,0,1159,0,0,1,1,3,1,3,7,Typ,1,2,Attchd,1968.0,Unf,1,336,3,3,Y,466,0,0,0,0,0,0,None,None,0,7,2006,WD,Normal,158000,2210,1.5,38,38,0,466,0,1,1
20,RL,70.0,11423,Pave,None,Reg,Lvl,AllPub,Inside,Gtl,CollgCr,Norm,Norm,1Fam,1Story,8,5,2001,2002,Gable,CompShg,VinylSd,VinylSd,BrkFace,479.0,4,3,PConc,Gd,TA,Av,GLQ,1358,Unf,0,223,1581,GasA,5,Y,SBrkr,1601,0,0,1601,1,0,2,0,3,1,4,6,Typ,1,3,Attchd,2001.0,RFn,2,670,3,3,Y,180,0,0,0,0,0,0,MnPrv,Shed,2000,5,2010,WD,Normal,272000,3182,3.0,9,8,1,180,0,1,1
20,RL,85.0,14601,Pave,None,Reg,Lvl,AllPub,Inside,Gtl,Timber,Norm,Norm,1Fam,1Story,9,5,2006,2006,Hip,CompShg,VinylSd,VinylSd,BrkFace,584.0,5,3,PConc,Ex,TA,Av,GLQ,1260,Unf,0,578,1838,GasA,5,Y,SBrkr,1838,0,0,1838,1,0,2,0,2,1,5,8,Typ,1,4,Attchd,2006.0,Fin,3,765,3,3,Y,270,68,0,0,0,0,0,None,None,0,3,2009,WD,Normal,315000,3676,3.0,3,3,0,338,0,1,1
60,RL,91.0,11000,Pave,None,Reg,Lvl,AllPub,FR2,Gtl,NoRidge,Norm,Norm,1Fam,2Story,8,5,2000,2000,Gable,CompShg,VinylSd,VinylSd,BrkFace,72.0,4,3,PConc,Gd,TA,No,Unf,0,Unf,0,969,969,GasA,5,Y,SBrkr,997,1288,0,2285,0,0,2,1,4,1,4,8,Typ,1,3,BuiltIn,2000.0,Fin,3,648,3,3,Y,0,56,0,0,0,0,0,None,None,0,6,2007,WD,Normal,248000,3254,2.5,7,7,0,56,0,1,1
20,RL,78.0,10140,Pave,None,Reg,Lvl,AllPub,Inside,Gtl,NWAmes,RRAn,Norm,1Fam,1Story,7,5,1998,1999,Hip,CompShg,VinylSd,VinylSd,None,0.0,4,3,PConc,Ex,TA,No,LwQ,144,GLQ,1127,379,1650,GasA,5,Y,SBrkr,1680,0,0,1680,1,0,2,0,3,1,4,7,Maj1,1,3,Attchd,1998.0,Fin,2,583,3,3,Y,78,73,0,0,0,0,0,None,None,0,6,2009,WD,Normal,213250,3330,3.0,11,10,1,151,0,1,1
120,RH,34.0,4058,Pave,None,Reg,Lvl,AllPub,Inside,Gtl,NAmes,Norm,Norm,TwnhsE,SFoyer,7,5,1998,1998,Gable,CompShg,MetalSd,MetalSd,BrkFace,182.0,3,3,PConc,Gd,TA,Av,GLQ,584,LwQ,139,0,723,GasA,5,Y,SBrkr,767,0,0,767,1,0,1,0,1,1,3,4,Typ,0,0,Attchd,1998.0,Fin,1,367,3,3,Y,120,40,0,0,0,0,0,None,None,0,6,2007,WD,Normal,133000,1490,2.0,9,9,0,160,0,1,0
60,RL,58.0,17104,Pave,None,IR1,Lvl,AllPub,Inside,Gtl,Gilbert,Norm,Norm,1Fam,2Story,7,5,2006,2006,Gable,CompShg,VinylSd,VinylSd,None,0.0,4,3,PConc,Gd,Gd,Av,GLQ,554,Unf,0,100,654,GasA,5,Y,SBrkr,664,832,0,1496,1,0,2,1,3,1,4,7,Typ,1,4,Attchd,2006.0,RFn,2,426,3,3,Y,100,24,0,0,0,0,0,None,None,0,9,2006,New,Partial,179665,2150,3.5,0,0,0,124,0,1,1
50,RL,80.0,13837,Pave,None,IR1,Lvl,AllPub,Corner,Gtl,NWAmes,Norm,Norm,1Fam,1.5Fin,7,5,1988,1988,Gable,CompShg,HdBoard,HdBoard,BrkFace,178.0,4,4,PConc,Gd,Gd,No,GLQ,1002,LwQ,202,0,1204,GasA,4,Y,SBrkr,1377,806,0,2183,0,0,2,1,4,1,4,9,Typ,0,0,Attchd,1988.0,Unf,3,786,3,3,Y,0,0,0,0,0,0,0,None,None,0,2,2006,WD,Normal,229000,3387,2.5,18,18,0,0,0,1,0
50,RL,70.0,8737,Pave,None,IR1,Bnk,AllPub,Inside,Gtl,BrkSide,Norm,Norm,1Fam,1.5Fin,6,7,1923,1950,Gable,CompShg,BrkFace,Wd Sdng,None,0.0,3,3,BrkTil,Gd,TA,No,Rec,300,Unf,0,765,1065,GasA,5,Y,FuseA,915,720,0,1635,0,0,1,1,3,1,3,6,Typ,1,4,Detchd,1950.0,Unf,2,440,3,3,Y,0,38,0,144,0,0,0,None,None,0,5,2007,WD,Normal,210000,2700,1.5,84,57,1,182,0,1,1
85,RL,54.0,7244,Pave,None,Reg,Lvl,AllPub,Inside,Gtl,Mitchel,Norm,Norm,1Fam,SFoyer,5,7,1970,1970,Gable,CompShg,VinylSd,VinylSd,None,0.0,3,4,CBlock,Gd,TA,Av,ALQ,619,Unf,0,149,768,GasA,5,Y,SBrkr,768,0,0,768,1,0,1,0,2,1,3,5,Typ,0,0,Detchd,1987.0,Unf,2,624,3,3,Y,104,0,0,0,0,0,0,None,None,0,4,2007,WD,Normal,129500,1536,2.0,37,37,0,104,0,1,0
20,RM,49.0,8235,Pave,None,IR1,HLS,AllPub,Inside,Gtl,OldTown,Feedr,RRNn,1Fam,1Story,5,7,1955,1995,Gable,CompShg,MetalSd,MetalSd,None,0.0,3,4,CBlock,TA,TA,No,LwQ,180,Rec,645,0,825,GasA,3,Y,SBrkr,825,0,0,825,1,0,1,0,2,1,3,4,Typ,0,0,Detchd,1963.0,RFn,2,720,3,3,Y,140,50,0,0,0,0,0,MnPrv,None,0,6,2008,WD,Normal,125000,1650,2.0,53,13,1,190,0,1,0
60,FV,75.0,9375,Pave,None,Reg,Lvl,AllPub,Inside,Gtl,Somerst,Norm,Norm,1Fam,2Story,7,5,2003,2004,Gable,CompShg,VinylSd,VinylSd,None,0.0,4,3,PConc,Gd,TA,No,Unf,0,Unf,0,912,912,GasA,5,Y,SBrkr,912,1182,0,2094,0,0,2,1,4,1,4,8,Typ,1,4,BuiltIn,2003.0,Fin,2,615,3,3,Y,182,182,0,0,0,0,0,None,None,0,11,2009,WD,Normal,263000,3006,2.5,6,5,1,364,0,1,1
120,RL,53.0,4043,Pave,None,Reg,Lvl,AllPub,Inside,Gtl,NPkVill,Norm,Norm,TwnhsE,1Story,6,6,1977,1977,Gable,CompShg,Plywood,Plywood,None,0.0,3,3,CBlock,Gd,TA,No,ALQ,559,Unf,0,510,1069,GasA,3,Y,SBrkr,1069,0,0,1069,0,0,2,0,2,1,3,4,Typ,0,0,Attchd,1977.0,RFn,2,440,3,3,Y,0,55,0,0,200,0,0,None,None,0,10,2008,COD,Abnorml,140000,2138,2.0,31,31,0,255,0,1,0
20,RM,50.0,6000,Pave,None,Reg,Lvl,AllPub,Inside,Gtl,OldTown,Norm,Norm,1Fam,1Story,5,6,1957,1957,Hip,CompShg,BrkFace,BrkFace,None,0.0,3,3,CBlock,TA,TA,No,Rec,308,Unf,0,620,928,GasA,4,Y,FuseA,928,0,0,928,0,0,1,0,3,1,3,5,Typ,0,0,Attchd,1957.0,Fin,1,288,3,3,Y,0,0,0,0,0,0,0,None,None,0,6,2008,WD,Normal,112500,1856,1.0,51,51,0,0,0,1,0
20,RL,87.0,11146,Pave,None,IR1,Lvl,AllPub,Inside,Gtl,NridgHt,Norm,Norm,1Fam,1Story,8,5,2006,2006,Gable,CompShg,VinylSd,VinylSd,Stone,250.0,4,3,PConc,Ex,TA,Av,Unf,0,Unf,0,1709,1709,GasA,5,Y,SBrkr,1717,0,0,1717,0,0,2,0,3,1,4,7,Typ,1,4,Attchd,2006.0,RFn,3,908,3,3,Y,169,39,0,0,0,0,0,None,None,0,7,2009,WD,Normal,255500,3426,2.0,3,3,0,208,0,1,1
20,RL,67.0,8777,Pave,None,Reg,Lvl,AllPub,Inside,Gtl,Edwards,Feedr,Norm,1Fam,1Story,4,5,1949,2003,Gable,CompShg,VinylSd,VinylSd,None,0.0,3,3,CBlock,None,None,None,None,0,None,0,0,0,GasA,5,Y,SBrkr,1126,0,0,1126,0,0,2,0,2,1,4,5,Typ,0,0,Detchd,2002.0,Fin,2,520,3,3,N,0,96,0,0,0,0,0,MnPrv,None,0,5,2009,WD,Normal,108000,1126,2.0,60,6,1,96,0,1,0
60,RL,85.0,10625,Pave,None,Reg,Lvl,AllPub,Inside,Gtl,NridgHt,Norm,Norm,1Fam,2Story,7,5,2003,2004,Gable,CompShg,VinylSd,VinylSd,BrkFace,292.0,4,3,PConc,Gd,TA,No,GLQ,866,Unf,0,132,998,GasA,5,Y,SBrkr,1006,1040,0,2046,1,0,2,1,3,1,4,8,Typ,1,4,BuiltIn,2003.0,RFn,3,871,3,3,Y,320,62,0,0,0,0,0,None,None,0,8,2008,WD,Normal,284000,3044,3.5,5,4,1,382,0,1,1
45,RM,58.0,6380,Pave,None,Reg,Lvl,AllPub,Inside,Gtl,BrkSide,Norm,Norm,1Fam,1.5Unf,5,6,1922,1950,Gable,CompShg,MetalSd,MetalSd,None,0.0,3,3,BrkTil,TA,Fa,No,Unf,0,Unf,0,993,993,GasA,3,Y,FuseA,1048,0,0,1048,0,0,1,0,2,1,3,5,Typ,1,4,Detchd,1922.0,Unf,1,280,3,3,Y,0,0,116,0,0,0,0,None,None,0,8,2006,WD,Normal,113000,2041,1.0,84,56,1,116,0,1,1
20,RL,69.0,14850,Pave,None,IR1,Lvl,AllPub,Inside,Gtl,NAmes,Norm,Norm,1Fam,1Story,5,5,1957,1957,Gable,CompShg,Wd Sdng,Wd Sdng,None,0.0,3,3,CBlock,TA,TA,No,Rec,895,Unf,0,197,1092,GasA,3,Y,FuseA,1092,0,0,1092,1,0,1,0,2,1,3,6,Typ,1,3,Attchd,1957.0,Fin,1,299,3,3,Y,268,0,0,0,122,0,0,MnWw,None,0,5,2006,WD,Normal,141000,2184,2.0,49,49,0,390,0,1,1
50,C (all),60.0,11040,Pave,None,Reg,Low,AllPub,Inside,Mod,IDOTRR,Norm,Norm,1Fam,1.5Fin,4,6,1920,1950,Gable,CompShg,MetalSd,MetalSd,None,0.0,3,3,CBlock,TA,TA,No,Rec,637,Unf,0,0,637,GasA,4,Y,SBrkr,897,439,0,1336,0,0,1,1,3,1,3,7,Typ,0,0,CarPort,1994.0,Unf,1,570,3,3,Y,0,47,120,0,0,0,0,None,None,0,9,2006,COD,Normal,108000,1973,1.5,86,56,1,167,0,1,0
60,RL,57.0,21872,Pave,None,IR2,HLS,AllPub,FR2,Gtl,Gilbert,Norm,Norm,1Fam,2Story,7,5,1996,1997,Gable,CompShg,HdBoard,HdBoard,None,0.0,3,3,PConc,Gd,TA,Gd,GLQ,604,Unf,0,125,729,GasA,5,Y,SBrkr,729,717,0,1446,0,1,2,1,3,1,3,6,Typ,1,3,Attchd,1996.0,Unf,2,406,3,3,Y,264,22,0,0,0,0,0,None,None,0,8,2008,WD,Normal,175000,2175,3.0,12,11,1,286,0,1,1
120,RL,43.0,3196,Pave,None,Reg,Lvl,AllPub,Inside,Gtl,Blmngtn,Norm,Norm,TwnhsE,1Story,7,5,2003,2004,Gable,CompShg,VinylSd,VinylSd,BrkFace,18.0,4,3,PConc,Gd,TA,Gd,Unf,0,Unf,0,1374,1374,GasA,5,Y,SBrkr,1557,0,0,1557,0,0,2,0,2,1,4,7,Typ,1,3,Attchd,2003.0,Fin,2,420,3,3,Y,143,20,0,0,0,0,0,None,None,0,10,2006,WD,Normal,234000,2931,2.0,3,2,1,163,0,1,1
20,RL,71.0,11341,Pave,None,IR1,Lvl,AllPub,Inside,Gtl,Sawyer,Norm,Norm,1Fam,1Story,5,6,1957,1996,Hip,CompShg,Wd Sdng,Wd Sdng,BrkFace,180.0,3,3,CBlock,Gd,TA,No,ALQ,1302,Unf,0,90,1392,GasA,3,Y,SBrkr,1392,0,0,1392,1,0,1,1,3,1,3,5,Mod,1,4,Detchd,1957.0,Unf,2,528,3,3,Y,0,0,0,0,95,0,0,None,None,0,5,2010,WD,Normal,121500,2784,2.5,53,14,1,95,0,1,1
20,RL,77.0,10010,Pave,None,Reg,Lvl,AllPub,Inside,Mod,Mitchel,Norm,Norm,1Fam,1Story,5,5,1974,1975,Gable,CompShg,HdBoard,HdBoard,None,0.0,3,3,CBlock,Gd,TA,Av,ALQ,1071,LwQ,123,195,1389,GasA,4,Y,SBrkr,1389,0,0,1389,1,0,1,0,2,1,3,6,Typ,1,3,Attchd,1975.0,RFn,2,418,3,3,Y,240,38,0,0,0,0,0,None,None,0,4,2006,WD,Normal,170000,2778,2.0,32,31,1,278,0,1,1
30,RL,63.0,13907,Pave,None,Reg,Lvl,AllPub,Inside,Gtl,Edwards,Norm,Norm,1Fam,1Story,5,6,1940,1969,Gable,CompShg,WdShing,Wd Shng,None,0.0,3,3,CBlock,TA,TA,No,BLQ,290,Unf,0,706,996,GasA,5,Y,SBrkr,996,0,0,996,1,0,1,0,3,1,3,6,Typ,1,4,None,0.0,None,0,0,0,0,Y,144,0,0,0,0,0,0,None,None,0,7,2008,WD,Normal,108000,1992,2.0,68,39,1,144,0,0,1
50,RL,66.0,21780,Pave,None,Reg,Lvl,AllPub,Inside,Gtl,Edwards,Norm,Norm,1Fam,1.5Fin,6,7,1918,1950,Gable,CompShg,Wd Sdng,Wd Sdng,None,0.0,3,3,BrkTil,Gd,TA,Mn,Unf,0,Unf,0,1163,1163,GasA,5,Y,SBrkr,1163,511,0,1674,0,0,2,0,4,1,3,8,Typ,1,4,Detchd,1955.0,Fin,2,396,3,3,N,72,36,0,0,144,0,0,None,None,0,7,2008,WD,Normal,185000,2837,2.0,90,58,1,252,0,1,1
60,RL,91.0,13346,Pave,None,IR1,Lvl,AllPub,CulDSac,Gtl,NoRidge,Norm,Norm,1Fam,2Story,7,5,1992,2000,Gable,CompShg,HdBoard,HdBoard,None,0.0,4,3,PConc,Gd,TA,No,GLQ,728,Unf,0,367,1095,GasA,5,Y,SBrkr,1166,1129,0,2295,1,0,2,1,4,1,4,9,Typ,1,3,Attchd,1992.0,RFn,2,590,3,3,Y,0,40,0,0,0,0,0,None,None,0,7,2006,WD,Normal,268000,3390,3.5,14,6,1,40,0,1,1
70,RL,66.0,6858,Pave,None,Reg,Bnk,AllPub,Corner,Gtl,SWISU,Norm,Norm,1Fam,2Story,6,4,1915,1950,Gable,CompShg,Wd Sdng,Wd Sdng,None,0.0,3,3,PConc,Gd,TA,No,Unf,0,Unf,0,806,806,GasA,3,N,FuseF,841,806,0,1647,1,0,1,1,4,1,2,6,Typ,0,0,Detchd,1920.0,Unf,1,216,3,3,Y,0,66,136,0,0,0,0,None,None,0,5,2010,WD,Normal,128000,2453,2.5,95,60,1,202,0,1,0
60,RL,77.0,11198,Pave,None,IR1,Lvl,AllPub,Inside,Gtl,StoneBr,Norm,Norm,1Fam,2Story,9,5,2005,2007,Hip,CompShg,VinylSd,VinylSd,BrkFace,245.0,4,3,PConc,Gd,Gd,No,Unf,0,Unf,0,1122,1122,GasA,5,Y,SBrkr,1134,1370,0,2504,0,0,2,1,4,1,5,11,Typ,1,4,BuiltIn,2005.0,Fin,3,656,3,3,Y,144,39,0,0,0,0,0,None,None,0,6,2008,WD,Normal,325000,3626,2.5,3,1,1,183,0,1,1
20,RL,70.0,10171,Pave,None,IR1,Lvl,AllPub,Inside,Gtl,NridgHt,Norm,Norm,1Fam,1Story,7,5,2004,2004,Gable,CompShg,VinylSd,VinylSd,BrkFace,168.0,4,3,PConc,Gd,TA,No,GLQ,2,Unf,0,1515,1517,GasA,5,Y,SBrkr,1535,0,0,1535,0,0,2,0,3,1,4,7,Typ,0,0,Attchd,2004.0,RFn,2,532,3,3,Y,0,0,0,0,0,0,0,None,None,0,3,2010,WD,Normal,214000,3052,2.0,6,6,0,0,0,1,0
50,RL,79.0,12327,Pave,None,IR1,Low,AllPub,Inside,Mod,SawyerW,Norm,Norm,1Fam,1.5Fin,8,8,1983,2009,Gable,CompShg,Wd Sdng,Wd Sdng,None,0.0,4,3,CBlock,Gd,TA,Gd,GLQ,1441,Unf,0,55,1496,GasA,5,Y,SBrkr,1496,636,0,2132,1,0,1,1,1,1,4,5,Min2,1,4,BuiltIn,1983.0,Fin,2,612,4,3,Y,349,40,0,0,0,0,0,None,None,0,9,2009,WD,Normal,316600,3628,2.5,26,0,1,389,0,1,1
90,RL,73.0,7032,Pave,None,IR1,Lvl,AllPub,Corner,Gtl,NAmes,Norm,Norm,Duplex,SFoyer,5,5,1979,1979,Gable,CompShg,MetalSd,MetalSd,None,0.0,3,3,CBlock,Gd,TA,Gd,GLQ,943,Unf,0,0,943,GasA,3,Y,SBrkr,943,0,0,943,1,0,1,0,2,1,3,4,Typ,2,3,Detchd,1979.0,Unf,2,600,3,3,Y,42,0,0,0,0,0,0,None,None,0,12,2006,WD,Normal,135960,1886,2.0,27,27,0,42,0,1,1
90,RL,74.0,13101,Pave,None,IR1,Lvl,AllPub,Inside,Gtl,NAmes,Norm,Norm,Duplex,1Story,5,5,1965,1965,Gable,CompShg,HdBoard,HdBoard,BrkFace,108.0,3,3,CBlock,TA,TA,No,LwQ,231,Unf,0,1497,1728,GasA,3,Y,SBrkr,1728,0,0,1728,0,0,2,0,6,2,3,10,Typ,0,0,Detchd,1987.0,Unf,2,576,3,3,Y,0,0,0,0,0,0,0,None,None,0,11,2008,WD,Normal,142600,3456,2.0,43,43,0,0,0,1,0
20,RL,60.0,7332,Pave,None,Reg,Lvl,AllPub,Inside,Gtl,NAmes,Norm,Norm,1Fam,1Story,6,6,1959,1959,Gable,CompShg,WdShing,Wd Shng,BrkFace,207.0,3,3,CBlock,TA,TA,No,BLQ,414,Unf,0,450,864,GasA,5,Y,SBrkr,864,0,0,864,1,0,1,0,2,1,4,4,Typ,0,0,Attchd,1959.0,Unf,1,288,3,3,Y,168,0,0,0,0,0,0,None,None,0,10,2006,WD,Abnorml,120000,1728,2.0,47,47,0,168,0,1,0
60,RL,83.0,13159,Pave,None,IR1,HLS,AllPub,Corner,Gtl,Timber,Norm,Norm,1Fam,2Story,7,5,2009,2009,Gable,CompShg,VinylSd,VinylSd,None,0.0,3,3,PConc,Ex,TA,Av,Unf,0,Unf,0,846,846,GasA,4,Y,SBrkr,846,846,0,1692,0,0,2,1,3,1,4,6,Typ,0,0,Attchd,2009.0,RFn,2,650,3,3,Y,208,114,0,0,0,0,0,None,None,0,7,2009,New,Partial,224500,2538,2.5,0,0,0,322,0,1,0
80,RL,76.0,9967,Pave,None,IR1,Lvl,AllPub,Inside,Gtl,Gilbert,Norm,Norm,1Fam,SLvl,7,5,2000,2000,Gable,CompShg,VinylSd,VinylSd,None,0.0,3,3,PConc,Gd,TA,No,Unf,0,Unf,0,384,384,GasA,5,Y,SBrkr,774,656,0,1430,0,0,2,1,3,1,3,8,Typ,1,3,BuiltIn,2000.0,RFn,2,400,3,3,Y,100,0,0,0,0,0,0,None,None,0,12,2007,WD,Normal,170000,1814,2.5,7,7,0,100,0,1,1
80,RL,70.0,10500,Pave,None,Reg,Lvl,AllPub,FR2,Gtl,NAmes,Norm,Norm,1Fam,SLvl,5,7,1971,2005,Gambrel,CompShg,MetalSd,AsphShn,BrkFace,82.0,3,3,CBlock,TA,TA,Av,ALQ,349,Unf,0,23,372,GasA,3,Y,SBrkr,576,533,0,1109,0,1,1,0,3,1,3,5,Typ,0,0,BuiltIn,1971.0,Unf,1,288,3,3,Y,35,0,0,0,0,0,0,GdWo,None,0,12,2007,WD,Normal,139000,1481,1.5,36,2,1,35,0,1,0
50,RL,80.0,8480,Pave,None,Reg,Lvl,AllPub,Inside,Gtl,NAmes,Norm,Norm,1Fam,1.5Fin,5,5,1947,1950,Gable,CompShg,MetalSd,MetalSd,None,0.0,3,3,CBlock,TA,TA,No,Rec,442,Unf,0,390,832,GasA,3,Y,SBrkr,832,384,0,1216,0,0,1,0,2,1,3,6,Typ,0,0,Detchd,1947.0,Unf,1,336,3,3,Y,158,0,102,0,0,0,0,None,None,0,10,2008,COD,Abnorml,118500,2048,1.0,61,58,1,260,0,1,0
50,RL,52.0,6292,Pave,None,Reg,Lvl,AllPub,Inside,Gtl,SWISU,Norm,Norm,1Fam,1.5Fin,7,7,1928,1950,Gable,CompShg,Wd Sdng,Wd Sdng,None,0.0,3,3,BrkTil,TA,TA,No,Unf,0,Unf,0,861,861,GasA,4,Y,SBrkr,877,600,0,1477,0,1,2,0,3,1,3,6,Typ,1,4,Detchd,1928.0,Unf,1,216,3,3,Y,0,50,0,0,0,0,0,None,None,0,8,2009,WD,Normal,145000,2338,2.5,81,59,1,50,0,1,1
80,RL,96.0,11777,Pave,None,IR1,Lvl,AllPub,Inside,Gtl,Sawyer,Norm,Norm,1Fam,SLvl,5,6,1966,1966,Gable,CompShg,VinylSd,VinylSd,BrkFace,97.0,3,3,CBlock,TA,TA,Av,LwQ,328,ALQ,551,285,1164,GasA,5,Y,SBrkr,1320,0,0,1320,1,0,1,0,3,1,3,6,Typ,2,2,Attchd,1966.0,RFn,2,564,3,3,Y,160,68,240,0,0,0,0,None,None,0,5,2006,WD,Abnorml,164500,2484,2.0,40,40,0,468,0,1,1
160,FV,34.0,3604,Pave,Pave,Reg,Lvl,AllPub,Corner,Gtl,Somerst,Norm,Norm,TwnhsE,2Story,7,5,2007,2007,Gable,CompShg,VinylSd,VinylSd,None,0.0,4,3,PConc,Gd,TA,No,Unf,0,Unf,0,689,689,GasA,5,Y,SBrkr,703,689,0,1392,0,0,2,0,2,1,4,5,Typ,0,0,Detchd,2007.0,Unf,2,540,3,3,Y,0,102,0,0,0,0,0,None,None,0,2,2008,WD,Abnorml,146000,2081,2.0,1,1,0,102,0,1,0
50,RM,81.0,12150,Pave,Grvl,Reg,Lvl,AllPub,Inside,Gtl,OldTown,Norm,Norm,1Fam,1.5Fin,5,5,1954,1954,Gable,CompShg,MetalSd,MetalSd,BrkFace,335.0,3,3,BrkTil,TA,TA,No,Unf,0,Unf,0,1050,1050,GasA,5,N,FuseF,1050,745,0,1795,0,0,2,0,4,1,3,7,Typ,0,0,Attchd,1954.0,Unf,1,352,2,3,Y,0,0,0,0,0,0,0,None,None,0,11,2008,WD,Normal,131500,2845,2.0,54,54,0,0,0,1,0
20,RL,73.0,14585,Pave,None,IR1,Lvl,AllPub,CulDSac,Gtl,NAmes,Norm,Norm,1Fam,1Story,6,6,1960,1987,Gable,CompShg,Wd Sdng,Wd Sdng,BrkFace,85.0,3,3,CBlock,TA,TA,No,BLQ,594,Rec,219,331,1144,GasA,5,Y,SBrkr,1429,0,0,1429,0,1,1,0,3,1,4,7,Typ,2,4,Attchd,1960.0,Unf,2,572,3,3,Y,216,110,0,0,0,0,0,None,None,0,6,2007,WD,Normal,181900,2573,1.5,47,20,1,326,0,1,1
20,RL,98.0,12704,Pave,None,Reg,Lvl,AllPub,Inside,Gtl,NridgHt,Norm,Norm,1Fam,1Story,8,5,2008,2009,Hip,CompShg,VinylSd,VinylSd,BrkFace,306.0,5,3,PConc,Ex,TA,No,Unf,0,Unf,0,2042,2042,GasA,5,Y,SBrkr,2042,0,0,2042,0,0,2,1,3,1,5,8,Typ,1,4,Attchd,2009.0,RFn,3,1390,3,3,Y,0,90,0,0,0,0,0,None,None,0,8,2009,New,Partial,253293,4084,2.5,1,0,1,90,0,1,1
90,RL,81.0,11841,Grvl,None,Reg,Lvl,AllPub,Inside,Gtl,Edwards,Norm,Norm,Duplex,SFoyer,6,5,1990,1990,Gable,CompShg,HdBoard,HdBoard,BrkFace,104.0,3,4,CBlock,Gd,TA,Av,GLQ,816,Unf,0,0,816,GasA,3,Y,SBrkr,816,0,0,816,1,0,1,0,3,1,3,5,Typ,0,0,None,0.0,None,0,0,0,0,Y,0,32,0,0,0,0,0,None,None,0,5,2007,WD,Normal,118500,1632,2.0,17,17,0,32,0,0,0
75,RM,75.0,13500,Pave,None,Reg,Lvl,AllPub,Inside,Gtl,OldTown,Artery,PosA,1Fam,2.5Unf,10,9,1893,2000,Gable,CompShg,Wd Sdng,Wd Sdng,None,0.0,5,5,BrkTil,TA,TA,No,Unf,0,Unf,0,1237,1237,GasA,4,Y,SBrkr,1521,1254,0,2775,0,0,3,1,3,1,4,9,Typ,1,4,Detchd,1988.0,Unf,2,880,4,3,Y,105,502,0,0,0,0,0,None,None,0,7,2008,WD,Normal,325000,4012,3.5,115,8,1,607,0,1,1
50,RM,51.0,6120,Pave,None,Reg,Lvl,AllPub,Inside,Gtl,BrkSide,Norm,Norm,1Fam,1.5Fin,4,7,1935,1995,Gable,CompShg,AsbShng,AsbShng,None,0.0,3,3,BrkTil,TA,TA,No,Unf,0,Unf,0,884,884,GasA,5,Y,SBrkr,989,584,0,1573,0,0,1,0,3,1,4,6,Typ,0,0,Detchd,1935.0,Unf,1,240,3,3,Y,0,0,54,0,120,0,0,None,None,0,7,2009,WD,Normal,133000,2457,1.0,74,14,1,174,0,1,0
20,RL,88.0,11443,Pave,None,Reg,Lvl,AllPub,Inside,Gtl,Timber,Norm,Norm,1Fam,1Story,8,5,2005,2006,Hip,CompShg,VinylSd,VinylSd,BrkFace,208.0,4,3,PConc,Ex,TA,Gd,GLQ,1460,Unf,0,408,1868,GasA,5,Y,SBrkr,2028,0,0,2028,1,0,2,0,2,1,4,7,Typ,2,4,Attchd,2005.0,RFn,3,880,3,3,Y,326,66,0,0,0,0,0,None,None,0,3,2006,New,Partial,369900,3896,3.0,1,0,1,392,0,1,1
30,RL,55.0,10267,Pave,None,Reg,Lvl,AllPub,Inside,Gtl,BrkSide,RRAn,Norm,1Fam,1Story,6,7,1918,2000,Gable,CompShg,Stucco,Wd Shng,None,0.0,3,4,BrkTil,TA,Gd,Mn,Rec,210,ALQ,606,0,816,GasA,5,Y,SBrkr,838,0,0,838,1,0,1,0,2,1,2,5,Typ,0,0,Detchd,1961.0,Fin,1,275,3,3,N,0,0,112,0,0,0,0,MnWw,None,0,5,2008,WD,Normal,130000,1654,2.0,90,8,1,112,0,1,0
85,RL,74.0,8740,Pave,None,IR1,Lvl,AllPub,Inside,Gtl,Sawyer,Norm,Norm,1Fam,SFoyer,5,6,1982,1982,Hip,CompShg,HdBoard,HdBoard,None,0.0,3,3,CBlock,TA,TA,Av,ALQ,672,Unf,0,168,840,GasA,3,Y,SBrkr,860,0,0,860,1,0,1,0,2,1,3,4,Typ,0,0,Detchd,1996.0,Unf,2,528,3,3,Y,0,0,0,0,0,0,0,None,None,0,7,2009,WD,Normal,137000,1700,2.0,27,27,0,0,0,1,0
20,RL,65.0,25095,Pave,None,IR1,Low,AllPub,Inside,Sev,ClearCr,Norm,Norm,1Fam,1Story,5,8,1968,2003,Flat,Tar&Grv,Wd Sdng,Wd Sdng,None,0.0,3,3,CBlock,TA,TA,Gd,GLQ,1324,Unf,0,113,1437,GasA,5,Y,SBrkr,1473,0,0,1473,2,0,1,0,1,1,5,5,Typ,2,4,Attchd,1968.0,Unf,1,452,3,3,Y,0,48,0,0,60,0,0,None,None,0,6,2009,WD,Partial,143000,2910,3.0,41,6,1,108,0,1,1
40,RM,50.0,9100,Pave,None,Reg,Lvl,AllPub,Inside,Gtl,BrkSide,RRAn,Feedr,1Fam,1Story,5,6,1930,1960,Gable,CompShg,VinylSd,VinylSd,None,0.0,3,3,BrkTil,TA,TA,No,Unf,0,Unf,0,742,742,GasA,3,Y,FuseA,779,0,156,935,0,0,1,0,2,1,3,4,Typ,0,0,Detchd,1988.0,Unf,1,308,3,3,P,0,0,0,0,0,0,0,None,Shed,600,8,2008,WD,Normal,79500,1521,1.0,78,48,1,0,0,1,0
60,RL,64.0,8320,Pave,None,Reg,Lvl,AllPub,Inside,Gtl,CollgCr,Norm,Norm,1Fam,2Story,7,5,2004,2004,Gable,CompShg,VinylSd,VinylSd,None,0.0,4,3,PConc,Gd,TA,No,GLQ,490,Unf,0,280,770,GasA,5,Y,SBrkr,770,812,0,1582,0,0,2,1,3,1,4,6,Typ,0,0,Attchd,2004.0,RFn,2,520,3,3,Y,0,45,0,0,0,0,0,None,None,0,9,2008,WD,Normal,185900,2352,2.5,4,4,0,45,0,1,0
60,RL,97.0,13478,Pave,None,IR1,Lvl,AllPub,Corner,Gtl,NridgHt,Norm,Norm,1Fam,2Story,10,5,2008,2008,Gable,CompShg,CemntBd,CmentBd,Stone,420.0,5,3,PConc,Ex,TA,Gd,GLQ,1338,Unf,0,384,1722,GasA,5,Y,SBrkr,1728,568,0,2296,1,0,2,1,3,1,5,10,Typ,1,4,BuiltIn,2008.0,RFn,3,842,3,3,Y,382,274,0,0,0,0,0,None,None,0,6,2009,ConLI,Normal,451950,4018,3.5,1,1,0,656,0,1,1
20,RL,60.0,6600,Pave,None,Reg,Lvl,AllPub,Inside,Gtl,Mitchel,Norm,Norm,1Fam,1Story,5,8,1982,2003,Gable,CompShg,HdBoard,HdBoard,None,0.0,3,4,PConc,TA,Gd,No,GLQ,816,Unf,0,0,816,GasA,5,Y,SBrkr,816,0,0,816,1,0,1,0,2,1,3,4,Typ,0,0,Detchd,1985.0,Fin,2,816,3,3,Y,0,0,0,0,0,0,0,None,None,0,6,2008,WD,Normal,138000,1632,2.0,26,5,1,0,0,1,0
120,RM,70.0,4435,Pave,None,Reg,Lvl,AllPub,Inside,Gtl,CollgCr,Norm,Norm,TwnhsE,1Story,6,5,2003,2003,Gable,CompShg,VinylSd,VinylSd,BrkFace,170.0,4,3,PConc,Gd,TA,Av,GLQ,685,Unf,0,163,848,GasA,5,Y,SBrkr,848,0,0,848,1,0,1,0,1,1,4,4,Typ,0,0,Attchd,2003.0,Fin,2,420,3,3,Y,140,0,0,0,0,0,0,None,None,0,5,2009,WD,Normal,140000,1696,2.0,6,6,0,140,0,1,0
20,RL,88.0,7990,Pave,None,IR1,Lvl,AllPub,Inside,Gtl,CollgCr,Norm,Norm,1Fam,1Story,5,6,1975,1975,Hip,CompShg,HdBoard,HdBoard,None,0.0,3,3,CBlock,Gd,TA,No,Unf,0,Unf,0,924,924,GasA,3,Y,SBrkr,924,0,0,924,0,0,1,0,3,1,3,5,Typ,0,0,Detchd,1981.0,Unf,1,280,3,3,Y,0,0,0,0,0,0,0,MnPrv,None,0,4,2008,WD,Normal,110000,1848,1.0,33,33,0,0,0,1,0
20,RL,69.0,11302,Pave,None,IR1,Lvl,AllPub,Inside,Gtl,StoneBr,Norm,Norm,1Fam,1Story,8,5,2005,2006,Gable,CompShg,VinylSd,Other,BrkFace,238.0,4,3,PConc,Gd,TA,Gd,GLQ,1422,Unf,0,392,1814,GasA,5,Y,SBrkr,1826,0,0,1826,1,0,2,0,3,1,4,7,Typ,1,3,Attchd,2005.0,Fin,3,758,3,3,Y,180,75,0,0,120,0,0,None,None,0,8,2006,New,Partial,319000,3640,3.0,1,0,1,375,0,1,1
70,RM,60.0,3600,Pave,Grvl,Reg,Lvl,AllPub,Inside,Gtl,OldTown,Norm,Norm,1Fam,2Story,6,7,1910,1993,Gable,CompShg,VinylSd,VinylSd,None,0.0,3,3,CBlock,TA,TA,No,Unf,0,Unf,0,684,684,GasA,5,N,FuseA,684,684,0,1368,0,0,1,0,3,1,3,7,Typ,0,0,Detchd,1930.0,Unf,1,216,3,2,N,0,158,0,0,0,0,0,None,None,0,10,2006,WD,Normal,114504,2052,1.0,96,13,1,158,0,1,0
120,RL,53.0,3922,Pave,None,Reg,Lvl,AllPub,Inside,Gtl,Blmngtn,Norm,Norm,TwnhsE,1Story,7,5,2006,2007,Gable,CompShg,VinylSd,VinylSd,BrkFace,72.0,4,3,PConc,Ex,TA,Av,Unf,0,Unf,0,1258,1258,GasA,5,Y,SBrkr,1402,0,0,1402,0,2,0,2,2,1,4,7,Typ,1,4,Attchd,2006.0,Fin,3,648,3,3,Y,120,16,0,0,0,0,0,None,None,0,2,2007,New,Partial,194201,2660,2.0,1,0,1,136,0,1,1
20,RL,80.0,12984,Pave,None,Reg,Bnk,AllPub,Inside,Gtl,Crawfor,Norm,Norm,1Fam,1Story,5,6,1977,1977,Gable,CompShg,Plywood,Plywood,BrkFace,459.0,3,3,CBlock,Gd,TA,Mn,ALQ,1283,LwQ,147,0,1430,GasA,5,Y,SBrkr,1647,0,0,1647,1,0,2,0,3,1,4,7,Typ,1,3,Attchd,1977.0,Fin,2,621,3,3,Y,0,0,0,0,0,0,0,None,None,0,3,2006,WD,Normal,217500,3077,3.0,29,29,0,0,0,1,1
160,RM,24.0,1950,Pave,None,Reg,Lvl,AllPub,Inside,Gtl,Blueste,Norm,Norm,Twnhs,2Story,6,6,1980,1980,Gable,CompShg,MetalSd,MetalSd,None,0.0,3,4,CBlock,Gd,TA,No,LwQ,81,GLQ,612,23,716,GasA,3,Y,SBrkr,716,840,0,1556,1,0,2,1,3,1,3,6,Typ,1,3,Attchd,1980.0,Fin,2,452,3,3,Y,161,0,0,0,0,0,0,GdPrv,None,0,7,2008,COD,Normal,151000,2272,3.5,28,28,0,161,0,1,1
60,RL,74.0,10927,Pave,None,Reg,Lvl,AllPub,Inside,Gtl,NridgHt,Norm,Norm,1Fam,2Story,8,5,2005,2005,Gable,CompShg,VinylSd,VinylSd,BrkFace,280.0,4,3,PConc,Gd,TA,Av,GLQ,546,Unf,0,512,1058,GasA,5,Y,SBrkr,1058,846,0,1904,1,0,2,1,3,1,5,8,Typ,1,4,BuiltIn,2003.0,Fin,2,736,3,3,Y,179,60,0,0,0,0,0,None,None,0,6,2006,WD,Normal,275000,2962,3.5,1,1,0,239,0,1,1
50,RM,50.0,9000,Pave,None,Reg,Bnk,AllPub,Inside,Gtl,IDOTRR,Norm,Norm,1Fam,1.5Fin,6,6,1937,1950,Gable,CompShg,Wd Sdng,Wd Sdng,None,0.0,3,4,PConc,TA,TA,No,Unf,0,Unf,0,780,780,GasA,3,Y,SBrkr,780,595,0,1375,0,0,1,1,3,1,4,6,Typ,1,4,Detchd,1979.0,Unf,1,544,3,3,P,0,162,0,0,126,0,0,None,None,0,12,2007,WD,Normal,141000,2155,1.5,70,57,1,288,0,1,1
60,RL,80.0,10041,Pave,None,IR1,Lvl,AllPub,Inside,Gtl,SawyerW,Norm,Norm,1Fam,2Story,8,5,1992,1992,Gable,CompShg,HdBoard,HdBoard,None,0.0,4,3,PConc,Gd,TA,Mn,GLQ,789,Unf,0,119,908,GasA,5,Y,SBrkr,927,988,0,1915,1,0,2,1,3,1,4,8,Typ,1,3,Attchd,1992.0,Fin,2,506,3,3,Y,120,150,0,0,0,0,0,None,None,0,2,2006,WD,Abnorml,220000,2823,3.5,14,14,0,270,0,1,1
160,FV,30.0,3182,Pave,Pave,Reg,Lvl,AllPub,Inside,Gtl,Somerst,Norm,Norm,TwnhsE,2Story,7,5,2004,2005,Gable,CompShg,MetalSd,MetalSd,None,0.0,4,3,PConc,Gd,TA,No,Unf,0,Unf,0,600,600,GasA,5,Y,SBrkr,600,600,0,1200,0,0,2,1,2,1,4,4,Typ,0,0,Detchd,2004.0,RFn,2,480,3,3,Y,0,172,0,0,0,0,0,None,None,0,6,2010,WD,Normal,151000,1800,2.5,6,5,1,172,0,1,0
20,RL,88.0,12803,Pave,None,IR1,Lvl,AllPub,Inside,Gtl,CollgCr,Norm,Norm,1Fam,1Story,7,5,2002,2002,Gable,CompShg,VinylSd,VinylSd,BrkFace,99.0,4,3,PConc,Gd,TA,Mn,GLQ,922,Unf,0,572,1494,GasA,5,Y,SBrkr,1494,0,0,1494,1,0,2,0,3,1,4,6,Typ,1,3,Attchd,2002.0,RFn,2,530,3,3,Y,192,36,0,0,0,0,0,None,None,0,9,2008,WD,Normal,221000,2988,3.0,6,6,0,228,0,1,1
60,RL,85.0,13600,Pave,None,Reg,Lvl,AllPub,Inside,Gtl,NAmes,Norm,Norm,1Fam,2Story,7,6,1965,1990,Gable,CompShg,HdBoard,HdBoard,BrkFace,176.0,3,3,CBlock,TA,TA,No,BLQ,454,Unf,0,314,768,GasA,3,Y,SBrkr,1186,800,0,1986,0,0,2,1,3,1,3,7,Typ,3,2,Attchd,1965.0,Unf,2,486,3,3,Y,0,42,0,0,189,0,0,None,None,0,10,2009,WD,Normal,205000,2754,2.5,44,19,1,231,0,1,1
20,RL,82.0,12464,Pave,None,IR2,Low,AllPub,Corner,Mod,CollgCr,Norm,Norm,1Fam,1Story,5,5,1996,1996,Gable,CompShg,VinylSd,VinylSd,None,0.0,3,4,PConc,Gd,TA,No,GLQ,732,Unf,0,308,1040,GasA,4,Y,SBrkr,1040,0,0,1040,1,0,1,0,3,1,4,6,Typ,0,0,Detchd,2000.0,Unf,2,576,3,3,Y,168,0,0,0,0,0,0,GdPrv,None,0,11,2009,WD,Normal,152000,2080,2.0,13,13,0,168,0,1,0
20,RL,78.0,7800,Pave,None,Reg,Bnk,AllPub,Inside,Mod,Edwards,Norm,Norm,1Fam,2Story,5,8,1948,2002,Gable,CompShg,MetalSd,MetalSd,None,0.0,3,4,CBlock,TA,Gd,No,GLQ,603,Unf,0,293,896,GasA,5,Y,SBrkr,1112,896,0,2008,1,0,3,0,3,1,5,8,Typ,0,0,Attchd,1948.0,Unf,1,230,3,3,Y,103,0,0,0,0,0,0,None,None,0,8,2006,WD,Normal,225000,2904,4.0,58,4,1,103,0,1,0
70,RL,78.0,12168,Pave,None,Reg,HLS,AllPub,Inside,Mod,Crawfor,Norm,Norm,1Fam,2Story,8,6,1934,1998,Gable,CompShg,BrkFace,Wd Sdng,None,0.0,3,3,PConc,Gd,TA,Mn,BLQ,428,Unf,0,537,965,GasA,3,Y,SBrkr,1940,1254,0,3194,0,0,2,1,4,1,3,10,Typ,2,4,Basment,1934.0,Unf,2,380,3,3,Y,0,0,0,0,0,0,0,None,None,0,9,2007,WD,Alloca,359100,4159,2.5,73,9,1,0,0,1,1
20,RL,61.0,7943,Pave,None,Reg,Lvl,AllPub,Inside,Gtl,Sawyer,Feedr,Norm,1Fam,1Story,4,5,1961,1961,Gable,CompShg,VinylSd,VinylSd,BrkCmn,192.0,3,2,CBlock,TA,TA,Mn,Rec,903,Unf,0,126,1029,GasA,4,Y,SBrkr,1029,0,0,1029,1,0,1,0,3,1,3,5,Typ,0,0,Attchd,1961.0,Unf,1,261,3,3,Y,64,0,39,0,0,0,0,None,None,0,4,2007,WD,Normal,118500,2058,2.0,46,46,0,103,0,1,0
60,RL,70.0,11050,Pave,None,Reg,Lvl,AllPub,Inside,Gtl,CollgCr,PosN,Norm,1Fam,2Story,9,5,2000,2000,Hip,CompShg,VinylSd,VinylSd,BrkFace,204.0,4,3,PConc,Ex,TA,Mn,GLQ,904,Unf,0,536,1440,GasA,5,Y,SBrkr,1476,677,0,2153,1,0,2,1,3,1,5,8,Typ,2,5,Attchd,2000.0,Fin,3,736,3,3,Y,253,142,0,0,0,0,0,None,None,0,5,2009,WD,Normal,313000,3593,3.5,9,9,0,395,0,1,1
80,RL,80.0,10395,Pave,None,IR1,Lvl,AllPub,FR2,Gtl,NWAmes,Norm,Norm,1Fam,SLvl,6,6,1978,1978,Gable,CompShg,HdBoard,HdBoard,BrkFace,233.0,3,3,CBlock,Gd,TA,Av,ALQ,605,Unf,0,427,1032,GasA,3,Y,SBrkr,1032,0,0,1032,0,1,2,0,3,1,3,6,Typ,1,3,Attchd,1978.0,Unf,2,564,3,3,Y,0,0,0,0,0,0,0,MnPrv,Shed,500,7,2007,WD,Normal,148000,2064,2.5,29,29,0,0,0,1,1
60,RL,70.0,11885,Pave,None,Reg,Lvl,AllPub,Inside,Gtl,CollgCr,Norm,Norm,1Fam,2Story,8,5,2001,2001,Gable,CompShg,VinylSd,VinylSd,BrkFace,108.0,4,3,PConc,Gd,TA,Av,GLQ,990,Unf,0,309,1299,GasA,5,Y,SBrkr,1299,573,0,1872,1,0,2,1,3,1,5,7,Typ,1,3,BuiltIn,2001.0,RFn,2,531,3,3,Y,160,122,0,0,0,0,0,None,None,0,11,2009,WD,Normal,261500,3171,3.5,8,8,0,282,0,1,1
20,RL,70.0,8402,Pave,None,Reg,Lvl,AllPub,Inside,Gtl,Mitchel,Feedr,Norm,1Fam,1Story,5,5,2007,2007,Gable,CompShg,VinylSd,VinylSd,None,0.0,3,3,PConc,Gd,TA,No,ALQ,206,Unf,0,914,1120,GasA,5,Y,SBrkr,1120,0,0,1120,0,0,1,0,3,1,3,6,Typ,0,0,None,0.0,None,0,0,0,0,Y,0,30,0,0,0,0,0,None,None,0,12,2007,New,Partial,147000,2240,1.0,0,0,0,30,0,0,0
180,RM,21.0,1491,Pave,None,Reg,Lvl,AllPub,Inside,Gtl,MeadowV,Norm,Norm,TwnhsE,SFoyer,4,6,1972,1972,Gable,CompShg,CemntBd,CmentBd,None,0.0,3,3,CBlock,Gd,TA,Av,LwQ,150,GLQ,480,0,630,GasA,5,Y,SBrkr,630,0,0,630,1,0,1,0,1,1,3,3,Typ,0,0,None,0.0,None,0,0,0,0,Y,96,24,0,0,0,0,0,None,None,0,5,2010,WD,Normal,75500,1260,2.0,38,38,0,120,0,0,0
85,RL,80.0,8800,Pave,None,Reg,Lvl,AllPub,Inside,Gtl,NAmes,Feedr,Norm,1Fam,SFoyer,6,7,1963,1963,Gable,CompShg,MetalSd,MetalSd,BrkFace,156.0,3,4,PConc,TA,TA,Gd,GLQ,763,Unf,0,173,936,GasA,5,Y,SBrkr,1054,0,0,1054,1,0,1,0,3,1,4,6,Typ,0,0,Attchd,1963.0,RFn,2,480,3,3,Y,120,0,0,0,0,0,0,MnPrv,None,0,5,2010,WD,Abnorml,137500,1990,2.0,47,47,0,120,0,1,0
60,RL,65.0,7861,Pave,None,IR1,Lvl,AllPub,Inside,Gtl,Gilbert,Norm,Norm,1Fam,2Story,6,5,2002,2003,Gable,CompShg,VinylSd,VinylSd,None,0.0,4,3,PConc,Gd,TA,No,GLQ,457,Unf,0,326,783,GasA,5,Y,SBrkr,807,702,0,1509,1,0,2,1,3,1,4,7,Typ,1,4,Attchd,2002.0,Fin,2,393,3,3,Y,100,75,0,0,0,0,0,None,None,0,6,2006,WD,Normal,183200,2292,3.5,4,3,1,175,0,1,1
45,RL,59.0,7227,Pave,None,Reg,HLS,AllPub,Corner,Mod,NAmes,Artery,Norm,1Fam,1.5Unf,6,6,1954,1954,Gable,CompShg,MetalSd,MetalSd,None,0.0,3,3,CBlock,TA,TA,No,Unf,0,Unf,0,832,832,GasA,4,Y,SBrkr,832,0,0,832,0,0,1,0,2,1,4,4,Typ,0,0,Detchd,1962.0,Unf,2,528,3,3,Y,0,0,0,0,0,0,0,None,None,0,6,2008,WD,Normal,105500,1664,1.0,54,54,0,0,0,1,0
20,RL,90.0,11694,Pave,None,Reg,Lvl,AllPub,Inside,Gtl,NridgHt,Norm,Norm,1Fam,1Story,9,5,2007,2007,Hip,CompShg,CemntBd,CmentBd,BrkFace,452.0,5,3,PConc,Ex,TA,Av,GLQ,48,Unf,0,1774,1822,GasA,5,Y,SBrkr,1828,0,0,1828,0,0,2,0,3,1,4,9,Typ,1,4,Attchd,2007.0,Unf,3,774,3,3,Y,0,108,0,0,260,0,0,None,None,0,7,2007,New,Partial,314813,3650,2.0,0,0,0,368,0,1,1
60,RL,85.0,12244,Pave,None,Reg,Lvl,AllPub,Inside,Gtl,Timber,Norm,Norm,1Fam,2Story,8,5,2003,2003,Hip,CompShg,VinylSd,VinylSd,Stone,226.0,4,3,PConc,Gd,TA,Gd,GLQ,871,Unf,0,611,1482,GasA,5,Y,SBrkr,1482,780,0,2262,1,0,2,1,4,1,4,10,Typ,2,4,Attchd,2003.0,Fin,3,749,3,3,Y,168,0,0,0,0,0,0,None,None,0,8,2008,WD,Normal,305000,3744,3.5,5,5,0,168,0,1,1
30,RL,45.0,8248,Pave,Grvl,Reg,Lvl,AllPub,Inside,Gtl,Edwards,Norm,Norm,1Fam,1Story,3,3,1914,1950,Gable,CompShg,Stucco,Stucco,None,0.0,3,3,BrkTil,TA,TA,No,BLQ,41,Unf,0,823,864,GasA,3,N,FuseF,864,0,0,864,1,0,1,0,2,1,3,5,Typ,0,0,None,0.0,None,0,0,0,0,N,0,0,100,0,0,0,0,None,None,0,9,2008,WD,Normal,67000,1728,2.0,94,58,1,100,0,0,0
60,RL,90.0,10800,Pave,None,Reg,Lvl,AllPub,Inside,Gtl,NWAmes,Norm,Norm,1Fam,2Story,6,7,1974,1997,Gable,CompShg,HdBoard,HdBoard,None,0.0,3,3,CBlock,TA,TA,No,ALQ,956,Rec,182,384,1522,GasA,3,Y,SBrkr,1548,1066,0,2614,0,0,2,1,4,1,3,9,Typ,1,3,Attchd,1974.0,RFn,2,624,3,3,Y,38,243,0,0,0,0,0,None,None,0,6,2008,WD,Normal,240000,4136,2.5,34,11,1,281,0,1,1
20,RL,71.0,7064,Pave,None,Reg,Lvl,AllPub,Inside,Gtl,Sawyer,Norm,Norm,1Fam,1Story,5,6,1977,1977,Gable,CompShg,Plywood,Plywood,BrkFace,153.0,3,3,CBlock,TA,TA,No,BLQ,560,Unf,0,420,980,GasA,3,Y,SBrkr,980,0,0,980,0,0,1,0,3,1,3,6,Typ,0,0,Detchd,1986.0,Unf,2,484,3,3,Y,192,0,0,0,0,0,0,None,None,0,7,2009,WD,Normal,135000,1960,1.0,32,32,0,192,0,1,0
160,FV,73.5,2117,Pave,None,Reg,Lvl,AllPub,Inside,Gtl,Somerst,Norm,Norm,TwnhsE,2Story,6,5,2000,2000,Gable,CompShg,MetalSd,MetalSd,BrkFace,513.0,4,3,PConc,Gd,TA,No,GLQ,420,Unf,0,336,756,GasA,5,Y,SBrkr,756,756,0,1512,0,0,2,1,2,1,4,4,Typ,1,3,Detchd,2000.0,Unf,2,440,3,3,Y,0,32,0,0,0,0,0,None,None,0,6,2007,WD,Normal,168500,2268,2.5,7,7,0,32,0,1,1
60,RL,80.0,10400,Pave,None,Reg,Lvl,AllPub,Inside,Gtl,NWAmes,Norm,Norm,1Fam,2Story,6,5,1972,1972,Gable,CompShg,VinylSd,VinylSd,None,288.0,3,3,CBlock,TA,TA,No,Rec,247,Unf,0,485,732,GasA,4,Y,SBrkr,1012,778,0,1790,1,0,1,2,4,1,3,8,Min2,1,3,Attchd,1972.0,RFn,2,484,3,3,Y,148,0,0,0,147,0,0,None,None,0,11,2006,WD,Normal,165150,2522,3.0,34,34,0,295,0,1,1
20,RL,87.0,10000,Pave,None,IR1,Lvl,AllPub,Corner,Gtl,NAmes,Norm,Norm,1Fam,1Story,6,6,1962,1962,Hip,CompShg,Wd Sdng,Wd Sdng,BrkFace,261.0,3,3,CBlock,TA,TA,No,Unf,0,Unf,0,1116,1116,GasA,3,Y,SBrkr,1116,0,0,1116,0,0,1,1,3,1,3,5,Typ,0,0,Attchd,1962.0,Unf,2,440,3,3,Y,0,0,0,0,385,0,0,None,None,0,2,2010,WD,Normal,160000,2232,1.5,48,48,0,385,0,1,0
20,RL,73.0,12342,Pave,None,IR1,Lvl,AllPub,Inside,Gtl,NAmes,Norm,Norm,1Fam,1Story,5,5,1960,1978,Hip,CompShg,Wd Sdng,Wd Sdng,None,0.0,3,3,CBlock,TA,TA,No,Unf,0,Unf,0,978,978,GasA,3,Y,SBrkr,1422,0,0,1422,0,0,1,0,3,1,3,6,Min1,1,3,Attchd,1960.0,RFn,1,286,3,3,Y,0,0,36,0,0,0,0,GdWo,Shed,600,8,2007,WD,Normal,139900,2400,1.0,47,29,1,36,0,1,1
80,RL,80.0,9600,Pave,None,Reg,Lvl,AllPub,Inside,Gtl,NAmes,Norm,Norm,1Fam,SLvl,6,6,1955,1972,Gable,CompShg,AsbShng,AsbShng,BrkFace,164.0,3,3,CBlock,TA,TA,Av,BLQ,674,LwQ,132,350,1156,GasA,5,Y,SBrkr,1520,0,0,1520,1,0,1,0,3,1,3,7,Typ,2,4,Basment,1955.0,RFn,1,364,3,3,Y,0,0,189,0,0,0,0,None,None,0,3,2010,WD,Normal,153000,2676,2.0,55,38,1,189,0,1,1
60,RL,70.0,11606,Pave,None,IR1,HLS,AllPub,Inside,Sev,NAmes,Norm,Norm,1Fam,2Story,5,5,1969,1969,Gable,CompShg,Plywood,Plywood,BrkFace,192.0,3,3,PConc,Gd,TA,Av,Rec,650,Unf,0,390,1040,GasA,3,Y,SBrkr,1040,1040,0,2080,0,1,1,2,5,1,2,9,Typ,2,3,Attchd,1969.0,Unf,2,504,3,3,Y,335,0,0,0,0,0,0,None,None,0,9,2007,WD,Family,135000,3120,2.5,38,38,0,335,0,1,1
80,RL,82.0,9020,Pave,None,Reg,Lvl,AllPub,Corner,Gtl,NAmes,Feedr,Norm,1Fam,SLvl,6,5,1964,1964,Gable,WdShngl,Plywood,Wd Sdng,BrkFace,259.0,3,3,CBlock,TA,TA,Gd,GLQ,624,Rec,336,288,1248,GasA,3,Y,SBrkr,1350,0,0,1350,1,0,1,1,3,1,3,6,Typ,0,0,Attchd,1964.0,RFn,2,520,3,3,Y,176,0,0,0,0,0,0,GdPrv,None,0,6,2008,WD,Normal,168500,2598,2.5,44,44,0,176,0,1,0
70,RM,50.0,9000,Pave,Grvl,Reg,Lvl,AllPub,Corner,Gtl,OldTown,Artery,Norm,1Fam,2Story,5,6,1880,1991,Gable,CompShg,VinylSd,VinylSd,None,0.0,3,3,BrkTil,Fa,Fa,No,Unf,0,Unf,0,636,636,GasA,3,Y,FuseA,1089,661,0,1750,0,0,1,0,3,1,5,8,Typ,0,0,Detchd,1937.0,Unf,1,240,2,1,N,0,0,293,0,0,0,0,MnPrv,None,0,6,2006,WD,Abnorml,124000,2386,1.0,126,15,1,293,0,1,0
120,RL,34.0,4590,Pave,None,Reg,Lvl,AllPub,Inside,Gtl,NridgHt,Norm,Norm,Twnhs,1Story,8,5,2006,2006,Gable,CompShg,VinylSd,VinylSd,Stone,108.0,4,3,PConc,Gd,Gd,Mn,GLQ,24,Unf,0,1530,1554,GasA,5,Y,SBrkr,1554,0,0,1554,0,0,2,0,2,1,4,6,Typ,1,4,Attchd,2006.0,RFn,2,627,3,3,Y,156,73,0,0,0,0,0,None,None,0,8,2007,WD,Normal,209500,3108,2.0,1,1,0,229,0,1,1
20,RL,85.0,11900,Pave,None,Reg,Lvl,AllPub,Inside,Gtl,NWAmes,Norm,Norm,1Fam,1Story,7,5,1977,1977,Hip,CompShg,Plywood,Plywood,BrkFace,209.0,3,4,CBlock,TA,TA,No,ALQ,822,Unf,0,564,1386,GasA,3,Y,SBrkr,1411,0,0,1411,0,0,2,0,3,1,3,6,Typ,1,3,Attchd,1977.0,Fin,2,544,3,3,Y,192,0,0,0,0,0,0,None,None,0,4,2009,WD,Family,82500,2797,2.0,32,32,0,192,0,1,1
20,RL,80.0,9250,Pave,None,Reg,Lvl,AllPub,Corner,Gtl,NAmes,Norm,Norm,1Fam,1Story,5,7,1954,2005,Gable,CompShg,Wd Sdng,Wd Sdng,None,0.0,3,3,CBlock,TA,TA,No,BLQ,480,LwQ,468,108,1056,GasA,3,Y,SBrkr,1056,0,0,1056,0,1,1,0,3,1,3,6,Typ,0,0,Attchd,1954.0,Unf,1,260,3,3,Y,390,0,0,0,0,0,0,None,None,0,7,2007,WD,Normal,139400,2112,1.5,53,2,1,390,0,1,0
90,RL,64.0,6979,Pave,None,Reg,Lvl,AllPub,Inside,Gtl,OldTown,Norm,Norm,Duplex,SFoyer,6,5,1980,1980,Gable,CompShg,Plywood,Plywood,None,0.0,3,3,CBlock,TA,TA,No,GLQ,1056,Unf,0,0,1056,GasA,4,Y,SBrkr,1056,0,0,1056,2,0,0,0,0,2,3,4,Typ,0,0,Detchd,1980.0,Unf,2,576,3,3,Y,264,56,0,0,0,0,0,GdPrv,Shed,600,6,2010,WD,Normal,144000,2112,2.0,30,30,0,320,0,1,0
190,RH,60.0,10896,Pave,Pave,Reg,Bnk,AllPub,Inside,Gtl,SWISU,Feedr,Norm,2fmCon,2.5Fin,6,7,1914,1995,Hip,CompShg,VinylSd,VinylSd,None,0.0,2,3,CBlock,TA,Fa,No,LwQ,256,Unf,0,1184,1440,GasA,5,Y,FuseA,1440,1440,515,3395,0,0,2,0,8,2,2,14,Typ,0,0,None,0.0,None,0,0,0,0,N,0,110,0,0,0,0,0,None,None,0,3,2007,WD,Abnorml,200000,4320,2.0,93,12,1,110,0,0,0
30,RM,51.0,6120,Pave,None,Reg,Lvl,AllPub,Inside,Gtl,BrkSide,Norm,Norm,1Fam,1Story,2,3,1936,1950,Gable,CompShg,AsbShng,AsbShng,None,0.0,2,2,BrkTil,TA,Fa,No,Unf,0,Unf,0,264,264,Grav,2,N,FuseA,800,0,0,800,0,0,1,0,1,1,2,4,Maj1,1,1,None,0.0,None,0,0,0,0,N,0,0,0,0,0,0,0,None,None,0,1,2009,ConLw,Normal,60000,1064,1.0,73,59,1,0,0,0,1
190,RM,50.0,6000,Pave,None,Reg,Lvl,AllPub,Inside,Gtl,OldTown,Norm,Norm,2fmCon,1.5Fin,5,4,1954,1954,Gable,CompShg,Wd Sdng,Wd Sdng,None,0.0,3,3,CBlock,TA,TA,No,Unf,0,Unf,0,811,811,GasA,3,Y,FuseA,811,576,0,1387,0,0,2,0,3,2,4,7,Typ,0,0,BuiltIn,1954.0,Unf,1,256,3,3,Y,0,0,0,0,0,0,0,None,None,0,11,2009,WD,Normal,93000,2198,2.0,55,55,0,0,0,1,0
30,RL,67.0,8777,Pave,None,Reg,Lvl,AllPub,Inside,Gtl,Edwards,Feedr,Norm,1Fam,1Story,5,7,1910,1950,Gable,CompShg,MetalSd,Wd Sdng,None,0.0,3,3,CBlock,Fa,TA,No,Unf,0,Unf,0,796,796,GasA,4,Y,FuseA,796,0,0,796,0,0,1,0,2,1,3,4,Typ,0,0,None,0.0,None,0,0,0,0,P,328,0,164,0,0,0,0,MnPrv,None,0,5,2008,WD,Normal,85000,1592,1.0,98,58,1,492,0,0,0
120,RL,53.0,3982,Pave,None,Reg,Lvl,AllPub,Inside,Gtl,Blmngtn,Norm,Norm,TwnhsE,1Story,8,5,2006,2006,Hip,CompShg,VinylSd,VinylSd,None,0.0,4,3,PConc,Gd,Gd,Av,GLQ,1154,Unf,0,366,1520,GasA,5,Y,SBrkr,1567,0,0,1567,1,0,2,0,1,1,5,7,Typ,1,4,Attchd,2006.0,Fin,3,648,3,3,Y,312,0,0,0,0,0,0,None,None,0,10,2006,New,Partial,264561,3087,3.0,0,0,0,312,0,1,1
120,RL,62.0,12677,Pave,None,IR1,Lvl,AllPub,Inside,Gtl,NridgHt,Norm,Norm,TwnhsE,1Story,8,5,2003,2004,Hip,CompShg,MetalSd,MetalSd,BrkFace,472.0,5,3,PConc,Ex,TA,Gd,GLQ,1218,Unf,0,300,1518,GasA,5,Y,SBrkr,1518,0,0,1518,0,0,1,1,1,1,5,6,Typ,1,4,Attchd,2003.0,RFn,2,588,3,3,Y,185,140,0,0,0,0,0,None,None,0,4,2008,WD,Normal,274000,3036,1.5,5,4,1,325,0,1,1
60,FV,73.5,7050,Pave,None,Reg,Lvl,AllPub,Inside,Gtl,Somerst,Norm,Norm,1Fam,2Story,7,5,2001,2001,Gable,CompShg,VinylSd,VinylSd,None,0.0,4,3,PConc,Gd,TA,No,GLQ,738,Unf,0,319,1057,GasA,5,Y,SBrkr,1057,872,0,1929,1,0,2,1,3,1,4,7,Typ,1,3,Attchd,2001.0,Fin,2,650,3,3,Y,0,235,0,0,0,0,0,None,None,0,5,2007,WD,Normal,226000,2986,3.5,6,6,0,235,0,1,1
80,RL,75.0,13860,Pave,None,Reg,Lvl,AllPub,Inside,Gtl,NAmes,Norm,Norm,1Fam,SLvl,8,7,1972,1995,Gable,CompShg,Plywood,Wd Sdng,None,0.0,4,3,CBlock,Gd,TA,Gd,GLQ,1410,Unf,0,542,1952,GasA,4,Y,SBrkr,2000,704,0,2704,1,0,2,1,4,1,5,9,Typ,3,3,Attchd,1972.0,Fin,2,538,3,3,Y,269,111,0,0,0,0,0,MnPrv,None,0,7,2009,WD,Normal,345000,4656,3.5,37,14,1,380,0,1,1
60,RL,80.0,10793,Pave,None,Reg,Lvl,AllPub,Inside,Gtl,NWAmes,RRAn,Norm,1Fam,2Story,5,5,1969,1969,Mansard,CompShg,WdShing,HdBoard,BrkFace,263.0,3,3,CBlock,TA,TA,No,Rec,493,BLQ,287,0,780,GasA,5,Y,SBrkr,780,840,0,1620,0,0,2,1,4,1,3,7,Min1,0,0,Attchd,1969.0,Fin,2,462,3,3,Y,208,0,0,0,0,0,0,GdWo,None,0,4,2007,WD,Normal,152000,2400,2.5,38,38,0,208,0,1,0
20,FV,85.0,9187,Pave,None,Reg,Lvl,AllPub,Inside,Gtl,Somerst,Norm,Norm,1Fam,1Story,9,5,2009,2009,Gable,CompShg,CemntBd,CmentBd,Stone,162.0,5,3,PConc,Ex,TA,Mn,GLQ,1121,Unf,0,645,1766,GasA,5,Y,SBrkr,1766,0,0,1766,1,0,2,1,2,1,5,7,Typ,1,4,Attchd,2009.0,Fin,3,478,3,3,Y,195,130,0,0,0,0,0,None,None,0,10,2009,New,Partial,370878,3532,3.5,0,0,0,325,0,1,1
20,RL,73.0,10530,Pave,None,IR1,Lvl,AllPub,Corner,Gtl,NAmes,Norm,Norm,1Fam,1Story,6,5,1971,1971,Hip,CompShg,Plywood,Plywood,None,0.0,3,3,CBlock,TA,TA,No,ALQ,282,LwQ,35,664,981,GasA,3,Y,SBrkr,981,0,0,981,1,0,1,1,3,1,3,5,Typ,0,0,Detchd,1979.0,Unf,2,576,3,3,Y,0,312,40,0,0,0,0,None,None,0,3,2007,WD,Normal,143250,1962,2.5,36,36,0,352,0,1,0
20,RL,60.0,7200,Pave,None,Reg,Lvl,AllPub,Inside,Gtl,NAmes,Norm,Norm,1Fam,1Story,5,5,1950,1950,Hip,CompShg,MetalSd,MetalSd,None,0.0,3,3,CBlock,None,None,None,None,0,None,0,0,0,GasA,4,Y,SBrkr,1048,0,0,1048,0,0,1,0,3,1,3,7,Min1,0,0,Detchd,1950.0,Unf,2,420,3,3,Y,0,27,0,0,0,0,0,None,None,0,7,2008,WD,Normal,98300,1048,1.0,58,58,0,27,0,1,0
20,RL,85.0,10452,Pave,None,IR1,Lvl,AllPub,Inside,Gtl,Edwards,Norm,Norm,1Fam,1Story,6,5,1953,1953,Hip,CompShg,Wd Sdng,Wd Sdng,Stone,216.0,3,3,CBlock,TA,TA,Mn,Rec,500,Unf,0,594,1094,GasA,5,Y,SBrkr,1094,0,0,1094,0,0,1,0,3,1,3,5,Typ,2,4,Attchd,1953.0,RFn,2,495,3,3,Y,0,0,0,0,287,0,0,None,None,0,6,2008,WD,Normal,155000,2188,1.0,55,55,0,287,0,1,1
60,RL,70.0,7700,Pave,None,Reg,Lvl,AllPub,Inside,Gtl,NAmes,PosN,Norm,1Fam,2Story,6,5,1966,1966,Gable,CompShg,MetalSd,MetalSd,BrkFace,351.0,3,3,CBlock,TA,TA,No,Unf,0,Unf,0,756,756,GasA,3,Y,SBrkr,1051,788,0,1839,0,0,1,1,4,1,3,7,Typ,1,3,Attchd,1966.0,Unf,2,442,3,3,Y,0,124,216,0,0,0,0,None,None,0,6,2010,WD,Normal,155000,2595,1.5,44,44,0,340,0,1,1
180,RM,21.0,1936,Pave,None,Reg,Lvl,AllPub,Inside,Gtl,MeadowV,Norm,Norm,Twnhs,SFoyer,4,6,1970,1970,Gable,CompShg,CemntBd,CmentBd,None,0.0,3,3,CBlock,Gd,TA,Av,BLQ,131,GLQ,499,0,630,GasA,4,Y,SBrkr,630,0,0,630,1,0,1,0,1,1,3,3,Typ,0,0,None,0.0,None,0,0,0,0,Y,0,0,0,0,0,0,0,MnPrv,None,0,12,2007,WD,Normal,84500,1260,2.0,37,37,0,0,0,0,0
60,FV,65.0,8125,Pave,None,Reg,Lvl,AllPub,Inside,Gtl,Somerst,Norm,Norm,1Fam,2Story,7,6,2007,2007,Gable,CompShg,CemntBd,CmentBd,None,0.0,4,3,PConc,Gd,TA,No,Unf,0,Unf,0,813,813,GasA,5,Y,SBrkr,822,843,0,1665,0,0,2,1,3,1,4,7,Typ,0,0,Attchd,2007.0,RFn,2,562,3,3,Y,0,0,0,0,0,0,0,None,None,0,5,2008,WD,Normal,205950,2478,2.5,1,1,0,0,0,1,0
70,RL,60.0,9084,Pave,None,Reg,Lvl,AllPub,Inside,Gtl,Edwards,Artery,Norm,1Fam,2Story,4,5,1940,1950,Gable,CompShg,MetalSd,MetalSd,None,0.0,3,3,CBlock,TA,TA,Mn,Unf,0,Unf,0,755,755,GasA,3,Y,SBrkr,755,755,0,1510,1,0,1,0,4,1,3,7,Typ,1,4,Detchd,1940.0,Unf,1,296,2,1,P,120,0,0,0,0,0,0,MnPrv,None,0,10,2009,WD,Normal,108000,2265,2.0,69,59,1,120,0,1,1
60,RL,70.0,8750,Pave,None,Reg,Lvl,AllPub,Inside,Gtl,CollgCr,Norm,Norm,1Fam,2Story,7,5,1996,1996,Gable,CompShg,VinylSd,VinylSd,None,0.0,4,3,PConc,Gd,TA,No,Unf,0,Unf,0,880,880,GasA,5,Y,SBrkr,909,807,0,1716,0,0,2,1,2,1,4,7,Typ,1,3,Attchd,1996.0,RFn,2,512,3,3,Y,0,120,0,0,0,0,0,None,None,0,7,2009,WD,Normal,191000,2596,2.5,13,13,0,120,0,1,1
50,RM,60.0,10320,Pave,Grvl,Reg,Lvl,AllPub,Inside,Gtl,IDOTRR,Norm,Norm,1Fam,1.5Fin,6,7,1906,1995,Gable,CompShg,MetalSd,MetalSd,None,0.0,3,3,CBlock,TA,TA,No,Unf,0,Unf,0,756,756,GasA,5,Y,SBrkr,756,713,0,1469,0,0,1,0,3,1,3,7,Typ,0,0,Detchd,1906.0,Unf,1,216,3,3,Y,57,0,239,0,0,0,0,MnPrv,None,0,6,2008,WD,Normal,135000,2225,1.0,102,13,1,296,0,1,0
20,RL,91.0,10437,Pave,None,IR1,Lvl,AllPub,Inside,Gtl,NoRidge,Norm,Norm,1Fam,1Story,8,6,1995,1995,Hip,CompShg,MetalSd,MetalSd,BrkFace,660.0,4,4,PConc,Gd,TA,Gd,GLQ,1696,Unf,0,413,2109,GasA,5,Y,SBrkr,2113,0,0,2113,1,0,2,1,2,1,4,7,Typ,1,3,Attchd,1995.0,Fin,3,839,3,3,Y,236,46,0,0,0,0,0,None,None,0,8,2008,WD,Normal,350000,4222,3.5,13,13,0,282,0,1,1
160,RM,21.0,1680,Pave,None,Reg,Lvl,AllPub,Inside,Gtl,BrDale,Norm,Norm,Twnhs,2Story,6,5,1971,1971,Gable,CompShg,HdBoard,ImStucc,BrkFace,381.0,3,3,CBlock,TA,TA,No,Unf,0,Unf,0,525,525,GasA,3,Y,SBrkr,525,567,0,1092,0,0,1,1,3,1,3,6,Typ,0,0,Detchd,1971.0,Unf,1,264,3,3,Y,0,0,0,0,0,0,0,None,None,0,3,2010,WD,Family,88000,1617,1.5,39,39,0,0,0,1,0
20,RL,72.0,10007,Pave,None,IR1,Lvl,AllPub,Inside,Gtl,NAmes,Norm,Norm,1Fam,1Story,5,7,1959,2006,Gable,CompShg,HdBoard,HdBoard,BrkFace,54.0,4,3,CBlock,TA,TA,No,ALQ,806,Unf,0,247,1053,GasA,5,Y,SBrkr,1053,0,0,1053,1,0,1,1,3,1,4,5,Typ,0,0,Attchd,1959.0,RFn,1,312,3,3,Y,0,0,0,0,0,0,0,MnPrv,None,0,8,2008,WD,Normal,145500,2106,2.5,49,2,1,0,0,1,0
70,RL,60.0,7200,Pave,None,Reg,HLS,AllPub,Inside,Mod,Crawfor,Norm,Norm,1Fam,2Story,7,6,1931,2000,Gable,CompShg,Stucco,Wd Shng,None,0.0,3,2,BrkTil,Gd,TA,No,Unf,0,Unf,0,776,776,GasA,3,Y,SBrkr,851,651,0,1502,0,0,1,1,3,1,3,6,Typ,1,4,Attchd,1931.0,RFn,1,270,3,3,P,0,0,112,0,0,0,0,MnPrv,None,0,2,2008,WD,Normal,149000,2278,1.5,77,8,1,112,0,1,1
50,RL,78.0,17503,Pave,None,Reg,Lvl,AllPub,Inside,Gtl,NAmes,Artery,Norm,1Fam,1.5Fin,6,5,1948,1950,Gable,CompShg,VinylSd,VinylSd,None,0.0,3,3,CBlock,TA,TA,No,Unf,0,Unf,0,912,912,GasA,3,Y,SBrkr,912,546,0,1458,0,1,1,0,3,1,3,6,Typ,1,4,Attchd,1948.0,Unf,1,330,3,3,Y,192,0,0,0,0,0,0,None,None,0,1,2010,WD,Abnorml,97500,2370,1.5,62,60,1,192,0,1,1
20,RL,75.0,9937,Pave,None,Reg,Lvl,AllPub,Corner,Gtl,Edwards,Norm,Norm,1Fam,1Story,5,7,1964,1999,Hip,CompShg,MetalSd,MetalSd,None,0.0,3,4,PConc,TA,TA,No,BLQ,637,Unf,0,849,1486,GasA,5,Y,SBrkr,1486,0,0,1486,1,0,1,0,3,1,3,7,Typ,0,0,Detchd,1968.0,Fin,2,480,3,3,Y,0,0,0,0,0,0,0,MnPrv,None,0,3,2009,WD,Normal,167000,2972,2.0,45,10,1,0,0,1,0
60,RL,80.0,12384,Pave,None,Reg,Lvl,AllPub,CulDSac,Gtl,NWAmes,Norm,Norm,1Fam,2Story,7,7,1976,1976,Gable,CompShg,Plywood,Plywood,BrkFace,233.0,3,3,CBlock,Gd,TA,No,Unf,0,Unf,0,793,793,GasA,3,Y,SBrkr,1142,793,0,1935,0,0,2,1,3,1,3,7,Typ,1,3,Attchd,1976.0,RFn,2,550,3,3,Y,0,113,252,0,0,0,0,None,None,0,11,2007,WD,Normal,197900,2728,2.5,31,31,0,365,0,1,1
60,RL,52.0,46589,Pave,None,IR2,Lvl,AllPub,CulDSac,Gtl,NoRidge,Norm,Norm,1Fam,2Story,8,7,1994,2005,Hip,CompShg,VinylSd,VinylSd,BrkFace,528.0,4,3,PConc,Gd,Gd,No,GLQ,1361,Rec,180,88,1629,GasA,5,Y,SBrkr,1686,762,0,2448,1,0,2,1,4,1,4,8,Typ,1,3,Attchd,1994.0,RFn,3,711,3,3,Y,517,76,0,0,0,0,0,None,None,0,7,2009,WD,Normal,402000,4077,3.5,15,4,1,593,0,1,1
20,RL,120.0,13560,Pave,None,Reg,Lvl,AllPub,Corner,Gtl,NAmes,Norm,Norm,1Fam,1Story,6,3,1968,1968,Hip,CompShg,Wd Sdng,Wd Sdng,BrkFace,216.0,3,3,CBlock,Fa,Fa,No,Unf,0,Unf,0,1392,1392,GasA,4,Y,SBrkr,1392,0,0,1392,1,0,1,0,2,1,3,5,Maj2,2,3,Attchd,1968.0,RFn,2,576,3,3,Y,0,0,240,0,0,0,0,None,None,0,7,2009,WD,Normal,110000,2784,2.0,41,41,0,240,0,1,1
85,RL,90.0,10012,Pave,None,Reg,Lvl,AllPub,Inside,Gtl,Edwards,Norm,Norm,1Fam,SFoyer,4,5,1972,1972,Gable,CompShg,Plywood,Plywood,None,0.0,3,3,CBlock,Gd,TA,Av,BLQ,920,Rec,180,38,1138,GasA,3,Y,SBrkr,1181,0,0,1181,1,0,2,0,3,1,3,6,Typ,0,0,Detchd,1974.0,RFn,2,588,3,3,Y,0,0,180,0,0,0,0,MnPrv,None,0,4,2008,WD,Normal,137500,2319,3.0,36,36,0,180,0,1,0
20,RL,49.0,20896,Pave,None,IR2,Lvl,AllPub,CulDSac,Gtl,Somerst,RRAn,Norm,1Fam,1Story,8,5,2005,2006,Gable,CompShg,VinylSd,VinylSd,None,0.0,4,3,PConc,Ex,TA,Mn,GLQ,1721,Unf,0,356,2077,GasA,5,Y,SBrkr,2097,0,0,2097,1,0,1,1,1,1,5,8,Typ,1,5,Attchd,2005.0,Fin,3,1134,3,3,Y,192,267,0,0,0,0,0,None,None,0,1,2006,New,Partial,423000,4174,2.5,1,0,1,459,0,1,1
60,RL,106.0,11194,Pave,None,IR1,Lvl,AllPub,Corner,Gtl,Gilbert,Norm,Norm,1Fam,2Story,8,5,2000,2000,Gable,CompShg,VinylSd,VinylSd,BrkFace,40.0,4,3,PConc,Gd,TA,No,Unf,0,Unf,0,1406,1406,GasA,5,Y,SBrkr,1454,482,0,1936,0,0,2,1,3,1,4,7,Typ,1,3,Attchd,2000.0,RFn,2,504,3,3,Y,188,124,0,0,0,0,0,None,None,0,11,2006,WD,Normal,230500,3342,2.5,6,6,0,312,0,1,1
60,RL,73.0,18450,Pave,None,IR1,Lvl,AllPub,Inside,Gtl,NAmes,Norm,Norm,1Fam,2Story,6,5,1965,1979,Flat,Tar&Grv,Plywood,Plywood,BrkCmn,113.0,3,4,CBlock,Gd,TA,No,LwQ,187,Rec,723,111,1021,GasA,3,Y,SBrkr,1465,915,0,2380,0,0,2,1,3,1,3,7,Sev,1,1,CarPort,1965.0,Unf,2,596,3,3,Y,0,265,0,0,0,0,0,None,None,0,8,2007,WD,Abnorml,129000,3401,2.5,42,28,1,265,0,1,1
20,RL,65.0,8125,Pave,None,Reg,Lvl,AllPub,Inside,Gtl,SawyerW,Norm,Norm,1Fam,1Story,6,5,1994,1998,Gable,CompShg,HdBoard,HdBoard,BrkFace,258.0,3,3,PConc,Gd,TA,No,GLQ,1138,Unf,0,270,1408,GasA,5,Y,SBrkr,1679,0,0,1679,1,0,2,0,3,1,4,7,Typ,1,2,Attchd,1994.0,RFn,2,575,3,3,Y,224,42,0,0,0,0,0,None,None,0,10,2008,WD,Normal,193500,3087,3.0,14,10,1,266,0,1,1
20,RL,71.0,14175,Pave,None,Reg,Bnk,AllPub,Corner,Mod,Sawyer,Norm,Norm,1Fam,1Story,5,6,1956,1987,Gable,CompShg,CemntBd,Wd Sdng,None,0.0,3,3,CBlock,TA,TA,No,Rec,988,Unf,0,200,1188,GasA,4,Y,SBrkr,1437,0,0,1437,1,0,1,1,3,1,3,6,Min2,1,3,Detchd,1999.0,Unf,2,576,3,3,Y,304,0,0,0,0,0,0,None,None,0,11,2006,WD,Normal,168000,2625,2.5,50,19,1,304,0,1,1
30,RL,80.0,11600,Pave,None,Reg,Lvl,AllPub,Inside,Gtl,Crawfor,Norm,Norm,1Fam,1Story,4,5,1922,1950,Gable,CompShg,MetalSd,MetalSd,None,0.0,3,3,BrkTil,Fa,TA,No,Unf,0,Unf,0,700,700,GasA,5,Y,SBrkr,1180,0,0,1180,0,0,1,0,2,1,2,5,Typ,1,4,Detchd,1922.0,Unf,1,252,3,2,Y,0,0,67,0,0,0,0,None,None,0,7,2006,WD,Normal,137500,1880,1.0,84,56,1,67,0,1,1
60,RL,64.0,8633,Pave,None,Reg,Lvl,AllPub,FR2,Gtl,CollgCr,Norm,Norm,1Fam,2Story,6,5,2005,2005,Gable,CompShg,VinylSd,VinylSd,None,0.0,4,3,PConc,Gd,TA,No,GLQ,193,Unf,0,545,738,GasA,5,Y,SBrkr,738,738,0,1476,1,0,2,1,3,1,4,7,Typ,0,0,Attchd,2005.0,Fin,2,540,3,3,Y,100,35,0,0,0,0,0,None,None,0,2,2009,WD,Normal,173500,2214,3.5,4,4,0,135,0,1,0
70,RH,54.0,6629,Pave,None,Reg,Lvl,AllPub,Inside,Gtl,Edwards,Artery,Norm,1Fam,2Story,6,6,1925,1950,Gambrel,CompShg,Wd Sdng,Wd Sdng,None,0.0,3,4,BrkTil,TA,TA,No,BLQ,551,Unf,0,121,672,GasA,3,N,SBrkr,697,672,0,1369,1,0,2,0,3,1,3,6,Typ,0,0,Detchd,1930.0,Unf,1,300,3,3,Y,147,0,0,0,0,0,0,None,None,0,7,2009,WD,Normal,103600,2041,3.0,84,59,1,147,0,1,0
20,RL,68.0,11250,Pave,None,IR1,Lvl,AllPub,Inside,Gtl,Veenker,Norm,Norm,1Fam,1Story,6,6,1977,1977,Gable,CompShg,Plywood,Plywood,None,0.0,4,3,CBlock,Gd,TA,No,ALQ,767,Unf,0,441,1208,GasA,3,Y,SBrkr,1208,0,0,1208,1,0,1,1,3,1,3,6,Typ,1,3,Attchd,1977.0,RFn,2,546,3,3,Y,198,42,0,0,0,0,0,None,None,0,6,2006,WD,Normal,165000,2416,2.5,29,29,0,240,0,1,1
20,RL,110.0,14442,Pave,None,Reg,Lvl,AllPub,Inside,Gtl,Crawfor,Norm,Norm,1Fam,1Story,6,7,1957,2004,Hip,CompShg,CemntBd,CmentBd,BrkFace,106.0,3,3,PConc,TA,TA,No,GLQ,1186,Unf,0,291,1477,GasA,5,Y,SBrkr,1839,0,0,1839,1,0,2,0,3,1,4,7,Typ,2,3,Attchd,1957.0,Fin,2,416,3,3,Y,0,87,0,0,200,0,0,None,None,0,6,2007,WD,Normal,257500,3316,3.0,50,3,1,287,0,1,1
20,RL,80.0,9200,Pave,None,Reg,Lvl,AllPub,Inside,Gtl,NAmes,Norm,Norm,1Fam,1Story,6,6,1965,1965,Gable,CompShg,HdBoard,HdBoard,None,0.0,3,3,CBlock,TA,TA,No,Rec,892,Unf,0,244,1136,GasA,3,Y,SBrkr,1136,0,0,1136,1,0,1,0,3,1,3,5,Typ,1,4,Attchd,1965.0,RFn,1,384,3,3,Y,426,0,0,0,0,0,0,None,None,0,7,2008,WD,Normal,140000,2272,2.0,43,43,0,426,0,1,1
160,RL,24.0,2289,Pave,None,Reg,Lvl,AllPub,Inside,Gtl,NPkVill,Norm,Norm,Twnhs,2Story,6,6,1978,1978,Gable,CompShg,Plywood,Brk Cmn,None,0.0,3,3,CBlock,TA,TA,No,ALQ,311,Unf,0,544,855,GasA,3,Y,SBrkr,855,586,0,1441,0,0,2,1,3,1,3,7,Typ,1,3,Attchd,1978.0,Unf,2,440,3,3,Y,28,0,0,0,0,0,0,None,None,0,4,2009,WD,Normal,148500,2296,2.5,31,31,0,28,0,1,1
70,RM,60.0,9600,Pave,Grvl,Reg,Lvl,AllPub,Inside,Gtl,OldTown,Norm,Norm,1Fam,2Story,4,2,1900,1950,Gable,CompShg,AsbShng,Stucco,None,0.0,3,3,BrkTil,TA,Fa,No,Unf,0,Unf,0,1095,1095,GasW,2,N,SBrkr,1095,679,0,1774,1,0,2,0,4,2,3,8,Min2,0,0,2Types,1920.0,Unf,3,779,2,2,N,0,0,90,0,0,0,0,None,None,0,5,2006,WD,Normal,87000,2869,3.0,106,56,1,90,0,1,0
30,RL,52.0,9022,Pave,None,Reg,Lvl,AllPub,Inside,Gtl,OldTown,Norm,Norm,1Fam,1Story,5,8,1924,2006,Gable,CompShg,VinylSd,VinylSd,None,0.0,4,3,BrkTil,TA,TA,No,Unf,0,Unf,0,768,768,GasA,5,Y,SBrkr,792,0,0,792,0,0,1,0,2,1,4,5,Typ,0,0,Detchd,1924.0,Unf,1,240,2,2,N,316,0,120,0,0,0,0,None,None,0,5,2009,WD,Normal,109500,1560,1.0,85,3,1,436,0,1,0
20,RL,80.0,11844,Pave,None,IR1,Lvl,AllPub,Inside,Gtl,StoneBr,Norm,Norm,1Fam,1Story,8,5,2008,2008,Hip,CompShg,VinylSd,VinylSd,Stone,464.0,4,3,PConc,Ex,TA,Mn,Unf,0,Unf,0,2046,2046,GasA,5,Y,SBrkr,2046,0,0,2046,0,0,2,1,3,1,4,7,Typ,1,4,Attchd,2008.0,Fin,3,834,3,3,Y,322,82,0,0,0,0,0,None,None,0,7,2009,New,Partial,372500,4092,2.5,1,1,0,404,0,1,1
20,RL,71.0,9945,Pave,None,IR1,Lvl,AllPub,Inside,Gtl,Sawyer,Norm,Norm,1Fam,1Story,5,5,1961,1961,Hip,CompShg,Wd Sdng,Wd Sdng,BrkFace,57.0,3,3,CBlock,TA,TA,No,Rec,827,Unf,0,161,988,GasA,3,Y,SBrkr,988,0,0,988,1,0,1,0,3,1,3,5,Typ,0,0,Detchd,1963.0,Unf,2,572,3,3,Y,0,0,0,0,0,0,0,None,None,0,10,2007,WD,Normal,128500,1976,2.0,46,46,0,0,0,1,0
120,RL,50.0,8012,Pave,None,Reg,Lvl,AllPub,Inside,Gtl,SawyerW,Norm,Norm,TwnhsE,1Story,6,5,1980,1980,Gable,CompShg,Plywood,Plywood,None,0.0,3,3,CBlock,Gd,TA,No,BLQ,543,BLQ,119,261,923,GasA,3,Y,SBrkr,923,0,0,923,0,0,2,0,2,1,3,5,Typ,1,3,Attchd,1980.0,RFn,1,264,3,3,Y,80,0,0,0,0,0,0,None,None,0,5,2010,WD,Normal,143000,1846,2.0,30,30,0,80,0,1,1
50,RH,55.0,4500,Pave,Pave,IR2,Bnk,AllPub,Inside,Gtl,SWISU,Norm,Norm,1Fam,1.5Fin,5,5,1932,2000,Gable,CompShg,VinylSd,Stucco,None,0.0,3,3,BrkTil,TA,TA,No,Rec,182,Unf,0,611,793,GasA,5,Y,SBrkr,848,672,0,1520,0,0,1,0,3,1,3,6,Typ,0,0,Detchd,1968.0,Unf,1,281,3,3,Y,0,0,56,0,0,0,0,None,None,0,7,2009,WD,Abnorml,159434,2313,1.0,77,9,1,56,0,1,0
120,RL,80.0,2887,Pave,None,Reg,HLS,AllPub,Inside,Gtl,ClearCr,Norm,Norm,1Fam,1Story,6,5,1996,1997,Gable,CompShg,Wd Sdng,Wd Sdng,None,0.0,3,3,PConc,Gd,TA,Mn,GLQ,1003,Unf,0,288,1291,GasA,5,Y,SBrkr,1291,0,0,1291,1,0,1,0,2,1,4,6,Typ,1,4,Attchd,1996.0,Unf,2,431,3,3,Y,307,0,0,0,0,0,0,None,None,0,11,2008,WD,Normal,173000,2582,2.0,12,11,1,307,0,1,1
20,RL,90.0,11248,Pave,None,IR1,Lvl,AllPub,Corner,Gtl,CollgCr,Norm,Norm,1Fam,1Story,9,5,2002,2002,Hip,CompShg,VinylSd,VinylSd,Stone,215.0,4,3,PConc,Gd,TA,Av,GLQ,1059,Unf,0,567,1626,GasA,5,Y,SBrkr,1668,0,0,1668,1,0,2,0,3,1,4,7,Typ,1,3,Attchd,2002.0,Fin,3,702,3,3,Y,257,45,0,0,0,0,0,None,None,0,7,2007,WD,Normal,285000,3294,3.0,5,5,0,302,0,1,1
60,RL,58.0,16770,Pave,None,IR2,Lvl,AllPub,CulDSac,Gtl,NoRidge,Norm,Norm,1Fam,2Story,7,5,1998,1998,Gable,CompShg,VinylSd,VinylSd,BrkFace,30.0,4,3,PConc,Gd,TA,No,Unf,0,Unf,0,1195,1195,GasA,4,Y,SBrkr,1195,644,0,1839,0,0,2,1,4,1,3,7,Typ,0,0,Attchd,1998.0,Fin,2,486,3,3,Y,0,81,0,0,0,0,0,None,None,0,6,2010,WD,Normal,221000,3034,2.5,12,12,0,81,0,1,0
160,RL,61.5,5062,Pave,None,IR1,Lvl,AllPub,CulDSac,Gtl,StoneBr,Norm,Norm,TwnhsE,2Story,7,5,1984,1984,Gable,CompShg,HdBoard,HdBoard,None,0.0,4,3,CBlock,Gd,TA,Mn,GLQ,828,LwQ,182,180,1190,GasA,4,Y,SBrkr,1190,900,0,2090,1,0,2,0,3,1,4,6,Min1,1,3,Attchd,1984.0,Fin,2,577,3,3,Y,219,0,0,0,0,0,0,None,None,0,9,2007,WD,Normal,207500,3280,3.0,23,23,0,219,0,1,1
60,FV,84.0,10207,Pave,None,Reg,Lvl,AllPub,Inside,Gtl,Somerst,Norm,Norm,1Fam,2Story,7,6,2007,2007,Gable,CompShg,VinylSd,VinylSd,None,0.0,4,3,PConc,Gd,TA,No,Unf,0,Unf,0,874,874,GasA,5,Y,SBrkr,874,887,0,1761,0,0,3,0,3,1,4,7,Typ,0,0,Attchd,2007.0,Fin,2,578,3,3,Y,144,105,0,0,0,0,0,None,None,0,8,2007,New,Partial,227875,2635,3.0,0,0,0,249,0,1,0
160,FV,73.5,5105,Pave,None,IR2,Lvl,AllPub,FR2,Gtl,Somerst,Norm,Norm,TwnhsE,2Story,7,5,2004,2004,Gable,CompShg,MetalSd,MetalSd,None,0.0,4,3,PConc,Gd,TA,No,GLQ,239,Unf,0,312,551,GasA,5,Y,SBrkr,551,551,0,1102,0,0,2,1,2,1,4,4,Typ,0,0,Detchd,2004.0,Unf,2,480,3,3,Y,0,60,0,0,0,0,0,None,None,0,3,2007,WD,Normal,148800,1653,2.5,3,3,0,60,0,1,0
20,RL,60.0,8089,Pave,None,Reg,HLS,AllPub,Inside,Gtl,StoneBr,Norm,Norm,1Fam,1Story,8,6,2007,2007,Gable,CompShg,MetalSd,MetalSd,BrkFace,0.0,4,3,PConc,Gd,TA,Av,GLQ,945,Unf,0,474,1419,GasA,5,Y,SBrkr,1419,0,0,1419,1,0,2,0,2,1,4,7,Typ,1,4,Attchd,2007.0,RFn,2,567,3,3,Y,140,0,0,0,0,0,0,None,None,0,10,2007,New,Partial,392000,2838,3.0,0,0,0,140,0,1,1
120,RL,61.0,7577,Pave,None,IR1,Lvl,AllPub,Corner,Gtl,NridgHt,Norm,Norm,TwnhsE,1Story,6,5,2005,2006,Gable,CompShg,VinylSd,VinylSd,Stone,256.0,4,3,PConc,Gd,TA,Av,ALQ,20,Unf,0,1342,1362,GasA,5,Y,SBrkr,1362,0,0,1362,0,0,2,0,2,1,4,6,Typ,1,4,Attchd,2005.0,RFn,2,460,3,3,Y,192,28,0,0,0,0,0,None,None,0,6,2007,WD,Normal,194700,2724,2.0,2,1,1,220,0,1,1
120,RM,70.0,4426,Pave,None,Reg,Lvl,AllPub,Inside,Gtl,CollgCr,Norm,Norm,TwnhsE,1Story,6,5,2004,2004,Gable,CompShg,VinylSd,VinylSd,BrkFace,147.0,4,3,PConc,Gd,TA,Gd,GLQ,697,Unf,0,151,848,GasA,5,Y,SBrkr,848,0,0,848,1,0,1,0,1,1,4,3,Typ,1,3,Attchd,2004.0,RFn,2,420,3,3,Y,149,0,0,0,0,0,0,None,None,0,5,2008,WD,Normal,141000,1696,2.0,4,4,0,149,0,1,1
60,RL,104.0,21535,Pave,None,IR1,Lvl,AllPub,Corner,Gtl,NoRidge,Norm,Norm,1Fam,2Story,10,6,1994,1995,Gable,WdShngl,HdBoard,HdBoard,BrkFace,1170.0,5,3,PConc,Ex,TA,Gd,GLQ,1455,Unf,0,989,2444,GasA,5,Y,SBrkr,2444,1872,0,4316,0,1,3,1,4,1,5,10,Typ,2,5,Attchd,1994.0,Fin,3,832,3,3,Y,382,50,0,0,0,0,0,None,None,0,1,2007,WD,Normal,755000,6760,4.0,13,12,1,432,0,1,1
60,RL,42.0,26178,Pave,None,IR1,Lvl,AllPub,Inside,Mod,Timber,Norm,Norm,1Fam,2Story,7,5,1989,1990,Hip,CompShg,MetalSd,MetalSd,BrkFace,293.0,4,3,PConc,Gd,TA,Gd,GLQ,965,Unf,0,245,1210,GasA,5,Y,SBrkr,1238,1281,0,2519,1,0,2,1,4,1,4,9,Typ,2,4,Attchd,1989.0,RFn,2,628,3,3,Y,320,27,0,0,0,0,0,None,None,0,4,2006,WD,Normal,335000,3729,3.5,17,16,1,347,0,1,1
30,RL,60.0,5400,Pave,None,Reg,Lvl,AllPub,Corner,Sev,OldTown,Norm,Norm,1Fam,1Story,5,6,1921,1968,Gable,CompShg,MetalSd,MetalSd,None,0.0,3,3,BrkTil,TA,TA,No,Unf,0,Unf,0,1073,1073,GasA,5,Y,SBrkr,1073,0,0,1073,0,0,1,0,2,1,3,4,Typ,0,0,Detchd,1968.0,Unf,1,326,3,3,Y,0,0,112,0,0,0,0,None,None,0,12,2006,WD,Abnorml,108480,2146,1.0,85,38,1,112,0,1,0
50,RM,51.0,6120,Pave,None,Reg,Lvl,AllPub,Corner,Gtl,BrkSide,Norm,Norm,1Fam,1.5Fin,5,6,1936,1950,Gable,CompShg,Wd Sdng,Wd Sdng,None,0.0,3,2,BrkTil,TA,TA,No,Unf,0,Unf,0,927,927,GasA,3,Y,SBrkr,1067,472,0,1539,0,0,1,1,3,1,3,5,Typ,0,0,Detchd,1995.0,Unf,2,576,3,3,Y,112,0,0,0,0,0,0,MnPrv,None,0,4,2009,WD,Normal,141500,2466,1.5,73,59,1,112,0,1,0
20,RL,54.0,13811,Pave,None,IR1,Lvl,AllPub,Inside,Gtl,Timber,Norm,Norm,1Fam,1Story,6,6,1987,1987,Gable,CompShg,HdBoard,HdBoard,BrkFace,72.0,3,3,CBlock,Gd,Gd,No,GLQ,980,LwQ,40,92,1112,GasA,4,Y,SBrkr,1137,0,0,1137,1,0,2,0,2,1,4,5,Typ,1,3,Attchd,1987.0,Unf,2,551,3,3,Y,125,0,0,0,0,0,0,None,None,0,7,2006,WD,Normal,176000,2249,3.0,19,19,0,125,0,1,1
30,RM,50.0,6000,Pave,None,Reg,Lvl,AllPub,Inside,Gtl,BrkSide,Norm,Norm,1Fam,1Story,5,7,1921,1950,Gable,CompShg,Wd Sdng,Wd Shng,None,0.0,3,3,CBlock,TA,TA,No,LwQ,616,Unf,0,0,616,GasA,4,Y,SBrkr,616,0,0,616,0,0,1,0,2,1,3,4,Typ,0,0,Detchd,1921.0,Unf,1,205,3,3,Y,0,0,129,0,0,0,0,None,None,0,6,2006,WD,Normal,89000,1232,1.0,85,56,1,129,0,1,0
20,RL,57.0,6420,Pave,None,IR1,Lvl,AllPub,Inside,Gtl,Edwards,Norm,Norm,1Fam,1Story,5,7,1952,1952,Gable,CompShg,Wd Sdng,Wd Sdng,None,0.0,3,3,PConc,Ex,Gd,Mn,LwQ,210,ALQ,551,219,980,GasA,2,Y,FuseA,1148,0,0,1148,0,1,1,0,2,1,3,6,Typ,0,0,Detchd,1952.0,Unf,1,308,3,3,Y,0,0,0,0,0,0,0,None,None,0,9,2006,WD,Normal,123500,2128,1.5,54,54,0,0,0,1,0
20,RL,65.0,8450,Pave,None,Reg,Lvl,AllPub,Inside,Gtl,Sawyer,RRAe,Norm,1Fam,1Story,5,8,1965,2009,Gable,CompShg,MetalSd,MetalSd,None,0.0,3,4,CBlock,TA,TA,No,GLQ,553,BLQ,117,224,894,GasA,5,Y,SBrkr,894,0,0,894,1,0,1,0,3,1,3,5,Typ,1,4,Detchd,1973.0,Unf,1,336,3,3,Y,416,144,0,0,0,0,0,MnPrv,None,0,4,2010,WD,Normal,138500,1788,2.0,45,1,1,560,0,1,1
120,FV,59.0,4282,Pave,Pave,IR2,Lvl,AllPub,Inside,Gtl,Somerst,Norm,Norm,TwnhsE,1Story,7,5,2004,2004,Gable,CompShg,MetalSd,MetalSd,None,0.0,4,3,PConc,Gd,TA,Mn,GLQ,16,Unf,0,1375,1391,GasA,5,Y,SBrkr,1391,0,0,1391,0,0,2,0,2,1,4,5,Typ,0,0,Attchd,2004.0,RFn,2,530,3,3,Y,156,158,0,0,0,0,0,None,None,0,7,2008,WD,Normal,196000,2782,2.0,4,4,0,314,0,1,0
20,RL,85.0,14331,Pave,None,Reg,Lvl,AllPub,Inside,Gtl,Timber,Norm,Norm,1Fam,1Story,8,5,2002,2002,Hip,CompShg,VinylSd,VinylSd,BrkFace,630.0,4,3,PConc,Ex,TA,Gd,GLQ,1274,Unf,0,526,1800,GasA,5,Y,SBrkr,1800,0,0,1800,1,0,2,0,3,1,4,7,Typ,1,4,Attchd,2002.0,Fin,3,765,3,3,Y,270,78,0,0,0,0,0,None,None,0,5,2006,WD,Normal,312500,3600,3.0,4,4,0,348,0,1,1
20,RL,80.0,9600,Pave,None,Reg,Lvl,AllPub,Inside,Gtl,NWAmes,Norm,Norm,1Fam,1Story,7,5,1969,1969,Hip,CompShg,HdBoard,HdBoard,BrkFace,168.0,3,3,CBlock,TA,TA,No,Unf,0,Unf,0,1164,1164,GasA,3,Y,SBrkr,1164,0,0,1164,0,0,1,1,3,1,3,6,Typ,0,0,Attchd,1969.0,Unf,2,528,3,3,Y,0,0,0,0,0,0,0,None,None,0,7,2006,COD,Normal,140000,2328,1.5,37,37,0,0,0,1,0
60,RL,82.0,12438,Pave,None,IR1,Lvl,AllPub,Inside,Gtl,StoneBr,Norm,Norm,1Fam,2Story,8,5,2006,2006,Hip,CompShg,VinylSd,VinylSd,BrkFace,466.0,5,3,PConc,Ex,Gd,No,Unf,0,Unf,0,1234,1234,GasA,5,Y,SBrkr,1264,1312,0,2576,0,0,2,1,4,1,5,10,Typ,1,4,BuiltIn,2006.0,Fin,3,666,3,3,Y,324,100,0,0,0,0,0,None,None,0,7,2006,New,Partial,361919,3810,2.5,0,0,0,424,0,1,1
190,RM,76.0,7630,Pave,None,Reg,Lvl,AllPub,Inside,Gtl,OldTown,Feedr,Norm,2fmCon,2Story,5,9,1900,1996,Gable,CompShg,Wd Sdng,Wd Sdng,None,0.0,3,4,BrkTil,Gd,TA,No,Unf,0,Unf,0,360,360,GasA,4,Y,SBrkr,1032,780,0,1812,0,0,2,0,4,2,4,8,Typ,1,1,Detchd,1999.0,Unf,2,672,3,3,N,344,0,40,0,0,0,0,MnPrv,None,0,5,2010,WD,Normal,140000,2172,2.0,110,14,1,384,0,1,1
20,RL,70.0,8400,Pave,None,Reg,Lvl,AllPub,Inside,Gtl,CollgCr,Norm,Norm,1Fam,1Story,7,5,2004,2005,Gable,CompShg,VinylSd,VinylSd,BrkFace,109.0,4,3,PConc,Gd,TA,Av,GLQ,712,Unf,0,761,1473,GasA,5,Y,SBrkr,1484,0,0,1484,1,0,2,0,3,1,4,7,Typ,0,0,Attchd,2004.0,RFn,2,606,3,3,Y,0,35,0,144,0,0,0,None,None,0,5,2010,WD,Normal,213000,2957,3.0,6,5,1,179,0,1,0
190,RM,70.0,5600,Pave,None,Reg,Lvl,AllPub,Inside,Gtl,IDOTRR,Norm,Norm,2fmCon,2Story,4,5,1930,1950,Hip,CompShg,VinylSd,Wd Shng,None,0.0,2,2,Slab,None,None,None,None,0,None,0,0,0,GasA,2,N,SBrkr,372,720,0,1092,0,0,2,0,3,2,2,7,Mod,0,0,None,0.0,None,0,0,0,0,N,0,0,0,0,0,0,0,None,Othr,3500,7,2010,WD,Normal,55000,1092,2.0,80,60,1,0,0,0,0
20,RL,80.0,115149,Pave,None,IR2,Low,AllPub,CulDSac,Sev,ClearCr,Norm,Norm,1Fam,1Story,7,5,1971,2002,Gable,CompShg,Plywood,Plywood,Stone,351.0,3,3,CBlock,Gd,TA,Gd,GLQ,1219,Unf,0,424,1643,GasA,3,Y,SBrkr,1824,0,0,1824,1,0,2,0,2,1,4,5,Typ,2,3,Attchd,1971.0,Unf,2,739,3,3,Y,380,48,0,0,0,0,0,None,None,0,6,2007,WD,Normal,302000,3467,3.0,36,5,1,428,0,1,1
120,RL,48.0,6240,Pave,None,Reg,Lvl,AllPub,Inside,Gtl,NridgHt,Norm,Norm,TwnhsE,1Story,8,5,2006,2006,Hip,CompShg,MetalSd,MetalSd,BrkFace,176.0,4,3,PConc,Gd,TA,No,GLQ,863,Unf,0,461,1324,GasA,5,Y,SBrkr,1324,0,0,1324,1,0,2,0,2,1,4,6,Typ,1,4,Attchd,2006.0,Fin,2,550,3,3,Y,192,38,0,0,0,0,0,None,None,0,12,2009,WD,Normal,254000,2648,3.0,3,3,0,230,0,1,1
60,RL,65.0,9018,Pave,None,IR1,Lvl,AllPub,Inside,Gtl,Gilbert,Norm,Norm,1Fam,2Story,7,5,2007,2007,Hip,CompShg,VinylSd,VinylSd,None,0.0,4,3,PConc,Gd,TA,Av,Unf,0,Unf,0,728,728,GasA,5,Y,SBrkr,728,728,0,1456,0,0,2,1,3,1,4,8,Typ,1,4,Attchd,2007.0,Fin,2,400,3,3,Y,100,24,0,0,0,0,0,None,None,0,7,2007,New,Partial,179540,2184,2.5,0,0,0,124,0,1,1
20,RL,71.0,7162,Pave,None,IR1,Lvl,AllPub,Inside,Gtl,Sawyer,Norm,Norm,1Fam,1Story,5,7,1966,1966,Gable,CompShg,HdBoard,HdBoard,BrkCmn,41.0,3,3,PConc,TA,TA,No,Unf,0,Unf,0,876,876,GasA,3,Y,SBrkr,904,0,0,904,0,0,1,0,3,1,3,6,Typ,0,0,Attchd,1966.0,Unf,1,408,3,3,Y,0,0,0,0,0,0,0,MnPrv,None,0,12,2008,WD,Abnorml,109900,1780,1.0,42,42,0,0,0,1,0
30,RL,56.0,4130,Pave,None,IR1,Lvl,AllPub,Inside,Gtl,BrkSide,Norm,Norm,1Fam,1Story,3,6,1935,2003,Gable,CompShg,VinylSd,VinylSd,None,0.0,4,3,CBlock,TA,TA,No,Unf,0,Unf,0,270,270,GasA,4,Y,SBrkr,729,0,0,729,0,0,1,0,2,1,3,5,Maj2,0,0,None,0.0,None,0,0,0,0,N,0,0,0,0,0,0,0,None,None,0,7,2008,WD,Normal,52000,999,1.0,73,5,1,0,0,0,0
50,C (all),66.0,8712,Pave,Pave,Reg,HLS,AllPub,Inside,Mod,IDOTRR,Norm,Norm,1Fam,1.5Fin,4,7,1900,1950,Gable,CompShg,MetalSd,MetalSd,None,0.0,3,3,Stone,TA,TA,Mn,Unf,0,Unf,0,859,859,GasA,4,Y,SBrkr,859,319,0,1178,0,0,1,0,2,1,3,7,Typ,0,0,Detchd,1964.0,RFn,1,384,3,3,N,68,0,98,0,0,0,0,None,None,0,1,2010,WD,Abnorml,102776,2037,1.0,110,60,1,166,0,1,0
120,RL,40.0,4671,Pave,None,IR1,HLS,AllPub,Inside,Gtl,StoneBr,Norm,Norm,TwnhsE,1Story,8,5,1988,1989,Gable,CompShg,HdBoard,HdBoard,None,0.0,4,3,PConc,Gd,TA,Mn,GLQ,767,Unf,0,461,1228,GasA,4,Y,SBrkr,1228,0,0,1228,1,0,2,0,2,1,4,5,Typ,1,4,Attchd,1988.0,Fin,2,472,3,3,Y,168,120,0,0,0,0,0,None,None,0,10,2008,WD,Normal,189000,2456,3.0,20,19,1,288,0,1,1
190,RL,60.0,9873,Pave,None,Reg,Lvl,AllPub,Inside,Gtl,BrkSide,RRAn,Norm,2fmCon,1Story,4,5,1970,1970,Gable,CompShg,HdBoard,HdBoard,BrkFace,160.0,3,3,CBlock,TA,TA,Av,ALQ,789,Unf,0,171,960,GasW,3,N,SBrkr,960,0,0,960,1,0,1,0,3,1,3,6,Typ,0,0,Detchd,1970.0,Unf,2,576,3,3,Y,0,288,0,0,0,0,0,None,None,0,5,2006,WD,Normal,129000,1920,2.0,36,36,0,288,0,1,0
60,RL,71.0,13517,Pave,None,IR1,Lvl,AllPub,CulDSac,Gtl,Sawyer,RRAe,Norm,1Fam,2Story,6,8,1976,2005,Gable,CompShg,HdBoard,Plywood,BrkFace,289.0,4,3,CBlock,TA,TA,No,GLQ,533,Unf,0,192,725,GasA,5,Y,SBrkr,725,754,0,1479,0,0,2,1,3,1,4,6,Typ,0,0,Attchd,1976.0,RFn,2,475,3,3,Y,0,44,0,0,0,0,0,None,None,0,3,2010,WD,Normal,130500,2204,2.5,34,5,1,44,0,1,0
20,RL,78.0,10140,Pave,None,Reg,Lvl,AllPub,Inside,Gtl,NWAmes,Norm,Norm,1Fam,1Story,6,5,1974,1974,Hip,CompShg,HdBoard,HdBoard,BrkFace,174.0,3,3,CBlock,Gd,TA,No,Unf,0,Unf,0,1064,1064,GasA,3,Y,SBrkr,1350,0,0,1350,0,0,2,0,3,1,3,7,Typ,1,3,Attchd,1974.0,RFn,2,478,3,3,Y,0,0,0,0,0,0,0,MnPrv,None,0,8,2009,WD,Normal,165000,2414,2.0,35,35,0,0,0,1,1
70,RM,60.0,10800,Pave,Grvl,Reg,Bnk,AllPub,Inside,Gtl,OldTown,Norm,Norm,1Fam,2Story,7,8,1890,1998,Gable,CompShg,Wd Sdng,VinylSd,None,0.0,3,4,BrkTil,TA,TA,No,Unf,0,Unf,0,718,718,GasA,5,Y,SBrkr,1576,978,0,2554,0,0,1,1,3,1,3,8,Typ,0,0,Detchd,1996.0,Unf,2,704,3,3,P,0,48,143,0,0,0,0,None,None,0,7,2007,WD,Normal,159500,3272,1.5,117,9,1,191,0,1,0
20,RL,80.0,10000,Pave,None,Reg,Lvl,AllPub,Inside,Gtl,NWAmes,Norm,Norm,1Fam,1Story,5,6,1973,2000,Gable,CompShg,HdBoard,HdBoard,None,0.0,3,3,CBlock,Gd,TA,No,BLQ,1084,Unf,0,92,1176,GasA,4,Y,SBrkr,1178,0,0,1178,0,1,1,1,3,1,4,5,Typ,1,2,Attchd,1973.0,Unf,2,439,3,3,Y,224,0,0,0,0,0,0,MnPrv,None,0,11,2008,WD,Normal,157000,2354,2.0,35,8,1,224,0,1,1
60,RL,96.0,10542,Pave,None,Reg,Lvl,AllPub,Inside,Gtl,NoRidge,Norm,Norm,1Fam,2Story,7,5,1993,1994,Hip,CompShg,Wd Sdng,ImStucc,BrkFace,651.0,4,3,PConc,Gd,TA,Gd,GLQ,1173,Unf,0,138,1311,GasA,5,Y,SBrkr,1325,1093,0,2418,1,0,2,1,3,1,4,9,Typ,1,3,Attchd,1993.0,RFn,3,983,3,3,Y,250,154,216,0,0,0,0,None,None,0,8,2008,WD,Normal,341000,3729,3.5,15,14,1,620,0,1,1
20,RL,69.0,9920,Pave,None,IR1,Lvl,AllPub,Inside,Gtl,CollgCr,Norm,Norm,1Fam,1Story,5,6,1969,1969,Gable,CompShg,HdBoard,Plywood,None,0.0,3,3,CBlock,Gd,TA,Gd,ALQ,523,Unf,0,448,971,GasA,3,Y,SBrkr,971,0,0,971,0,0,1,1,3,1,3,5,Typ,1,1,Attchd,1969.0,Unf,1,300,3,3,Y,0,0,0,0,0,0,0,None,None,0,5,2006,WD,Normal,128500,1942,1.5,37,37,0,0,0,1,1
120,RL,61.5,6563,Pave,None,IR1,Low,AllPub,CulDSac,Mod,StoneBr,Norm,Norm,1Fam,1Story,8,5,1985,1985,Gable,CompShg,HdBoard,HdBoard,None,0.0,4,3,PConc,Gd,TA,Gd,GLQ,1148,Unf,0,594,1742,GasA,3,Y,SBrkr,1742,0,0,1742,1,0,2,0,2,1,4,5,Typ,1,3,Attchd,1985.0,RFn,2,564,3,3,Y,114,28,234,0,0,0,0,None,None,0,12,2006,WD,Normal,275000,3484,3.0,21,21,0,376,0,1,1
120,RM,70.0,4426,Pave,None,Reg,Lvl,AllPub,Inside,Gtl,CollgCr,Norm,Norm,TwnhsE,1Story,6,5,2004,2004,Gable,CompShg,VinylSd,VinylSd,BrkFace,169.0,4,3,PConc,Gd,TA,Av,GLQ,662,Unf,0,186,848,GasA,5,Y,SBrkr,848,0,0,848,1,0,1,0,1,1,4,3,Typ,0,0,Attchd,2004.0,RFn,2,420,3,3,Y,160,0,0,0,0,0,0,None,None,0,5,2010,WD,Normal,143000,1696,2.0,6,6,0,160,0,1,0
20,RL,70.0,8120,Pave,None,Reg,Lvl,AllPub,Inside,Gtl,NAmes,Norm,Norm,1Fam,1Story,4,7,1970,1970,Gable,CompShg,MetalSd,MetalSd,None,0.0,3,4,CBlock,TA,TA,No,ALQ,191,Unf,0,673,864,GasA,5,Y,SBrkr,864,0,0,864,0,0,1,0,3,1,3,5,Typ,0,0,Detchd,1994.0,Unf,2,463,3,3,Y,0,0,0,0,0,0,0,None,None,0,7,2009,WD,Normal,124500,1728,1.0,39,39,0,0,0,1,0
50,RL,60.0,8172,Pave,None,Reg,Lvl,AllPub,Inside,Gtl,Edwards,Norm,Norm,1Fam,1.5Fin,4,6,1954,1972,Gable,CompShg,MetalSd,MetalSd,None,0.0,3,3,PConc,TA,TA,No,Unf,0,Unf,0,941,941,GasA,5,Y,SBrkr,997,473,0,1470,0,0,2,0,4,1,3,7,Typ,0,0,Detchd,1958.0,Unf,1,548,3,3,Y,0,0,0,0,156,0,0,None,None,0,5,2008,WD,Normal,135000,2411,2.0,54,36,1,156,0,1,0
20,RL,86.0,13286,Pave,None,IR1,Lvl,AllPub,Inside,Gtl,Edwards,Norm,Norm,1Fam,1Story,9,5,2007,2008,Hip,CompShg,CemntBd,CmentBd,Stone,340.0,5,3,PConc,Ex,TA,No,GLQ,1234,Unf,0,464,1698,GasA,5,Y,SBrkr,1698,0,0,1698,1,0,2,0,3,1,5,8,Typ,1,4,Attchd,2007.0,Fin,3,768,3,3,Y,327,64,0,0,0,0,0,None,None,0,2,2009,WD,Normal,320000,3396,3.0,2,1,1,391,0,1,1
20,RL,60.0,6960,Pave,None,Reg,Lvl,AllPub,Inside,Gtl,NAmes,Norm,Norm,1Fam,1Story,4,6,1970,1970,Gable,CompShg,HdBoard,Plywood,None,0.0,3,3,CBlock,TA,TA,No,ALQ,375,BLQ,239,250,864,GasA,3,Y,SBrkr,864,0,0,864,0,0,1,0,3,1,4,5,Typ,0,0,Detchd,1989.0,Unf,2,660,3,3,Y,96,0,0,0,0,0,0,None,Shed,500,11,2009,WD,Normal,120500,1728,1.0,39,39,0,96,0,1,0
20,RL,74.0,21695,Pave,None,IR1,Lvl,AllPub,Corner,Gtl,Crawfor,Norm,Norm,1Fam,1Story,6,9,1988,2007,Hip,CompShg,Wd Sdng,Plywood,BrkFace,260.0,4,4,CBlock,Gd,TA,No,GLQ,808,Unf,0,72,880,GasA,5,Y,SBrkr,1680,0,0,1680,1,0,2,0,3,1,4,5,Typ,1,4,Attchd,1988.0,Fin,2,540,3,3,Y,292,44,0,182,0,0,0,None,None,0,12,2009,WD,Normal,222000,2560,3.0,21,2,1,518,0,1,1
20,RL,64.0,7314,Pave,None,Reg,Lvl,AllPub,Inside,Gtl,CollgCr,Norm,Norm,1Fam,1Story,7,5,2007,2007,Gable,CompShg,VinylSd,VinylSd,Stone,82.0,4,3,PConc,Gd,TA,Av,GLQ,724,Unf,0,508,1232,GasA,5,Y,SBrkr,1232,0,0,1232,1,0,2,0,2,1,4,6,Typ,0,0,Attchd,2007.0,RFn,2,632,3,3,Y,132,0,0,0,0,0,0,None,None,0,2,2009,WD,Normal,194500,2464,3.0,2,2,0,132,0,1,0
90,RL,85.0,11475,Pave,None,Reg,Lvl,AllPub,Corner,Gtl,NAmes,Norm,Norm,Duplex,1Story,5,5,1958,1958,Gable,CompShg,VinylSd,VinylSd,BrkFace,95.0,3,3,CBlock,TA,TA,No,Unf,0,Unf,0,1584,1584,GasA,3,Y,SBrkr,1776,0,0,1776,1,0,2,0,4,2,3,9,Typ,0,0,Detchd,1968.0,Unf,3,888,3,3,Y,0,25,0,0,0,0,0,None,None,0,7,2009,COD,Abnorml,110000,3360,3.0,51,51,0,25,0,1,0
30,RM,52.0,6240,Pave,Grvl,Reg,Lvl,AllPub,Inside,Gtl,IDOTRR,Norm,Norm,1Fam,1.5Fin,4,5,1925,1950,Gable,CompShg,MetalSd,MetalSd,None,0.0,3,3,CBlock,TA,TA,No,BLQ,152,Unf,0,628,780,GasA,3,Y,FuseA,848,0,360,1208,0,0,1,0,2,1,3,5,Typ,0,0,Detchd,1962.0,Unf,2,539,3,3,Y,0,23,112,0,0,0,0,None,None,0,1,2009,WD,Normal,103000,1628,1.0,84,59,1,135,0,1,0
120,RL,39.0,5389,Pave,None,IR1,Lvl,AllPub,Inside,Gtl,StoneBr,Norm,Norm,TwnhsE,1Story,8,5,1995,1996,Gable,CompShg,CemntBd,CmentBd,None,0.0,4,3,PConc,Gd,TA,No,GLQ,1180,Unf,0,415,1595,GasA,5,Y,SBrkr,1616,0,0,1616,1,0,2,0,2,1,4,5,Typ,1,3,Attchd,1995.0,RFn,2,608,3,3,Y,237,152,0,0,0,0,0,None,None,0,3,2010,WD,Normal,236500,3211,3.0,15,14,1,389,0,1,1
80,RL,73.0,9590,Pave,None,IR1,Lvl,AllPub,Corner,Gtl,Timber,Norm,Norm,1Fam,SLvl,7,5,2003,2003,Gable,CompShg,VinylSd,VinylSd,BrkFace,442.0,4,3,PConc,Ex,TA,Av,GLQ,786,Unf,0,82,868,GasA,5,Y,SBrkr,1146,0,0,1146,1,0,2,0,3,1,4,6,Typ,1,4,Attchd,2003.0,Fin,2,438,3,3,Y,160,22,0,0,0,0,0,None,None,0,5,2007,WD,Normal,187500,2014,3.0,4,4,0,182,0,1,1
60,RL,75.0,11404,Pave,None,IR1,Lvl,AllPub,Inside,Gtl,CollgCr,Norm,Norm,1Fam,2Story,7,5,1998,1999,Gable,CompShg,VinylSd,VinylSd,BrkFace,202.0,4,3,PConc,Gd,TA,Av,ALQ,252,Unf,0,901,1153,GasA,5,Y,SBrkr,1153,878,0,2031,0,0,2,1,3,1,4,8,Typ,1,3,Attchd,1998.0,Fin,2,541,3,3,Y,192,84,0,0,0,0,0,None,None,0,7,2008,WD,Normal,222500,3184,2.5,10,9,1,276,0,1,1
20,RL,80.0,10000,Pave,None,Reg,Lvl,AllPub,Corner,Gtl,Sawyer,Feedr,Norm,1Fam,1Story,5,6,1961,1983,Hip,CompShg,HdBoard,HdBoard,None,0.0,3,3,CBlock,TA,TA,No,BLQ,594,Unf,0,270,864,GasA,5,Y,SBrkr,1144,0,0,1144,1,0,1,0,3,1,3,6,Typ,1,3,Attchd,1961.0,RFn,1,264,3,3,Y,165,0,0,0,0,0,0,GdWo,Shed,400,3,2009,WD,Normal,131400,2008,2.0,48,26,1,165,0,1,1
20,RL,71.0,8978,Pave,None,IR1,Lvl,AllPub,Corner,Gtl,Sawyer,Norm,Norm,1Fam,1Story,5,5,1968,1968,Gable,CompShg,Plywood,Plywood,None,0.0,3,3,PConc,TA,TA,No,Unf,0,Unf,0,948,948,GasA,3,Y,SBrkr,948,0,0,948,0,0,1,0,3,1,3,6,Typ,0,0,Attchd,1968.0,Unf,1,300,3,3,Y,147,0,0,0,0,0,0,None,None,0,5,2007,WD,Family,108000,1896,1.0,39,39,0,147,0,1,0
75,RM,60.0,10800,Pave,None,Reg,Lvl,AllPub,Inside,Gtl,OldTown,Norm,Norm,1Fam,2.5Unf,7,7,1914,1970,Gable,CompShg,Wd Sdng,Wd Sdng,None,0.0,3,3,BrkTil,Gd,TA,Mn,Rec,390,Unf,0,490,880,GasW,2,N,SBrkr,880,888,0,1768,0,0,1,1,2,1,3,6,Typ,2,3,Detchd,1914.0,Unf,2,320,3,3,N,0,341,0,0,0,0,0,None,None,0,10,2006,WD,Normal,163000,2648,1.5,92,36,1,341,0,1,1
90,RL,60.0,8544,Pave,None,Reg,Lvl,AllPub,Inside,Gtl,NAmes,Norm,Norm,Duplex,1Story,3,4,1950,1950,Gable,CompShg,Stucco,Stone,None,0.0,3,3,CBlock,None,None,None,None,0,None,0,0,0,GasA,4,N,FuseF,1040,0,0,1040,0,0,2,0,2,2,3,6,Typ,0,0,Detchd,1949.0,Unf,2,400,3,3,Y,0,0,0,0,0,0,0,None,None,0,7,2006,WD,Normal,93500,1040,2.0,56,56,0,0,0,1,0
60,RL,72.0,10463,Pave,None,IR1,HLS,AllPub,CulDSac,Gtl,Gilbert,Norm,Norm,1Fam,2Story,8,5,2005,2005,Gable,CompShg,VinylSd,VinylSd,None,0.0,4,3,PConc,Gd,TA,No,Unf,0,Unf,0,893,893,GasA,5,Y,SBrkr,901,900,0,1801,0,0,2,1,3,1,4,8,Typ,1,4,Attchd,2005.0,Fin,3,800,3,3,Y,0,116,0,0,0,0,0,None,None,0,6,2006,WD,Normal,239900,2694,2.5,1,1,0,116,0,1,1
90,RL,60.0,10800,Pave,None,Reg,Lvl,AllPub,Inside,Gtl,Edwards,Norm,Norm,Duplex,1Story,5,5,1987,1988,Gable,CompShg,Plywood,Plywood,None,0.0,3,3,CBlock,Gd,Gd,Gd,GLQ,1200,Unf,0,0,1200,GasA,3,Y,SBrkr,1200,0,0,1200,3,0,3,0,3,1,3,5,Typ,0,0,None,0.0,None,0,0,0,0,Y,120,0,0,0,0,0,0,None,None,0,3,2009,WD,Alloca,179000,2400,6.0,22,21,1,120,0,0,0
60,RL,65.0,9313,Pave,None,IR1,Lvl,AllPub,Inside,Gtl,CollgCr,Norm,Norm,1Fam,2Story,7,5,2004,2004,Gable,CompShg,VinylSd,VinylSd,None,0.0,4,3,PConc,Gd,TA,No,Unf,0,Unf,0,864,864,GasA,5,Y,SBrkr,864,864,0,1728,0,0,2,1,3,1,4,7,Typ,0,0,Attchd,2004.0,RFn,2,572,3,3,Y,187,56,0,0,0,0,0,None,None,0,4,2009,WD,Normal,190000,2592,2.5,5,5,0,243,0,1,0
70,RM,60.0,9600,Pave,Grvl,Reg,Lvl,AllPub,Inside,Gtl,OldTown,Norm,Norm,1Fam,2Story,5,7,1910,2002,Gable,CompShg,Wd Sdng,Wd Shng,None,0.0,3,4,BrkTil,Fa,Fa,No,Unf,0,Unf,0,264,264,GasA,5,Y,SBrkr,768,664,0,1432,0,0,2,0,2,1,3,7,Typ,0,0,Detchd,1910.0,Unf,2,360,3,4,Y,270,0,112,0,0,0,0,GdPrv,None,0,5,2007,WD,Abnorml,132000,1696,2.0,97,5,1,382,0,1,0
20,RL,65.0,6768,Pave,None,IR1,Lvl,AllPub,Inside,Gtl,Sawyer,Feedr,Norm,1Fam,1Story,6,8,1961,1996,Hip,CompShg,HdBoard,HdBoard,None,0.0,3,4,CBlock,TA,TA,Mn,GLQ,832,Unf,0,80,912,GasA,4,Y,SBrkr,912,0,0,912,1,1,1,0,3,1,4,5,Typ,0,0,Detchd,1962.0,Unf,1,288,3,3,Y,168,0,0,0,0,0,0,GdPrv,None,0,5,2008,WD,Normal,142000,1824,2.5,47,12,1,168,0,1,0
20,RL,65.0,8450,Pave,None,Reg,Lvl,AllPub,Inside,Gtl,SawyerW,Norm,Norm,1Fam,1Story,7,5,2000,2001,Gable,CompShg,VinylSd,VinylSd,BrkFace,108.0,3,3,PConc,Gd,TA,No,Unf,0,Unf,0,1349,1349,GasA,5,Y,SBrkr,1349,0,0,1349,0,0,2,0,3,1,3,6,Typ,0,0,Attchd,2000.0,Unf,2,539,3,3,Y,120,55,0,0,0,0,0,GdPrv,None,0,12,2007,WD,Normal,179000,2698,2.0,7,6,1,175,0,1,0
80,RL,70.0,12886,Pave,None,IR1,Lvl,AllPub,Inside,Gtl,Sawyer,Norm,Norm,1Fam,SLvl,5,6,1963,1999,Gable,CompShg,HdBoard,HdBoard,None,0.0,3,3,CBlock,Gd,TA,Av,ALQ,444,Unf,0,76,520,GasA,5,Y,SBrkr,1464,0,0,1464,0,1,2,0,3,1,3,6,Min2,1,3,Attchd,1997.0,RFn,2,480,3,3,Y,302,0,0,0,100,0,0,None,None,0,10,2009,WD,Normal,175000,1984,2.5,46,10,1,402,0,1,1
120,RL,41.0,5395,Pave,None,IR1,HLS,AllPub,Inside,Gtl,StoneBr,Norm,Norm,TwnhsE,1Story,8,5,1993,1993,Gable,CompShg,HdBoard,HdBoard,None,0.0,4,3,PConc,Gd,TA,No,GLQ,733,Unf,0,604,1337,GasA,4,Y,SBrkr,1337,0,0,1337,1,0,2,0,2,1,4,5,Typ,1,3,Attchd,1993.0,RFn,2,462,3,3,Y,96,0,70,168,0,0,0,None,None,0,10,2008,WD,Normal,180000,2674,3.0,15,15,0,334,0,1,1
60,RL,80.0,8963,Pave,None,IR1,Lvl,AllPub,Inside,Gtl,NWAmes,Norm,Norm,1Fam,2Story,8,9,1976,1996,Hip,CompShg,VinylSd,VinylSd,BrkFace,289.0,5,4,CBlock,TA,Gd,No,GLQ,575,ALQ,80,487,1142,GasA,5,Y,SBrkr,1175,1540,0,2715,0,1,3,1,4,1,4,11,Typ,2,3,BuiltIn,1994.0,Fin,2,831,3,3,Y,0,204,0,0,0,0,0,None,None,0,7,2008,WD,Normal,299800,3857,4.0,32,12,1,204,0,1,1
60,RL,65.0,8795,Pave,None,IR1,Lvl,AllPub,Inside,Gtl,Gilbert,Norm,Norm,1Fam,2Story,7,5,2000,2000,Gable,CompShg,VinylSd,VinylSd,None,0.0,4,3,PConc,Gd,TA,No,GLQ,300,Unf,0,652,952,GasA,5,Y,SBrkr,980,1276,0,2256,0,0,2,1,4,1,4,8,Typ,1,3,BuiltIn,2000.0,Fin,2,554,3,3,Y,224,54,0,0,0,0,0,None,None,0,4,2009,WD,Normal,236000,3208,2.5,9,9,0,278,0,1,1
70,RM,65.0,11700,Pave,Pave,IR1,Lvl,AllPub,Corner,Gtl,OldTown,Norm,Norm,1Fam,2Story,7,7,1880,2003,Mansard,CompShg,Stucco,Stucco,None,0.0,4,3,Stone,TA,Fa,No,Unf,0,Unf,0,1240,1240,GasW,3,N,SBrkr,1320,1320,0,2640,0,0,1,1,4,1,4,8,Typ,1,4,Detchd,1950.0,Unf,4,864,3,3,N,181,0,386,0,0,0,0,None,None,0,5,2009,WD,Normal,265979,3880,1.5,129,6,1,567,0,1,1
20,RL,59.0,10593,Pave,None,IR1,Lvl,AllPub,Inside,Gtl,NoRidge,Norm,Norm,1Fam,1Story,7,5,1996,1996,Hip,CompShg,VinylSd,VinylSd,BrkFace,338.0,4,3,PConc,Gd,TA,No,GLQ,919,Unf,0,801,1720,GasA,5,Y,SBrkr,1720,0,0,1720,1,0,2,0,3,1,4,7,Typ,1,3,Attchd,1996.0,Fin,2,527,3,3,Y,240,56,154,0,0,0,0,None,None,0,3,2010,WD,Normal,260400,3440,3.0,14,14,0,450,0,1,1
50,RL,50.0,8405,Pave,None,Reg,Lvl,AllPub,Inside,Gtl,Edwards,Norm,Norm,1Fam,1.5Fin,4,3,1945,1950,Gable,CompShg,WdShing,Wd Shng,None,0.0,3,3,Slab,None,None,None,None,0,None,0,0,0,Wall,3,N,FuseF,1088,441,0,1529,0,0,2,0,4,1,3,9,Mod,0,0,Detchd,1945.0,Unf,1,240,3,3,N,92,0,185,0,0,0,0,None,None,0,4,2009,WD,Normal,98000,1529,2.0,64,59,1,277,0,1,0
50,RM,55.0,8800,Pave,Grvl,Reg,Lvl,AllPub,Corner,Gtl,OldTown,Norm,Norm,1Fam,1.5Fin,4,7,1910,2004,Gable,CompShg,Wd Sdng,Wd Sdng,None,0.0,3,3,BrkTil,TA,Fa,No,Unf,0,Unf,0,576,576,GasA,4,Y,SBrkr,792,348,0,1140,0,0,1,0,3,1,3,7,Min2,0,0,None,0.0,None,0,0,0,0,N,0,160,0,0,0,0,0,None,None,0,6,2010,WD,Normal,96500,1716,1.0,100,6,1,160,0,0,0
60,RL,65.0,7750,Pave,None,Reg,Lvl,AllPub,Inside,Gtl,Gilbert,RRAn,Norm,1Fam,2Story,7,5,2003,2003,Gable,CompShg,VinylSd,VinylSd,None,0.0,4,3,PConc,Gd,TA,No,Unf,0,Unf,0,660,660,GasA,5,Y,SBrkr,660,660,0,1320,0,0,2,1,3,1,4,6,Typ,0,0,Attchd,2003.0,Fin,2,400,3,3,Y,0,48,0,0,0,0,0,None,None,0,8,2007,WD,Normal,162000,1980,2.5,4,4,0,48,0,1,0
20,RL,79.0,9236,Pave,None,IR1,Lvl,AllPub,Inside,Gtl,CollgCr,Norm,Norm,1Fam,1Story,6,5,1997,1997,Gable,CompShg,VinylSd,VinylSd,None,0.0,3,4,PConc,Gd,TA,Gd,GLQ,1200,Unf,0,279,1479,GasA,5,Y,SBrkr,1494,0,0,1494,1,0,2,0,3,1,4,6,Typ,0,0,Attchd,1997.0,RFn,2,576,3,3,Y,168,27,0,0,0,0,0,None,None,0,7,2006,WD,Normal,217000,2973,3.0,9,9,0,195,0,1,0
60,RL,80.0,10240,Pave,None,Reg,Lvl,AllPub,Inside,Gtl,NridgHt,Norm,Norm,1Fam,2Story,8,5,2005,2005,Gable,CompShg,VinylSd,VinylSd,BrkFace,178.0,4,3,PConc,Gd,TA,Mn,Unf,0,Unf,0,1030,1030,GasA,4,Y,SBrkr,1038,1060,0,2098,0,0,2,1,3,1,5,8,Typ,1,4,Attchd,2005.0,RFn,3,878,3,3,Y,192,52,0,0,0,0,0,None,None,0,3,2006,WD,Normal,275500,3128,2.5,1,1,0,244,0,1,1
20,RL,61.0,7930,Pave,None,Reg,Lvl,AllPub,Inside,Gtl,NAmes,Norm,Norm,1Fam,1Story,6,8,1969,2005,Gable,CompShg,Plywood,Plywood,None,0.0,3,3,CBlock,TA,TA,No,GLQ,439,LwQ,472,115,1026,GasA,4,Y,SBrkr,1026,0,0,1026,1,0,1,0,3,1,4,5,Typ,0,0,Detchd,1969.0,RFn,2,440,3,3,Y,171,48,0,0,0,0,0,None,None,0,7,2009,WD,Normal,156000,2052,2.0,40,4,1,219,0,1,0
160,FV,34.0,3230,Pave,Pave,Reg,Lvl,AllPub,Inside,Gtl,Somerst,Norm,Norm,TwnhsE,2Story,6,5,1999,1999,Gable,CompShg,MetalSd,MetalSd,BrkFace,894.0,3,3,PConc,Gd,TA,No,GLQ,381,Unf,0,348,729,GasA,4,Y,SBrkr,742,729,0,1471,0,0,2,1,3,1,3,6,Typ,0,0,Detchd,1999.0,Unf,2,440,3,3,Y,0,24,0,0,0,0,0,None,None,0,3,2009,WD,Normal,172500,2200,2.5,10,10,0,24,0,1,0
60,RL,68.0,10769,Pave,None,IR1,Lvl,AllPub,Inside,Gtl,CollgCr,Norm,Norm,1Fam,2Story,8,5,2007,2007,Gable,CompShg,VinylSd,VinylSd,None,0.0,4,3,PConc,Gd,TA,Av,GLQ,20,Unf,0,846,866,GasA,5,Y,SBrkr,866,902,0,1768,0,0,2,1,3,1,4,7,Typ,0,0,Attchd,2007.0,RFn,2,578,3,3,Y,144,105,0,0,0,0,0,None,None,0,4,2009,WD,Normal,212000,2634,2.5,2,2,0,249,0,1,0
60,RL,71.0,11616,Pave,None,IR1,Lvl,AllPub,CulDSac,Gtl,Sawyer,Norm,Norm,1Fam,2Story,6,5,1978,1978,Hip,CompShg,HdBoard,HdBoard,BrkCmn,328.0,3,3,CBlock,TA,TA,Mn,Rec,438,Unf,0,234,672,GasA,3,Y,SBrkr,672,714,0,1386,0,0,2,1,3,1,3,6,Typ,1,3,Attchd,1978.0,Fin,2,440,3,3,Y,335,0,0,0,0,0,0,GdPrv,None,0,4,2010,WD,Abnorml,158900,2058,2.5,32,32,0,335,0,1,1
160,FV,24.0,2280,Pave,Pave,Reg,Lvl,AllPub,Inside,Gtl,Somerst,Norm,Norm,Twnhs,2Story,7,5,1999,1999,Gable,CompShg,MetalSd,MetalSd,BrkFace,360.0,3,3,PConc,Gd,TA,No,ALQ,549,Unf,0,195,744,GasA,4,Y,SBrkr,757,744,0,1501,0,0,2,1,3,1,3,6,Typ,0,0,Detchd,1999.0,Unf,2,440,3,3,Y,0,0,0,0,0,0,0,None,None,0,8,2008,WD,Normal,179400,2245,2.5,9,9,0,0,0,1,0
60,RL,65.0,12257,Pave,None,IR1,Lvl,AllPub,Inside,Gtl,NoRidge,Norm,Norm,1Fam,2Story,8,5,1995,1995,Gable,CompShg,VinylSd,VinylSd,BrkFace,513.0,4,3,PConc,Gd,TA,Av,LwQ,56,ALQ,64,1198,1318,GasA,5,Y,SBrkr,1328,1203,0,2531,0,0,2,1,4,1,4,9,Typ,1,3,Attchd,1995.0,RFn,3,752,3,3,Y,222,98,0,0,0,0,0,None,None,0,11,2007,WD,Normal,290000,3849,2.5,12,12,0,320,0,1,1
20,RL,70.0,9100,Pave,None,Reg,Lvl,AllPub,Inside,Gtl,NAmes,Norm,Norm,1Fam,1Story,6,6,1959,1959,Hip,CompShg,Wd Sdng,Wd Sdng,None,0.0,3,3,CBlock,TA,TA,No,Rec,612,Unf,0,252,864,GasA,5,Y,SBrkr,864,0,0,864,0,0,1,0,2,1,3,5,Typ,0,0,Detchd,2008.0,Unf,1,300,5,5,Y,0,0,0,0,0,0,0,None,Shed,450,10,2009,WD,Normal,127500,1728,1.0,50,50,0,0,0,1,0
30,RM,60.0,6911,Pave,None,Reg,Lvl,AllPub,FR2,Gtl,BrkSide,Feedr,Norm,1Fam,1Story,5,5,1924,1950,Gable,CompShg,Wd Sdng,Wd Sdng,None,0.0,3,3,PConc,TA,TA,Mn,LwQ,405,Unf,0,740,1145,GasA,3,Y,SBrkr,1301,0,0,1301,0,0,1,0,2,1,2,5,Min1,0,0,Detchd,1965.0,Unf,2,440,3,3,Y,0,0,0,0,0,0,0,None,None,0,10,2009,WD,Normal,100000,2446,1.0,85,59,1,0,0,1,0
60,FV,72.0,8640,Pave,None,Reg,Lvl,AllPub,Inside,Gtl,Somerst,Norm,Norm,1Fam,2Story,7,5,2009,2009,Gable,CompShg,VinylSd,VinylSd,None,0.0,3,3,PConc,Gd,TA,Mn,GLQ,24,Unf,0,732,756,GasA,5,Y,SBrkr,764,783,0,1547,0,0,2,1,3,1,4,7,Typ,0,0,Attchd,2009.0,Unf,2,614,3,3,Y,169,45,0,0,0,0,0,None,None,0,6,2010,Con,Normal,215200,2303,2.5,1,1,0,214,0,1,0
60,RL,82.0,9430,Pave,None,Reg,Lvl,AllPub,Inside,Gtl,NoRidge,Norm,Norm,1Fam,2Story,8,5,1999,1999,Gable,CompShg,VinylSd,VinylSd,BrkFace,673.0,4,3,PConc,Gd,TA,Mn,GLQ,1163,Unf,0,89,1252,GasA,5,Y,SBrkr,1268,1097,0,2365,1,0,2,1,3,1,4,8,Typ,1,4,Attchd,1999.0,RFn,3,856,3,3,Y,0,128,0,0,180,0,0,None,None,0,7,2009,WD,Normal,337000,3617,3.5,10,10,0,308,0,1,1
120,RL,30.0,9549,Pave,None,IR1,Lvl,AllPub,CulDSac,Gtl,Veenker,Norm,Norm,TwnhsE,1Story,8,5,1995,1996,Hip,CompShg,BrkFace,BrkFace,None,0.0,4,4,PConc,Gd,Gd,Av,LwQ,437,GLQ,1057,0,1494,GasA,5,Y,SBrkr,1494,0,0,1494,1,0,1,1,2,1,5,6,Typ,1,4,Attchd,1995.0,Fin,2,481,3,3,Y,0,30,0,0,216,0,0,None,None,0,4,2006,WD,Normal,270000,2988,2.5,11,10,1,246,0,1,1
20,RL,75.0,14587,Pave,None,IR1,Lvl,AllPub,Inside,Gtl,Somerst,Norm,Norm,1Fam,1Story,9,5,2008,2008,Gable,CompShg,VinylSd,VinylSd,Stone,284.0,4,3,PConc,Gd,TA,No,Unf,0,Unf,0,1498,1498,GasA,5,Y,SBrkr,1506,0,0,1506,0,0,2,0,2,1,5,6,Typ,1,4,Attchd,2008.0,Fin,2,592,3,3,Y,0,174,0,0,0,0,0,None,None,0,8,2008,New,Partial,264132,3004,2.0,0,0,0,174,0,1,1
60,RL,80.0,10421,Pave,None,Reg,Lvl,AllPub,Inside,Gtl,NWAmes,Norm,Norm,1Fam,2Story,7,5,1988,1988,Gable,CompShg,HdBoard,HdBoard,BrkFace,42.0,3,3,CBlock,Gd,TA,No,GLQ,394,Unf,0,586,980,GasA,3,Y,SBrkr,980,734,0,1714,0,0,2,1,3,1,3,7,Typ,1,3,Attchd,1988.0,Unf,2,496,3,3,Y,228,66,156,0,0,0,0,MnPrv,Shed,500,3,2010,WD,Normal,196500,2694,2.5,22,22,0,450,0,1,1
50,RL,75.0,12508,Pave,None,IR1,Lvl,AllPub,Inside,Gtl,Mitchel,Norm,Norm,1Fam,1.5Fin,6,7,1940,1985,Gable,CompShg,VinylSd,VinylSd,None,0.0,3,3,CBlock,Gd,TA,Mn,ALQ,660,Unf,0,323,983,GasA,5,Y,SBrkr,983,767,0,1750,1,0,2,0,4,1,3,7,Mod,0,0,Attchd,1989.0,Unf,1,423,3,3,Y,245,0,156,0,0,0,0,None,Shed,1300,7,2008,WD,Normal,160000,2733,3.0,68,23,1,401,0,1,0
20,RL,70.0,9100,Pave,None,Reg,Lvl,AllPub,Inside,Gtl,CollgCr,Norm,Norm,1Fam,1Story,7,5,2004,2005,Hip,CompShg,VinylSd,VinylSd,None,0.0,4,3,PConc,Gd,TA,No,GLQ,24,Unf,0,1836,1860,GasA,5,Y,SBrkr,1836,0,0,1836,0,0,2,0,3,1,4,8,Typ,1,4,Attchd,2004.0,Fin,2,484,3,3,Y,120,33,0,0,0,0,0,None,None,0,10,2006,WD,Normal,216837,3696,2.0,2,1,1,153,0,1,1
60,RL,47.0,53504,Pave,None,IR2,HLS,AllPub,CulDSac,Mod,StoneBr,Norm,Norm,1Fam,2Story,8,5,2003,2003,Hip,CompShg,CemntBd,Wd Shng,BrkFace,603.0,5,3,PConc,Gd,TA,Gd,ALQ,1416,Unf,0,234,1650,GasA,5,Y,SBrkr,1690,1589,0,3279,1,0,3,1,4,1,5,12,Mod,1,4,BuiltIn,2003.0,Fin,3,841,3,3,Y,503,36,0,0,210,0,0,None,None,0,6,2010,WD,Normal,538000,4929,4.5,7,7,0,749,0,1,1
85,RL,71.0,7252,Pave,None,IR1,Lvl,AllPub,CulDSac,Gtl,Sawyer,Norm,Norm,1Fam,SFoyer,5,5,1982,1982,Hip,CompShg,Wd Sdng,Wd Sdng,None,0.0,3,3,CBlock,Gd,TA,Av,GLQ,685,Unf,0,173,858,GasA,3,Y,SBrkr,858,0,0,858,1,0,1,0,2,1,3,5,Typ,0,0,Detchd,1983.0,Unf,2,576,3,3,Y,120,0,0,0,0,0,0,None,None,0,4,2009,WD,Normal,134900,1716,2.0,27,27,0,120,0,1,0
20,RL,67.0,8877,Pave,None,Reg,Lvl,AllPub,Inside,Gtl,Edwards,Norm,Norm,1Fam,1Story,4,5,1951,1951,Gable,CompShg,Wd Sdng,Wd Sdng,None,0.0,3,3,CBlock,Fa,Fa,No,LwQ,836,Unf,0,0,836,GasA,3,Y,FuseF,1220,0,0,1220,0,0,1,0,2,1,3,6,Typ,0,0,Detchd,1951.0,Unf,2,396,3,3,Y,0,0,0,0,0,0,0,None,None,0,4,2006,COD,Normal,102000,2056,1.0,55,55,0,0,0,1,0
80,RL,94.0,7819,Pave,None,Reg,Lvl,AllPub,Inside,Gtl,Edwards,Norm,Norm,1Fam,SLvl,6,5,1976,1976,Gable,CompShg,Plywood,Plywood,None,0.0,3,3,CBlock,TA,TA,Av,ALQ,422,BLQ,127,480,1029,GasA,3,Y,SBrkr,1117,0,0,1117,1,0,1,0,3,1,3,6,Typ,1,3,Detchd,1976.0,Unf,2,672,3,3,Y,144,0,0,0,0,0,0,MnPrv,None,0,3,2010,WD,Abnorml,107000,2146,2.0,34,34,0,144,0,1,1
20,RL,70.0,10150,Pave,None,Reg,Lvl,AllPub,Inside,Gtl,NAmes,Feedr,Norm,1Fam,1Story,5,5,1958,1958,Gable,CompShg,Wd Sdng,Wd Sdng,None,1.0,3,3,CBlock,TA,TA,No,Rec,456,Unf,0,456,912,GasA,5,Y,FuseA,912,0,0,912,0,0,1,0,2,1,3,5,Typ,0,0,Attchd,1958.0,RFn,1,275,3,3,Y,0,0,0,0,0,0,0,None,None,0,7,2007,COD,Normal,114500,1824,1.0,49,49,0,0,0,1,0
20,RL,110.0,14226,Pave,None,Reg,Lvl,AllPub,Corner,Gtl,NridgHt,Norm,Norm,1Fam,1Story,8,5,2006,2006,Hip,CompShg,VinylSd,VinylSd,BrkFace,375.0,4,3,PConc,Gd,TA,Av,Unf,0,Unf,0,1935,1935,GasA,4,Y,SBrkr,1973,0,0,1973,0,0,2,0,3,1,4,9,Typ,1,4,Attchd,2006.0,Fin,3,895,3,3,Y,315,45,0,0,0,0,0,None,None,0,7,2007,New,Partial,395000,3908,2.0,1,1,0,360,0,1,1
120,RM,32.0,4500,Pave,None,Reg,Lvl,AllPub,FR2,Gtl,Mitchel,Norm,Norm,TwnhsE,1Story,6,5,1998,1998,Hip,CompShg,VinylSd,VinylSd,BrkFace,320.0,3,3,PConc,Ex,TA,No,GLQ,866,Unf,0,338,1204,GasA,5,Y,SBrkr,1204,0,0,1204,1,0,2,0,2,1,3,5,Typ,0,0,Attchd,1998.0,Fin,2,412,3,3,Y,0,247,0,0,0,0,0,None,None,0,6,2009,WD,Normal,162000,2408,3.0,11,11,0,247,0,1,0
20,RL,86.0,11210,Pave,None,IR1,Lvl,AllPub,Inside,Gtl,CollgCr,Norm,Norm,1Fam,1Story,7,5,2005,2006,Gable,CompShg,VinylSd,VinylSd,BrkFace,240.0,4,3,PConc,Gd,TA,Av,GLQ,20,Unf,0,1594,1614,GasA,5,Y,SBrkr,1614,0,0,1614,0,0,2,0,3,1,4,7,Typ,0,0,Attchd,2005.0,RFn,3,865,3,3,Y,144,59,0,0,0,0,0,None,None,0,7,2006,New,Partial,221500,3228,2.0,1,0,1,203,0,1,0
20,RL,100.0,13350,Pave,None,IR1,Lvl,AllPub,Inside,Gtl,Sawyer,Norm,Norm,1Fam,1Story,5,5,1974,1974,Hip,CompShg,HdBoard,Plywood,None,0.0,3,3,CBlock,TA,TA,No,ALQ,762,Unf,0,102,864,GasA,3,Y,SBrkr,894,0,0,894,1,0,1,0,3,1,3,5,Typ,1,2,Attchd,1974.0,Unf,2,440,3,3,Y,241,0,0,0,0,0,0,MnPrv,None,0,6,2006,WD,Normal,142500,1758,2.0,32,32,0,241,0,1,1
90,RH,60.0,8400,Pave,None,Reg,Lvl,AllPub,Inside,Gtl,SawyerW,Feedr,Norm,Duplex,1Story,5,5,1977,1977,Gable,CompShg,Plywood,Plywood,BrkFace,320.0,3,3,Slab,None,None,None,None,0,None,0,0,0,GasA,3,Y,SBrkr,2020,0,0,2020,0,0,2,0,4,2,3,10,Typ,2,3,Detchd,1977.0,Unf,2,630,3,3,Y,0,0,0,0,0,0,0,None,None,0,10,2007,WD,Normal,144000,2020,2.0,30,30,0,0,0,1,1
90,RL,78.0,10530,Pave,None,Reg,Lvl,AllPub,Inside,Gtl,Mitchel,Norm,Norm,Duplex,SFoyer,6,5,1977,1977,Gable,CompShg,Plywood,ImStucc,BrkFace,90.0,3,3,CBlock,Gd,TA,Gd,GLQ,975,Unf,0,0,975,GasA,3,Y,SBrkr,1004,0,0,1004,1,0,1,0,2,1,3,4,Typ,0,0,Attchd,1977.0,Unf,2,504,3,3,Y,0,0,0,0,0,0,0,None,None,0,5,2006,WD,Normal,135000,1979,2.0,29,29,0,0,0,1,0
20,RL,63.0,7875,Pave,None,Reg,Lvl,AllPub,Inside,Gtl,Gilbert,Norm,Norm,1Fam,1Story,7,5,1995,1996,Gable,CompShg,HdBoard,HdBoard,BrkFace,38.0,3,3,PConc,Gd,Gd,No,Unf,0,Unf,0,1237,1237,GasA,4,Y,SBrkr,1253,0,0,1253,0,0,2,0,3,1,3,6,Typ,1,3,Attchd,1995.0,Fin,2,402,3,3,Y,220,21,0,0,0,0,0,None,None,0,6,2007,WD,Normal,176000,2490,2.0,12,11,1,241,0,1,1
60,RL,65.0,7153,Pave,None,Reg,Lvl,AllPub,Inside,Gtl,SawyerW,Norm,Norm,1Fam,2Story,6,5,1992,1992,Gable,CompShg,VinylSd,VinylSd,None,0.0,4,4,PConc,Gd,TA,No,ALQ,387,Unf,0,374,761,GasA,5,Y,SBrkr,810,793,0,1603,0,0,2,1,3,1,4,7,Typ,0,0,Attchd,1992.0,RFn,2,484,3,3,Y,0,124,0,0,0,0,0,None,None,0,7,2006,WD,Normal,175900,2364,2.5,14,14,0,124,0,1,0
20,RL,67.0,16285,Pave,None,IR2,Lvl,AllPub,Inside,Gtl,CollgCr,Norm,Norm,1Fam,1Story,7,5,2001,2002,Gable,CompShg,VinylSd,VinylSd,None,0.0,4,3,PConc,Gd,TA,No,Unf,0,Unf,0,1413,1413,GasA,5,Y,SBrkr,1430,0,0,1430,0,0,2,0,3,1,4,6,Typ,0,0,Attchd,2001.0,RFn,2,605,3,3,Y,0,33,0,0,0,0,0,None,None,0,6,2009,WD,Normal,187100,2843,2.0,8,7,1,33,0,1,0
85,RL,73.0,9101,Pave,None,IR1,Lvl,AllPub,Corner,Gtl,Mitchel,Norm,Norm,1Fam,SFoyer,5,6,1978,1978,Gable,CompShg,Plywood,Plywood,BrkFace,104.0,3,4,PConc,Gd,TA,Av,GLQ,1097,Unf,0,0,1097,GasA,5,Y,SBrkr,1110,0,0,1110,1,0,1,0,1,1,4,4,Typ,1,3,Attchd,1978.0,Fin,2,602,3,3,Y,303,30,0,0,0,0,0,None,None,0,7,2009,WD,Normal,165500,2207,2.0,31,31,0,333,0,1,1
75,RM,35.0,6300,Pave,Grvl,Reg,Lvl,AllPub,Inside,Gtl,OldTown,Norm,Norm,1Fam,2.5Unf,6,6,1914,2001,Gable,CompShg,Wd Sdng,Wd Shng,None,0.0,3,3,CBlock,TA,TA,No,Unf,0,Unf,0,742,742,GasA,5,Y,SBrkr,742,742,0,1484,0,0,2,0,3,1,3,9,Typ,1,4,None,0.0,None,0,0,0,0,Y,0,291,134,0,0,0,0,None,None,0,6,2008,WD,Normal,128000,2226,2.0,94,7,1,425,0,0,1
20,RL,80.0,9790,Pave,None,Reg,Lvl,AllPub,Inside,Gtl,NWAmes,Feedr,Norm,1Fam,1Story,6,5,1967,1967,Gable,CompShg,BrkFace,Wd Sdng,None,0.0,3,3,CBlock,TA,TA,No,Rec,251,LwQ,630,491,1372,GasA,3,Y,SBrkr,1342,0,0,1342,0,0,2,0,3,1,3,7,Typ,1,4,Attchd,1967.0,Unf,2,457,3,3,Y,0,0,0,0,197,0,0,None,None,0,9,2009,WD,Normal,161500,2714,2.0,42,42,0,197,0,1,1
50,RM,60.0,10800,Pave,None,Reg,Lvl,AllPub,Inside,Gtl,OldTown,Artery,Norm,1Fam,1.5Fin,5,6,1915,1950,Gable,CompShg,MetalSd,MetalSd,None,0.0,3,4,PConc,Fa,TA,No,LwQ,686,Unf,0,0,686,GasA,3,Y,SBrkr,966,686,0,1652,1,0,2,0,4,1,3,7,Typ,0,0,Detchd,1961.0,Unf,1,416,3,3,Y,0,0,196,0,0,0,0,None,Shed,1200,6,2010,WD,Normal,139000,2338,3.0,95,60,1,196,0,1,0
60,RL,76.0,10142,Pave,None,IR1,Lvl,AllPub,Inside,Gtl,SawyerW,Norm,Norm,1Fam,2Story,7,5,2004,2004,Gable,CompShg,VinylSd,VinylSd,None,0.0,4,3,PConc,Gd,TA,No,GLQ,656,Unf,0,300,956,GasA,5,Y,SBrkr,956,1128,0,2084,1,0,2,1,4,1,4,8,Typ,0,0,BuiltIn,2004.0,RFn,2,618,3,3,Y,0,45,0,0,0,0,0,None,None,0,1,2010,WD,Normal,233000,3040,3.5,6,6,0,45,0,1,0
20,RM,50.0,6000,Pave,None,Reg,Lvl,AllPub,Corner,Gtl,OldTown,Norm,Norm,1Fam,1Story,4,7,1954,2000,Gable,CompShg,MetalSd,MetalSd,None,0.0,3,3,CBlock,TA,TA,No,Unf,0,Unf,0,901,901,GasA,5,Y,SBrkr,901,0,0,901,0,0,1,0,2,1,3,4,Typ,0,0,Detchd,1954.0,Unf,1,281,2,3,Y,0,0,0,0,0,0,0,None,None,0,8,2008,WD,Normal,107900,1802,1.0,54,8,1,0,0,1,0
60,RL,80.0,12205,Pave,None,IR1,Low,AllPub,Inside,Gtl,ClearCr,Norm,Norm,1Fam,2Story,6,8,1966,2007,Gable,CompShg,HdBoard,HdBoard,BrkFace,157.0,3,3,CBlock,TA,Fa,Gd,LwQ,568,Unf,0,264,832,GasA,4,Y,SBrkr,976,1111,0,2087,0,0,2,1,5,1,4,9,Typ,0,0,Attchd,1966.0,Fin,2,444,3,3,Y,133,168,0,0,0,0,0,None,None,0,7,2007,WD,Normal,187500,2919,2.5,41,0,1,301,0,1,0
120,RL,43.0,3182,Pave,None,Reg,Lvl,AllPub,Inside,Gtl,Blmngtn,Norm,Norm,TwnhsE,1Story,7,5,2005,2006,Gable,CompShg,VinylSd,VinylSd,BrkFace,11.0,4,3,PConc,Gd,TA,No,GLQ,16,Unf,0,1129,1145,GasA,5,Y,SBrkr,1145,0,0,1145,0,0,2,0,2,1,4,5,Typ,1,4,Attchd,2005.0,Fin,2,397,3,3,Y,100,16,0,0,0,0,0,None,None,0,9,2009,WD,Normal,160200,2290,2.0,4,3,1,116,0,1,1
80,RL,73.0,11333,Pave,None,IR1,Lvl,AllPub,Corner,Gtl,Mitchel,Norm,Norm,1Fam,SLvl,6,5,1976,1976,Gable,CompShg,HdBoard,HdBoard,None,0.0,3,3,PConc,Gd,TA,Av,ALQ,539,Unf,0,490,1029,GasA,3,Y,SBrkr,1062,0,0,1062,1,0,1,0,3,1,3,5,Typ,2,3,Attchd,1976.0,RFn,2,539,3,3,Y,120,0,0,0,0,0,0,None,None,0,5,2007,WD,Normal,146800,2091,2.0,31,31,0,120,0,1,1
60,RL,92.0,9920,Pave,None,IR1,Lvl,AllPub,CulDSac,Gtl,NoRidge,Norm,Norm,1Fam,2Story,7,5,1996,1997,Gable,CompShg,MetalSd,MetalSd,None,0.0,4,3,PConc,Gd,TA,Av,GLQ,862,Unf,0,255,1117,GasA,5,Y,SBrkr,1127,886,0,2013,1,0,2,1,3,1,3,8,Typ,1,3,Attchd,1997.0,Unf,2,455,3,3,Y,180,130,0,0,0,0,0,None,None,0,6,2007,WD,Normal,269790,3130,3.5,11,10,1,310,0,1,1
20,RL,76.0,9158,Pave,None,Reg,Lvl,AllPub,Inside,Gtl,Somerst,Norm,Norm,1Fam,1Story,8,5,2007,2007,Gable,CompShg,CemntBd,CmentBd,Stone,140.0,4,3,PConc,Gd,TA,Av,Unf,0,Unf,0,1496,1496,GasA,5,Y,SBrkr,1496,0,0,1496,0,0,2,0,3,1,4,7,Typ,0,0,Attchd,2007.0,Fin,2,474,3,3,Y,168,130,0,0,0,0,0,None,None,0,6,2007,New,Partial,225000,2992,2.0,0,0,0,298,0,1,0
60,RL,65.0,10832,Pave,None,IR1,Lvl,AllPub,Corner,Gtl,Gilbert,Norm,Norm,1Fam,2Story,7,5,1994,1996,Gable,CompShg,MetalSd,MetalSd,None,0.0,4,3,PConc,Gd,TA,No,Unf,0,Unf,0,712,712,GasA,5,Y,SBrkr,1086,809,0,1895,0,0,2,1,3,1,4,7,Typ,1,3,Attchd,1994.0,Fin,2,409,3,3,Y,143,46,0,0,0,0,0,None,Shed,500,10,2008,WD,Normal,194500,2607,2.5,14,12,1,189,0,1,1
60,RL,70.0,8400,Pave,None,Reg,Lvl,AllPub,Inside,Gtl,SawyerW,Norm,Norm,1Fam,2Story,6,6,1980,1981,Gable,CompShg,HdBoard,HdBoard,BrkFace,130.0,3,3,CBlock,Gd,TA,No,Unf,0,Unf,0,650,650,GasA,3,Y,SBrkr,888,676,0,1564,0,0,2,1,3,1,3,7,Typ,1,3,Attchd,1980.0,Unf,2,476,3,3,Y,0,50,0,0,204,0,0,MnPrv,None,0,4,2010,WD,Normal,171000,2214,2.5,30,29,1,254,0,1,1
20,RL,71.0,8197,Pave,None,Reg,Lvl,AllPub,Inside,Gtl,Sawyer,Norm,Norm,1Fam,1Story,6,5,1977,1977,Gable,CompShg,Plywood,Plywood,BrkFace,148.0,3,3,CBlock,TA,TA,No,Unf,0,Unf,0,660,660,GasA,5,Y,SBrkr,1285,0,0,1285,0,0,1,1,3,1,3,7,Typ,1,3,Attchd,1977.0,RFn,2,528,3,3,Y,138,0,0,0,0,0,0,MnPrv,None,0,4,2007,WD,Normal,143500,1945,1.5,30,30,0,138,0,1,1
20,RL,57.0,7677,Pave,None,Reg,Lvl,AllPub,Inside,Gtl,NAmes,Norm,Norm,1Fam,1Story,5,5,1953,1953,Gable,CompShg,VinylSd,VinylSd,None,0.0,3,3,CBlock,TA,TA,No,BLQ,570,Unf,0,203,773,GasA,4,Y,SBrkr,773,0,0,773,0,0,1,0,2,1,3,4,Typ,0,0,Attchd,1953.0,Unf,1,240,3,3,Y,0,0,0,0,0,0,0,None,None,0,4,2008,WD,Abnorml,110000,1546,1.0,55,55,0,0,0,1,0
60,RL,104.0,13518,Pave,None,Reg,Lvl,AllPub,Inside,Gtl,NridgHt,Norm,Norm,1Fam,2Story,9,5,2008,2009,Hip,CompShg,VinylSd,VinylSd,Stone,860.0,5,3,PConc,Ex,TA,No,Unf,0,Unf,0,1926,1926,GasA,5,Y,SBrkr,1966,1174,0,3140,0,0,3,1,4,1,5,11,Typ,2,4,BuiltIn,2009.0,Fin,3,820,3,3,Y,144,78,0,0,0,0,0,None,None,0,7,2009,New,Partial,485000,5066,3.5,1,0,1,222,0,1,1
50,RL,60.0,7200,Pave,None,Reg,Lvl,AllPub,Corner,Gtl,SWISU,Feedr,Norm,1Fam,1.5Fin,5,7,1937,1950,Gable,CompShg,Wd Sdng,Wd Sdng,BrkFace,252.0,3,3,BrkTil,Gd,TA,No,ALQ,569,Unf,0,162,731,GasA,5,Y,SBrkr,981,787,0,1768,1,0,1,1,3,1,4,7,Typ,2,3,Detchd,1939.0,Unf,1,240,3,3,Y,0,0,264,0,0,0,0,MnPrv,None,0,6,2007,WD,Normal,175000,2499,2.5,70,57,1,264,0,1,1
60,RL,79.0,12798,Pave,None,IR1,HLS,AllPub,Inside,Mod,ClearCr,Feedr,Norm,1Fam,2Story,6,5,1997,1997,Gable,CompShg,VinylSd,VinylSd,None,0.0,3,3,PConc,Gd,TA,Gd,GLQ,462,Unf,0,154,616,GasA,4,Y,SBrkr,616,1072,0,1688,1,0,2,1,4,1,4,8,Typ,0,0,Attchd,1997.0,RFn,2,603,3,3,Y,403,114,185,0,0,0,0,None,Shed,400,5,2008,WD,Normal,200000,2304,3.5,11,11,0,702,0,1,0
30,RM,40.0,4800,Pave,None,Reg,Lvl,AllPub,Inside,Gtl,IDOTRR,Norm,Norm,1Fam,1Story,4,7,1916,1990,Gable,CompShg,MetalSd,MetalSd,None,0.0,3,3,CBlock,TA,TA,No,LwQ,197,Unf,0,999,1196,GasA,5,Y,FuseA,1196,0,0,1196,1,0,1,0,2,1,3,5,Typ,0,0,Detchd,1957.0,Unf,2,440,3,3,Y,0,0,0,0,0,0,0,None,None,0,7,2007,WD,Normal,109900,2392,2.0,91,17,1,0,0,1,0
60,RL,63.0,8199,Pave,None,Reg,Lvl,AllPub,Inside,Gtl,CollgCr,Norm,Norm,1Fam,2Story,7,5,2005,2005,Gable,CompShg,WdShing,Wd Shng,None,0.0,4,3,PConc,Gd,TA,Av,GLQ,648,Unf,0,80,728,GasA,5,Y,SBrkr,728,728,0,1456,1,0,2,1,3,1,4,7,Typ,1,4,Attchd,2005.0,Fin,2,410,3,3,Y,36,18,0,0,0,0,0,None,None,0,10,2008,WD,Normal,189000,2184,3.5,3,3,0,54,0,1,1
60,RL,107.0,13891,Pave,None,Reg,Lvl,AllPub,Inside,Gtl,NridgHt,Norm,Norm,1Fam,2Story,9,5,2008,2009,Hip,CompShg,VinylSd,VinylSd,Stone,424.0,5,3,PConc,Ex,TA,Gd,Unf,0,Unf,0,1734,1734,GasA,5,Y,SBrkr,1734,1088,0,2822,0,0,3,1,4,1,5,12,Typ,1,4,BuiltIn,2009.0,RFn,3,1020,3,3,Y,52,170,0,0,192,0,0,None,None,0,1,2009,New,Partial,582933,4556,3.5,1,0,1,414,0,1,1
20,RL,75.0,9000,Pave,None,Reg,Lvl,AllPub,Inside,Gtl,NAmes,Norm,Norm,1Fam,1Story,5,5,1954,1954,Gable,CompShg,Wd Sdng,Wd Sdng,None,0.0,3,3,CBlock,TA,TA,No,LwQ,812,Unf,0,124,936,GasA,3,Y,SBrkr,1128,0,0,1128,0,0,1,0,2,1,3,5,Min1,0,0,Attchd,1954.0,Unf,1,286,3,3,Y,0,0,0,0,0,0,0,GdWo,None,0,6,2006,WD,Family,118000,2064,1.0,52,52,0,0,0,1,0
20,RL,91.0,12274,Pave,None,IR1,Lvl,AllPub,FR2,Gtl,Somerst,Norm,Norm,1Fam,1Story,7,5,2008,2008,Gable,CompShg,VinylSd,VinylSd,Stone,256.0,4,3,PConc,Gd,TA,No,Unf,0,Unf,0,1417,1417,GasA,5,Y,SBrkr,1428,0,0,1428,0,0,2,0,3,1,5,6,Typ,0,0,Attchd,2008.0,RFn,2,554,3,3,Y,0,60,0,0,0,0,0,None,None,0,7,2008,New,Partial,227680,2845,2.0,0,0,0,60,0,1,0
80,RL,75.0,9750,Pave,None,Reg,Lvl,AllPub,Inside,Gtl,NAmes,Norm,Norm,1Fam,SLvl,5,5,1967,1967,Gable,CompShg,VinylSd,VinylSd,None,0.0,3,3,PConc,TA,TA,Av,ALQ,400,Rec,480,100,980,GasA,4,Y,SBrkr,980,0,0,980,0,0,2,0,3,1,3,6,Typ,0,0,Attchd,1967.0,Fin,1,384,3,3,Y,68,0,0,0,0,0,0,None,None,0,10,2006,WD,Normal,135500,1960,2.0,39,39,0,68,0,1,0
70,RL,144.0,21384,Pave,None,Reg,Lvl,AllPub,Inside,Gtl,BrkSide,Norm,Norm,1Fam,2Story,5,6,1923,2004,Gable,CompShg,Wd Sdng,Wd Sdng,None,0.0,3,3,CBlock,TA,TA,Gd,GLQ,1309,Unf,0,15,1324,GasA,5,Y,SBrkr,1072,504,0,1576,2,0,1,1,3,1,4,6,Typ,1,3,Attchd,1923.0,RFn,2,528,3,3,Y,0,312,0,0,0,0,0,None,None,0,5,2009,WD,Normal,223500,2900,3.5,86,5,1,312,0,1,1
80,RL,85.0,13400,Pave,None,Reg,Lvl,AllPub,Inside,Gtl,NAmes,Norm,Norm,1Fam,SLvl,5,5,1966,1966,Gable,CompShg,VinylSd,VinylSd,BrkFace,1047.0,3,3,CBlock,TA,TA,Av,ALQ,516,BLQ,128,380,1024,GasA,3,Y,SBrkr,1086,0,0,1086,1,0,1,0,3,1,3,6,Typ,1,4,Attchd,1966.0,RFn,2,484,3,3,Y,0,0,0,0,0,0,0,GdWo,None,0,6,2006,WD,Normal,159950,2110,2.0,40,40,0,0,0,1,1
75,RM,90.0,8100,Pave,None,Reg,Lvl,AllPub,Corner,Gtl,OldTown,Norm,Norm,1Fam,2.5Unf,5,5,1898,1965,Hip,CompShg,AsbShng,AsbShng,None,0.0,3,3,PConc,TA,TA,No,Unf,0,Unf,0,849,849,GasA,3,N,FuseA,1075,1063,0,2138,0,0,2,0,2,3,3,11,Typ,0,0,Detchd,1910.0,Unf,2,360,2,1,N,40,156,0,0,0,0,0,MnPrv,None,0,11,2009,WD,Normal,106000,2987,2.0,111,44,1,196,0,1,0
20,RL,78.0,10140,Pave,None,Reg,Lvl,AllPub,Inside,Gtl,NWAmes,Norm,Norm,1Fam,1Story,6,6,1974,1999,Hip,CompShg,HdBoard,HdBoard,BrkFace,99.0,3,3,CBlock,TA,TA,No,ALQ,663,LwQ,377,0,1040,GasA,2,Y,SBrkr,1309,0,0,1309,1,0,1,1,3,1,4,5,Typ,1,2,Attchd,1974.0,RFn,2,484,3,3,Y,265,0,0,0,0,648,2,GdPrv,None,0,1,2006,WD,Normal,181000,2349,2.5,32,7,1,265,1,1,1
120,RM,70.0,4438,Pave,None,Reg,Lvl,AllPub,Inside,Gtl,CollgCr,Norm,Norm,TwnhsE,1Story,6,5,2004,2004,Gable,CompShg,VinylSd,VinylSd,BrkFace,169.0,4,3,PConc,Gd,TA,Gd,GLQ,662,Unf,0,186,848,GasA,5,Y,SBrkr,848,0,0,848,1,0,1,0,1,1,4,4,Typ,1,4,Attchd,2004.0,Fin,2,420,3,3,Y,140,0,0,0,0,0,0,None,None,0,6,2008,ConLD,Normal,144500,1696,2.0,4,4,0,140,0,1,1
20,C (all),66.0,8712,Grvl,None,Reg,Bnk,AllPub,Inside,Mod,IDOTRR,Norm,Norm,1Fam,1Story,5,5,1952,1952,Hip,CompShg,Wd Sdng,Wd Sdng,None,0.0,2,3,CBlock,TA,TA,Av,Unf,0,Unf,0,540,540,GasA,3,N,FuseA,1044,0,0,1044,0,0,1,0,2,1,2,4,Typ,0,0,Basment,1952.0,Unf,2,504,3,3,N,0,0,0,0,0,0,0,None,Shed,54,6,2010,WD,Alloca,55993,1584,1.0,58,58,0,0,0,1,0
20,RL,75.0,9750,Pave,None,Reg,Lvl,AllPub,Inside,Gtl,NAmes,Norm,Norm,1Fam,1Story,6,6,1958,1958,Gable,CompShg,MetalSd,MetalSd,BrkFace,243.0,3,3,CBlock,TA,TA,No,Rec,608,Unf,0,834,1442,GasA,4,Y,SBrkr,1442,0,0,1442,0,0,1,1,4,1,3,7,Typ,0,0,Attchd,1958.0,RFn,1,301,3,3,Y,0,0,275,0,0,0,0,None,Shed,500,4,2007,COD,Normal,157900,2884,1.5,49,49,0,275,0,1,0
50,RL,45.0,8248,Pave,Grvl,Reg,Lvl,AllPub,Inside,Gtl,Edwards,Norm,Norm,1Fam,1.5Fin,5,7,1918,1950,Gable,CompShg,Stucco,Stucco,None,0.0,3,3,BrkTil,TA,TA,No,Unf,0,Unf,0,686,686,GasW,4,Y,SBrkr,686,564,0,1250,0,1,1,1,3,1,2,7,Typ,0,0,Detchd,1955.0,Unf,1,280,3,3,P,207,0,96,0,0,0,0,None,None,0,7,2006,WD,Normal,116000,1936,2.0,88,56,1,303,0,1,0
20,RL,48.0,12137,Pave,None,IR2,Lvl,AllPub,CulDSac,Gtl,CollgCr,Norm,Norm,1Fam,1Story,7,5,1998,1998,Gable,CompShg,VinylSd,VinylSd,BrkFace,442.0,3,3,PConc,Gd,TA,No,Unf,0,Unf,0,1649,1649,GasA,5,Y,SBrkr,1661,0,0,1661,0,0,2,0,3,1,4,6,Typ,0,0,Attchd,1998.0,RFn,2,598,3,3,Y,0,34,0,0,0,0,0,None,None,0,5,2010,WD,Normal,224900,3310,2.0,12,12,0,34,0,1,0
20,RL,73.0,11425,Pave,None,IR1,Lvl,AllPub,Corner,Gtl,NAmes,Norm,Norm,1Fam,1Story,5,6,1954,1954,Gable,CompShg,BrkFace,BrkFace,None,0.0,3,3,CBlock,TA,TA,No,BLQ,486,Unf,0,522,1008,GasA,4,Y,SBrkr,1008,0,0,1008,0,0,1,0,2,1,3,4,Typ,1,4,Attchd,1954.0,RFn,1,275,3,3,Y,0,0,120,0,0,0,0,None,None,0,7,2006,WD,Normal,137000,2016,1.0,52,52,0,120,0,1,1
20,RL,73.0,13265,Pave,None,IR1,Lvl,AllPub,CulDSac,Gtl,Mitchel,Norm,Norm,1Fam,1Story,8,5,2002,2002,Hip,CompShg,CemntBd,CmentBd,BrkFace,148.0,4,3,PConc,Gd,TA,No,GLQ,1218,Unf,0,350,1568,GasA,5,Y,SBrkr,1689,0,0,1689,1,0,2,0,3,1,4,7,Typ,2,4,Attchd,2002.0,RFn,3,857,3,3,Y,150,59,0,0,0,0,0,None,None,0,7,2008,WD,Normal,271000,3257,3.0,6,6,0,209,0,1,1
80,RL,80.0,8816,Pave,None,Reg,Lvl,AllPub,Inside,Gtl,ClearCr,Norm,Norm,1Fam,SLvl,6,7,1971,1971,Gable,CompShg,HdBoard,HdBoard,BrkFace,80.0,3,3,CBlock,TA,TA,Av,GLQ,504,Unf,0,506,1010,GasA,4,Y,SBrkr,1052,0,0,1052,1,0,1,0,3,1,3,6,Typ,0,0,Attchd,1971.0,Unf,2,440,3,3,Y,0,0,0,0,0,0,0,MnPrv,None,0,6,2010,WD,Normal,155000,2062,2.0,39,39,0,0,0,1,0
120,RL,44.0,6371,Pave,None,IR1,Lvl,AllPub,Inside,Gtl,NridgHt,Norm,Norm,TwnhsE,1Story,7,5,2009,2010,Gable,CompShg,VinylSd,VinylSd,Stone,128.0,4,3,PConc,Gd,TA,Mn,GLQ,733,Unf,0,625,1358,GasA,5,Y,SBrkr,1358,0,0,1358,1,0,2,0,2,1,4,6,Typ,1,4,Attchd,2010.0,RFn,2,484,3,3,Y,192,35,0,0,0,0,0,None,None,0,6,2010,New,Partial,224000,2716,3.0,1,0,1,227,0,1,1
60,RL,72.0,7226,Pave,None,IR1,Lvl,AllPub,CulDSac,Gtl,CollgCr,Norm,Norm,1Fam,2Story,7,5,2003,2003,Gable,CompShg,VinylSd,VinylSd,None,0.0,4,3,PConc,Gd,TA,No,Unf,0,Unf,0,798,798,GasA,5,Y,SBrkr,798,842,0,1640,0,0,2,1,3,1,4,6,Typ,0,0,Attchd,2003.0,RFn,2,595,3,3,Y,0,45,0,0,0,0,0,None,None,0,6,2008,WD,Normal,183000,2438,2.5,5,5,0,45,0,1,0
20,RM,60.0,6000,Pave,Pave,Reg,Bnk,AllPub,Inside,Mod,OldTown,Norm,Norm,2fmCon,1Story,4,4,1953,1953,Gable,CompShg,MetalSd,MetalSd,None,0.0,2,3,CBlock,Fa,TA,No,Unf,0,Unf,0,936,936,GasA,3,N,SBrkr,936,0,0,936,0,0,1,0,2,1,3,4,Min2,0,0,Detchd,1974.0,Unf,2,576,3,3,Y,0,32,112,0,0,0,0,None,None,0,2,2009,WD,Normal,93000,1872,1.0,56,56,0,144,0,1,0
60,RL,65.0,12394,Pave,None,IR1,Lvl,AllPub,Corner,Gtl,Gilbert,Norm,Norm,1Fam,2Story,7,5,2003,2003,Gable,CompShg,VinylSd,VinylSd,None,0.0,4,3,PConc,Gd,TA,Gd,Unf,0,Unf,0,847,847,GasA,5,Y,SBrkr,847,886,0,1733,0,0,2,1,3,1,4,7,Typ,1,4,BuiltIn,2003.0,Fin,2,433,3,3,Y,100,48,0,0,0,0,0,None,None,0,10,2007,WD,Family,225000,2580,2.5,4,4,0,148,0,1,1
50,RL,60.0,9900,Pave,None,Reg,Lvl,AllPub,Inside,Gtl,SWISU,Norm,Norm,1Fam,1.5Fin,6,7,1940,1950,Gable,CompShg,VinylSd,VinylSd,None,0.0,3,3,BrkTil,TA,TA,No,Unf,0,Unf,0,778,778,GasA,3,Y,SBrkr,944,545,0,1489,0,0,2,0,3,1,3,7,Typ,1,4,Detchd,1940.0,Unf,1,240,3,3,Y,335,0,0,0,0,0,0,GdWo,None,0,7,2009,WD,Normal,139500,2267,2.0,69,59,1,335,0,1,1
20,FV,81.0,11216,Pave,None,Reg,Lvl,AllPub,Inside,Gtl,Somerst,Norm,Norm,1Fam,1Story,8,5,2006,2006,Gable,CompShg,VinylSd,VinylSd,None,0.0,4,3,PConc,Gd,Gd,No,Unf,0,Unf,0,1489,1489,GasA,5,Y,SBrkr,1489,0,0,1489,0,0,2,0,3,1,4,7,Typ,1,4,Attchd,2006.0,RFn,2,776,3,3,Y,0,140,0,0,0,0,0,None,None,0,6,2006,New,Partial,232600,2978,2.0,0,0,0,140,0,1,1
20,RL,114.0,14803,Pave,None,Reg,Lvl,AllPub,Inside,Gtl,NridgHt,PosN,PosN,1Fam,1Story,10,5,2007,2008,Hip,CompShg,CemntBd,CmentBd,BrkFace,816.0,5,3,PConc,Ex,TA,Av,GLQ,1636,Unf,0,442,2078,GasA,5,Y,SBrkr,2084,0,0,2084,1,0,2,0,2,1,5,7,Typ,1,4,Attchd,2007.0,Fin,3,1220,3,3,Y,188,45,0,0,0,0,0,None,None,0,6,2008,New,Partial,385000,4162,3.0,1,0,1,233,0,1,1
45,RM,50.0,6130,Pave,None,Reg,Lvl,AllPub,Inside,Gtl,BrkSide,Norm,Norm,1Fam,1.5Unf,5,6,1924,1950,Gable,CompShg,MetalSd,MetalSd,None,0.0,3,3,BrkTil,TA,TA,No,ALQ,784,Unf,0,0,784,GasA,4,Y,SBrkr,784,0,0,784,1,0,1,0,2,1,4,5,Typ,0,0,None,0.0,None,0,0,0,0,Y,0,0,116,0,0,0,0,None,None,0,5,2008,WD,Normal,109500,1568,2.0,84,58,1,116,0,0,0
20,RL,65.0,8529,Pave,None,IR1,Lvl,AllPub,Inside,Gtl,SawyerW,Norm,Norm,1Fam,1Story,7,5,2001,2001,Gable,CompShg,VinylSd,VinylSd,None,0.0,4,3,PConc,Gd,TA,No,GLQ,20,Unf,0,1434,1454,GasA,5,Y,SBrkr,1434,0,0,1434,0,0,2,0,3,1,4,6,Typ,1,3,Attchd,2001.0,RFn,2,527,3,3,Y,290,39,0,0,0,0,0,None,None,0,4,2009,WD,Normal,189000,2888,2.0,8,8,0,329,0,1,1
60,RL,80.0,28698,Pave,None,IR2,Low,AllPub,CulDSac,Sev,ClearCr,Norm,Norm,1Fam,2Story,5,5,1967,1967,Flat,Tar&Grv,Plywood,Plywood,None,0.0,3,3,PConc,TA,Gd,Gd,LwQ,249,ALQ,764,0,1013,GasA,3,Y,SBrkr,1160,966,0,2126,0,1,2,1,3,1,3,7,Min2,0,0,Attchd,1967.0,Fin,2,538,3,3,Y,486,0,0,0,225,0,0,None,None,0,6,2009,WD,Abnorml,185000,3139,3.0,42,42,0,711,0,1,0
160,FV,24.0,2544,Pave,Pave,Reg,Lvl,AllPub,Inside,Gtl,Somerst,Norm,Norm,Twnhs,2Story,7,5,2005,2005,Gable,CompShg,MetalSd,MetalSd,None,0.0,4,3,PConc,Gd,TA,No,Unf,0,Unf,0,600,600,GasA,5,Y,SBrkr,520,623,80,1223,0,0,2,1,2,1,4,4,Typ,0,0,Detchd,2005.0,RFn,2,480,3,3,Y,0,166,0,0,0,0,0,None,None,0,7,2006,WD,Normal,147400,1743,2.5,1,1,0,166,0,1,0
20,RL,80.0,11900,Pave,None,IR1,Lvl,AllPub,Corner,Gtl,NAmes,Norm,Norm,1Fam,1Story,6,5,1957,1957,Gable,CompShg,HdBoard,HdBoard,BrkFace,387.0,3,3,CBlock,TA,TA,No,Rec,1040,Unf,0,352,1392,GasA,3,Y,FuseA,1392,0,0,1392,1,0,1,1,3,1,3,6,Typ,2,4,Attchd,1957.0,RFn,2,458,3,3,Y,0,0,0,0,192,0,0,None,None,0,6,2008,WD,Normal,166000,2784,2.5,51,51,0,192,0,1,1
160,FV,30.0,3180,Pave,Pave,Reg,Lvl,AllPub,Inside,Gtl,Somerst,Norm,Norm,TwnhsE,2Story,7,5,2005,2005,Gable,CompShg,MetalSd,MetalSd,None,0.0,3,3,PConc,Gd,TA,No,Unf,0,Unf,0,600,600,GasA,5,Y,SBrkr,520,600,80,1200,0,0,2,1,2,1,4,4,Typ,0,0,Detchd,2005.0,RFn,2,480,3,3,Y,0,166,0,0,0,0,0,None,None,0,6,2006,WD,Normal,151000,1720,2.5,1,1,0,166,0,1,0
60,RL,44.0,9548,Pave,None,IR1,Lvl,AllPub,CulDSac,Gtl,CollgCr,Norm,Norm,1Fam,2Story,7,6,2003,2003,Gable,CompShg,VinylSd,VinylSd,BrkFace,223.0,4,3,PConc,Gd,TA,No,GLQ,483,Unf,0,458,941,GasA,5,Y,SBrkr,941,888,0,1829,1,0,2,1,3,1,4,7,Typ,1,3,Attchd,2003.0,RFn,2,613,3,3,Y,192,39,0,0,0,0,0,None,None,0,1,2010,WD,Normal,237000,2770,3.5,7,7,0,231,0,1,1
20,RL,100.0,10004,Pave,None,Reg,Lvl,AllPub,Inside,Gtl,NAmes,Norm,Norm,1Fam,1Story,6,6,1964,1964,Gable,CompShg,HdBoard,Plywood,BrkFace,180.0,3,3,CBlock,TA,TA,No,Rec,196,BLQ,345,975,1516,GasA,3,Y,SBrkr,1516,0,0,1516,0,0,1,1,3,1,3,6,Typ,0,0,Attchd,1964.0,RFn,2,472,3,3,Y,0,0,0,0,152,0,0,None,None,0,2,2009,WD,Normal,167000,3032,1.5,45,45,0,152,0,1,0
20,RL,75.0,7875,Pave,None,Reg,Lvl,AllPub,Inside,Gtl,NAmes,Norm,Norm,1Fam,1Story,5,6,1961,1961,Gable,CompShg,VinylSd,VinylSd,BrkFace,136.0,3,3,CBlock,TA,TA,No,Rec,572,Unf,0,572,1144,GasA,4,Y,SBrkr,1144,0,0,1144,1,0,1,0,3,1,3,6,Typ,0,0,Attchd,1961.0,Unf,2,456,3,3,Y,0,0,0,0,0,0,0,GdWo,None,0,9,2008,WD,Normal,139950,2288,2.0,47,47,0,0,0,1,0
20,RL,60.0,9600,Pave,None,Reg,Lvl,AllPub,Inside,Gtl,Sawyer,Norm,Norm,1Fam,1Story,4,7,1950,1995,Gable,CompShg,VinylSd,HdBoard,None,0.0,3,3,CBlock,Gd,TA,No,BLQ,442,Unf,0,625,1067,GasA,3,Y,SBrkr,1067,0,0,1067,0,0,2,0,2,1,4,4,Min2,0,0,Attchd,1996.0,Unf,2,436,3,3,Y,290,0,0,0,0,0,0,None,None,0,2,2010,WD,Normal,128000,2134,2.0,60,15,1,290,0,1,0
30,RM,90.0,8100,Pave,Pave,Reg,Lvl,AllPub,Inside,Gtl,OldTown,Norm,Norm,1Fam,1Story,5,6,1948,1973,Gable,CompShg,VinylSd,VinylSd,None,0.0,3,3,BrkTil,TA,TA,No,Rec,338,Unf,0,1221,1559,GasA,4,Y,SBrkr,1559,0,0,1559,1,0,1,0,2,1,3,5,Min2,0,0,Detchd,1948.0,Unf,2,812,3,3,Y,0,116,230,0,0,0,0,GdWo,None,0,6,2007,COD,Normal,153500,3118,2.0,59,34,1,346,0,1,0
160,RM,21.0,1680,Pave,None,Reg,Lvl,AllPub,Inside,Gtl,BrDale,Norm,Norm,Twnhs,2Story,6,5,1973,1973,Gable,CompShg,HdBoard,HdBoard,BrkFace,158.0,3,3,CBlock,TA,TA,No,BLQ,330,Unf,0,153,483,GasA,3,Y,SBrkr,483,504,0,987,1,0,1,1,2,1,3,5,Typ,0,0,Detchd,1973.0,Unf,1,264,3,3,Y,0,0,0,0,0,0,0,None,None,0,11,2008,WD,Normal,100000,1470,2.5,35,35,0,0,0,1,0
20,RL,75.0,9525,Pave,None,Reg,Lvl,AllPub,Inside,Gtl,CollgCr,Norm,Norm,1Fam,1Story,5,6,1995,2006,Gable,CompShg,VinylSd,VinylSd,None,0.0,3,3,PConc,Gd,TA,No,Unf,0,Unf,0,1099,1099,GasA,5,Y,SBrkr,1099,0,0,1099,0,0,1,1,3,1,4,6,Typ,0,0,Attchd,1999.0,Unf,1,352,3,3,Y,278,0,0,0,0,0,0,None,None,0,6,2008,WD,Normal,144000,2198,1.5,13,2,1,278,0,1,0
50,RL,70.0,11767,Pave,None,Reg,Lvl,AllPub,Inside,Gtl,Edwards,Norm,Norm,1Fam,1.5Fin,5,6,1946,1995,Gable,CompShg,MetalSd,MetalSd,None,0.0,3,3,CBlock,TA,TA,No,BLQ,352,Unf,0,416,768,GasA,5,Y,SBrkr,768,432,0,1200,0,0,1,0,3,1,3,6,Typ,0,0,Detchd,1946.0,Unf,1,240,3,3,Y,0,0,0,0,0,0,0,None,None,0,5,2008,WD,Normal,130500,1968,1.0,62,13,1,0,0,1,0
70,RH,60.0,12155,Pave,None,IR1,Lvl,AllPub,Inside,Gtl,SWISU,Norm,Norm,1Fam,2Story,6,8,1925,1950,Gable,CompShg,Wd Sdng,Wd Sdng,None,0.0,3,3,BrkTil,TA,TA,No,BLQ,156,Unf,0,516,672,GasA,3,N,SBrkr,810,672,0,1482,0,0,2,0,4,1,2,7,Typ,0,0,Detchd,1934.0,Unf,1,400,3,3,P,0,0,254,0,0,0,0,None,None,0,3,2008,WD,Normal,140000,2154,2.0,83,58,1,254,0,1,0
70,RM,60.0,10440,Pave,Grvl,Reg,Lvl,AllPub,Inside,Gtl,OldTown,Norm,Norm,1Fam,2Story,5,8,1904,2002,Gable,CompShg,MetalSd,MetalSd,None,0.0,3,3,PConc,TA,TA,No,Unf,0,Unf,0,650,650,GasA,4,Y,SBrkr,958,581,0,1539,0,0,2,0,3,1,4,8,Typ,1,1,Detchd,1983.0,Unf,2,686,4,3,P,70,78,68,0,0,0,0,None,None,0,6,2008,WD,Normal,157500,2189,2.0,104,6,1,216,0,1,1
80,RL,82.0,9020,Pave,None,Reg,Lvl,AllPub,Inside,Gtl,NAmes,Norm,Norm,1Fam,SLvl,6,7,1966,1966,Gable,CompShg,HdBoard,HdBoard,BrkFace,183.0,3,3,CBlock,TA,TA,Gd,Rec,312,ALQ,539,276,1127,GasA,3,Y,SBrkr,1165,0,0,1165,1,0,1,1,3,1,3,6,Typ,0,0,Attchd,1966.0,RFn,2,490,4,4,Y,0,129,0,0,0,0,0,GdPrv,None,0,5,2008,WD,Normal,174900,2292,2.5,42,42,0,129,0,1,0
90,RL,80.0,8000,Pave,None,Reg,Lvl,AllPub,Corner,Gtl,NAmes,Artery,Norm,Duplex,1Story,5,4,1961,1961,Gable,CompShg,BrkFace,BrkFace,None,0.0,3,3,CBlock,TA,TA,No,Unf,0,Unf,0,1800,1800,GasA,5,N,SBrkr,1800,0,0,1800,0,0,2,0,6,2,3,10,Typ,0,0,None,0.0,None,0,0,0,0,Y,0,0,0,0,0,0,0,None,None,0,7,2007,WD,Normal,141000,3600,2.0,46,46,0,0,0,0,0
50,RM,100.0,12665,Pave,Grvl,IR1,Lvl,AllPub,Inside,Gtl,OldTown,Artery,Norm,1Fam,1.5Fin,5,8,1915,1950,Gable,CompShg,Wd Sdng,Wd Sdng,None,0.0,3,3,BrkTil,TA,TA,Mn,Unf,0,Unf,0,876,876,GasA,4,Y,SBrkr,876,540,0,1416,0,0,1,1,4,1,3,7,Typ,1,4,Detchd,1949.0,Unf,3,720,3,3,Y,418,0,194,0,0,0,0,None,None,0,6,2008,WD,Normal,153900,2292,1.5,93,58,1,612,0,1,1
85,RL,71.0,16647,Pave,None,IR1,Lvl,AllPub,CulDSac,Gtl,Sawyer,RRAe,Norm,1Fam,SFoyer,5,5,1975,1981,Gable,CompShg,HdBoard,HdBoard,None,0.0,3,3,CBlock,Gd,TA,Gd,ALQ,1390,Unf,0,0,1390,GasA,3,Y,SBrkr,1701,0,0,1701,1,0,2,0,3,1,3,6,Min2,2,3,Basment,1975.0,Fin,2,611,3,3,Y,0,0,0,0,0,0,0,None,None,0,1,2007,WD,Normal,171000,3091,3.0,32,26,1,0,0,1,1
60,RL,75.0,9317,Pave,None,Reg,Lvl,AllPub,Inside,Gtl,SawyerW,Norm,Norm,1Fam,2Story,7,5,1993,1993,Gable,CompShg,HdBoard,HdBoard,BrkFace,137.0,4,3,PConc,Gd,TA,No,ALQ,513,Unf,0,227,740,GasA,5,Y,SBrkr,1006,769,0,1775,1,0,2,1,3,1,4,7,Typ,1,3,Attchd,1993.0,Unf,2,425,3,3,Y,234,72,192,0,0,0,0,None,None,0,7,2009,WD,Normal,213000,2515,3.5,16,16,0,498,0,1,1
20,RL,36.0,15523,Pave,None,IR1,Lvl,AllPub,CulDSac,Gtl,CollgCr,Norm,Norm,1Fam,1Story,5,6,1972,1972,Gable,CompShg,HdBoard,Plywood,None,0.0,3,3,CBlock,TA,TA,Av,BLQ,460,Unf,0,404,864,GasA,5,Y,SBrkr,864,0,0,864,1,0,1,0,3,1,3,5,Typ,1,2,Attchd,1972.0,Unf,1,338,3,3,Y,0,0,0,0,0,0,0,None,None,0,8,2009,WD,Normal,133500,1728,2.0,37,37,0,0,0,1,1
50,RL,75.0,45600,Pave,None,IR2,Bnk,AllPub,Inside,Gtl,ClearCr,Norm,Norm,1Fam,1.5Fin,6,8,1908,1997,Gable,CompShg,Wd Sdng,Wd Sdng,None,0.0,3,3,BrkTil,TA,TA,No,Unf,0,Unf,0,907,907,GasA,3,Y,SBrkr,1307,1051,0,2358,0,0,3,0,5,1,3,10,Typ,1,4,Detchd,1908.0,Unf,2,360,2,3,Y,486,40,0,0,175,0,0,None,None,0,9,2008,WD,Normal,240000,3265,3.0,100,11,1,701,0,1,1
80,RL,80.0,9600,Pave,None,Reg,Lvl,AllPub,FR2,Gtl,Veenker,Feedr,Norm,1Fam,SLvl,6,7,1976,1994,Hip,CompShg,Plywood,Plywood,BrkFace,360.0,4,4,CBlock,TA,TA,No,Unf,0,Unf,0,528,528,GasA,5,Y,SBrkr,1094,761,0,1855,0,0,2,1,3,1,3,7,Typ,1,3,Attchd,1976.0,RFn,2,512,3,3,Y,113,100,0,0,0,0,0,None,None,0,8,2007,WD,Normal,187000,2383,2.5,31,13,1,213,0,1,1
120,RM,36.0,4435,Pave,None,Reg,Lvl,AllPub,Inside,Gtl,CollgCr,Norm,Norm,TwnhsE,1Story,6,5,2003,2003,Gable,CompShg,VinylSd,VinylSd,BrkFace,170.0,4,3,PConc,Gd,TA,Av,GLQ,659,Unf,0,189,848,GasA,5,Y,SBrkr,848,0,0,848,1,0,1,0,1,1,4,3,Typ,0,0,Attchd,2003.0,Fin,2,420,3,3,Y,140,0,0,0,0,0,0,None,None,0,11,2007,WD,Normal,131500,1696,2.0,4,4,0,140,0,1,0
120,RL,43.0,3196,Pave,None,Reg,Lvl,AllPub,Inside,Gtl,Blmngtn,Norm,Norm,TwnhsE,1Story,8,5,2003,2003,Gable,CompShg,VinylSd,VinylSd,BrkFace,40.0,4,3,PConc,Gd,TA,Gd,Unf,0,Unf,0,1273,1273,GasA,5,Y,SBrkr,1456,0,0,1456,0,0,2,0,2,1,4,7,Typ,1,3,Attchd,2003.0,Fin,2,400,3,3,Y,143,20,0,0,0,0,0,None,None,0,5,2006,WD,Normal,215000,2729,2.0,3,3,0,163,0,1,1
75,RL,53.0,7128,Pave,None,Reg,Lvl,AllPub,Inside,Gtl,Crawfor,Norm,Norm,1Fam,2.5Unf,7,5,1941,1950,Gable,CompShg,MetalSd,MetalSd,None,0.0,3,4,CBlock,TA,TA,No,Rec,364,Unf,0,554,918,GasA,4,Y,SBrkr,918,728,0,1646,0,0,2,0,4,1,3,7,Typ,2,4,Detchd,1941.0,Unf,1,240,3,3,Y,0,0,0,0,126,0,0,MnPrv,None,0,8,2007,WD,Normal,164000,2564,2.0,66,57,1,126,0,1,1
80,RL,73.0,12095,Pave,None,IR1,Lvl,AllPub,Corner,Gtl,NAmes,Norm,Norm,1Fam,SLvl,6,6,1964,1964,Gable,CompShg,MetalSd,HdBoard,BrkFace,115.0,3,4,CBlock,TA,TA,Gd,Rec,564,Unf,0,563,1127,GasA,3,Y,SBrkr,1445,0,0,1445,0,0,1,1,3,1,3,7,Typ,1,2,Attchd,1964.0,RFn,2,645,3,3,Y,180,0,0,0,0,0,0,MnPrv,None,0,8,2009,WD,Normal,158000,2572,1.5,45,45,0,180,0,1,1
20,RL,102.0,17920,Pave,None,Reg,Lvl,AllPub,Inside,Gtl,Sawyer,Norm,Norm,1Fam,1Story,5,4,1955,1974,Hip,CompShg,Wd Sdng,Plywood,None,0.0,3,3,CBlock,TA,TA,Mn,ALQ,306,Rec,1085,372,1763,GasA,3,Y,SBrkr,1779,0,0,1779,1,0,1,1,3,1,3,6,Typ,1,4,Attchd,1955.0,Unf,2,454,3,3,Y,0,418,0,0,312,0,0,None,None,0,7,2006,WD,Abnorml,170000,3542,2.5,51,32,1,730,0,1,1
20,RL,71.0,6897,Pave,None,IR1,Lvl,AllPub,Corner,Gtl,Sawyer,Norm,Norm,1Fam,1Story,5,8,1962,2010,Gable,CompShg,HdBoard,HdBoard,None,0.0,3,4,CBlock,TA,TA,No,ALQ,659,Unf,0,381,1040,GasA,5,Y,SBrkr,1040,0,0,1040,1,0,1,1,3,1,3,6,Typ,0,0,Detchd,1962.0,Unf,1,260,3,3,Y,0,104,0,0,0,0,0,None,None,0,4,2010,WD,Normal,127000,2080,2.5,48,0,1,104,0,1,0
80,RL,70.0,10970,Pave,None,IR1,Low,AllPub,Inside,Mod,CollgCr,Norm,Norm,1Fam,SLvl,6,6,1978,1978,Gable,CompShg,Plywood,HdBoard,None,0.0,3,3,CBlock,Gd,Gd,Gd,GLQ,505,LwQ,435,0,940,GasA,3,Y,SBrkr,1026,0,0,1026,1,0,1,0,3,1,3,5,Typ,0,0,Detchd,1981.0,Unf,2,576,3,2,Y,0,0,34,0,0,0,0,MnPrv,None,0,10,2008,WD,Normal,147000,1966,2.0,30,30,0,34,0,1,0
60,RL,65.0,8125,Pave,None,Reg,Lvl,AllPub,Inside,Gtl,Gilbert,Norm,Norm,1Fam,2Story,6,5,1994,1995,Gable,CompShg,HdBoard,HdBoard,None,0.0,3,3,PConc,Gd,TA,No,Unf,0,Unf,0,702,702,GasA,4,Y,SBrkr,702,779,0,1481,0,0,2,1,3,1,3,6,Typ,1,3,Attchd,1994.0,Fin,2,343,3,3,Y,0,36,0,0,0,0,0,None,None,0,3,2009,WD,Normal,174000,2183,2.5,15,14,1,36,0,1,1
20,RL,80.0,10400,Pave,None,Reg,Lvl,AllPub,Inside,Gtl,NWAmes,Norm,Norm,1Fam,1Story,7,5,1976,1976,Gable,CompShg,HdBoard,HdBoard,BrkFace,189.0,3,3,CBlock,Gd,TA,No,Unf,0,Unf,0,1090,1090,GasA,3,Y,SBrkr,1370,0,0,1370,0,0,2,0,3,1,3,6,Typ,1,3,Attchd,1976.0,RFn,2,479,3,3,Y,0,0,0,0,0,0,0,MnPrv,None,0,6,2009,WD,Family,152000,2460,2.0,33,33,0,0,0,1,1
60,RL,80.0,11029,Pave,None,IR1,Lvl,AllPub,Corner,Gtl,NWAmes,PosA,Norm,1Fam,2Story,6,7,1968,1984,Gable,CompShg,HdBoard,HdBoard,BrkFace,220.0,3,3,CBlock,TA,TA,Mn,BLQ,619,Unf,0,435,1054,GasA,3,Y,SBrkr,1512,1142,0,2654,1,0,2,1,4,1,4,9,Typ,1,4,Attchd,1968.0,Unf,2,619,3,3,Y,0,65,0,0,222,0,0,None,None,0,8,2006,WD,Normal,250000,3708,3.5,38,22,1,287,0,1,1
50,RL,55.0,7642,Pave,None,Reg,Lvl,AllPub,Corner,Gtl,Crawfor,Norm,Norm,1Fam,1.5Fin,7,8,1918,1998,Gable,CompShg,Wd Sdng,Wd Sdng,None,0.0,4,3,BrkTil,TA,TA,No,Unf,0,Unf,0,912,912,GasA,4,Y,SBrkr,912,514,0,1426,0,0,1,1,3,1,4,7,Typ,1,4,Detchd,1925.0,Unf,1,216,3,3,Y,0,240,0,0,0,0,0,GdPrv,None,0,6,2007,WD,Normal,189950,2338,1.5,89,9,1,240,0,1,1
190,RL,75.0,11625,Pave,None,Reg,Lvl,AllPub,Inside,Gtl,Sawyer,Norm,Norm,2fmCon,1Story,5,4,1965,1965,Hip,CompShg,Plywood,HdBoard,None,0.0,3,3,PConc,TA,TA,Mn,BLQ,841,Unf,0,198,1039,GasA,5,Y,SBrkr,1039,0,0,1039,1,0,1,1,3,1,3,6,Typ,0,0,Attchd,1965.0,Unf,2,504,3,3,Y,0,0,0,0,0,0,0,None,None,0,4,2010,WD,Normal,131500,2078,2.5,45,45,0,0,0,1,0
20,RL,81.0,9672,Pave,None,Reg,Lvl,AllPub,Corner,Gtl,SawyerW,Norm,Norm,1Fam,1Story,6,5,1984,1985,Hip,CompShg,HdBoard,Plywood,None,0.0,3,3,PConc,Gd,TA,No,GLQ,338,Unf,0,702,1040,GasA,3,Y,SBrkr,1097,0,0,1097,0,0,2,0,3,1,3,6,Typ,0,0,Attchd,1986.0,Unf,2,480,3,3,Y,0,0,0,0,0,0,0,GdPrv,None,0,5,2010,WD,Normal,152000,2137,2.0,26,25,1,0,0,1,0
20,RL,70.0,7931,Pave,None,Reg,Lvl,AllPub,Inside,Gtl,NAmes,Norm,Norm,1Fam,1Story,5,5,1959,1959,Hip,CompShg,BrkFace,Plywood,None,0.0,3,3,CBlock,TA,TA,No,BLQ,1148,Unf,0,0,1148,GasA,3,Y,SBrkr,1148,0,0,1148,1,0,1,0,3,1,3,6,Typ,0,0,Attchd,1959.0,Unf,1,672,3,3,Y,0,0,0,0,0,0,0,GdPrv,None,0,7,2009,WD,Normal,132500,2296,2.0,50,50,0,0,0,1,0
20,FV,72.0,8640,Pave,None,Reg,Lvl,AllPub,Inside,Gtl,Somerst,Norm,Norm,1Fam,1Story,7,5,2007,2008,Gable,CompShg,VinylSd,VinylSd,None,0.0,4,3,PConc,Ex,TA,No,Unf,0,Unf,0,1372,1372,GasA,5,Y,SBrkr,1372,0,0,1372,0,0,2,0,3,1,4,6,Typ,0,0,Attchd,2008.0,Fin,2,529,3,3,Y,0,140,0,0,0,0,0,None,None,0,5,2008,New,Partial,250580,2744,2.0,1,0,1,140,0,1,0
20,RL,73.0,8750,Pave,None,IR1,Lvl,AllPub,Inside,Gtl,NAmes,Norm,Norm,1Fam,1Story,5,6,1970,1970,Gable,CompShg,MetalSd,MetalSd,BrkFace,76.0,3,3,CBlock,TA,TA,No,BLQ,828,Unf,0,174,1002,GasA,3,Y,SBrkr,1002,0,0,1002,1,0,1,0,3,1,3,5,Typ,0,0,Detchd,1973.0,Unf,2,902,3,3,Y,0,0,0,0,0,0,0,MnPrv,None,0,8,2009,WD,Normal,148500,2004,2.0,39,39,0,0,0,1,0
20,RL,67.0,10656,Pave,None,IR1,HLS,AllPub,Inside,Gtl,Timber,Norm,Norm,1Fam,1Story,8,5,2006,2007,Gable,CompShg,VinylSd,VinylSd,Stone,274.0,4,3,PConc,Gd,TA,Av,Unf,0,Unf,0,1638,1638,GasA,5,Y,SBrkr,1646,0,0,1646,0,0,2,0,3,1,4,6,Typ,1,4,Attchd,2007.0,RFn,3,870,3,3,Y,192,80,0,0,0,0,0,None,None,0,11,2007,New,Partial,248900,3284,2.0,1,0,1,272,0,1,1
20,RL,85.0,6970,Pave,None,Reg,Lvl,AllPub,Corner,Gtl,Sawyer,Feedr,Norm,1Fam,1Story,4,5,1961,1961,Gable,CompShg,VinylSd,VinylSd,None,0.0,3,3,CBlock,TA,TA,No,ALQ,932,Unf,0,108,1040,GasA,3,Y,SBrkr,1120,0,0,1120,1,0,1,1,3,1,2,5,Typ,0,0,Attchd,1961.0,RFn,2,544,3,3,Y,168,0,0,0,0,0,0,None,Shed,400,5,2007,WD,Normal,129000,2160,2.5,46,46,0,168,0,1,0
60,RL,65.0,14762,Pave,None,IR2,Lvl,AllPub,Corner,Gtl,Gilbert,Feedr,Norm,1Fam,2Story,5,6,1948,1950,Gable,CompShg,Plywood,Plywood,None,0.0,3,3,Slab,None,None,None,None,0,None,0,0,0,GasA,4,Y,SBrkr,1547,720,53,2320,0,0,2,0,2,1,3,7,Typ,1,3,Attchd,1979.0,Unf,2,672,3,3,P,120,144,0,0,0,0,0,None,None,0,5,2006,WD,Normal,169000,2267,2.0,58,56,1,264,0,1,1
60,RL,80.0,9938,Pave,None,Reg,Lvl,AllPub,Inside,Gtl,SawyerW,Norm,Norm,1Fam,2Story,7,5,1993,1994,Gable,CompShg,MetalSd,MetalSd,BrkFace,246.0,4,3,PConc,Gd,TA,No,GLQ,750,Unf,0,300,1050,GasA,5,Y,SBrkr,1062,887,0,1949,1,0,2,1,3,1,4,8,Typ,1,3,Attchd,1993.0,Fin,2,574,3,3,Y,156,90,0,0,0,0,0,GdPrv,None,0,6,2010,WD,Normal,236000,2999,3.5,17,16,1,246,0,1,1
20,RL,60.0,6600,Pave,None,Reg,Lvl,AllPub,Inside,Gtl,NAmes,PosN,Norm,1Fam,1Story,5,5,1962,1962,Hip,CompShg,MetalSd,MetalSd,None,0.0,3,3,CBlock,TA,TA,No,Unf,0,Unf,0,894,894,GasA,4,N,SBrkr,894,0,0,894,0,0,1,0,2,1,3,5,Typ,0,0,Detchd,1962.0,Unf,1,308,3,3,Y,0,0,0,0,0,0,0,None,None,0,8,2009,WD,Normal,109500,1788,1.0,47,47,0,0,0,1,0
60,RL,70.0,8750,Pave,None,Reg,Lvl,AllPub,Inside,Gtl,CollgCr,Norm,Norm,1Fam,2Story,6,5,1998,1998,Gable,CompShg,VinylSd,VinylSd,BrkFace,116.0,3,3,PConc,Gd,TA,No,GLQ,505,Unf,0,299,804,GasA,5,Y,SBrkr,804,878,0,1682,0,0,2,1,3,1,4,7,Typ,0,0,Attchd,1998.0,RFn,2,523,3,3,Y,0,77,0,0,0,0,0,None,None,0,6,2010,WD,Normal,200500,2486,2.5,12,12,0,77,0,1,0
20,RL,74.0,8892,Pave,None,Reg,Lvl,AllPub,Corner,Gtl,NAmes,Norm,Norm,1Fam,1Story,5,7,1953,1996,Gable,CompShg,WdShing,Wd Shng,None,0.0,4,3,Stone,TA,TA,Av,Unf,0,Unf,0,105,105,GasA,4,Y,SBrkr,910,0,0,910,0,0,1,0,3,1,4,5,Typ,0,0,Attchd,1953.0,Unf,2,414,3,3,Y,196,0,150,0,0,0,0,GdWo,None,0,10,2008,WD,Normal,116000,1015,1.0,55,12,1,346,0,1,0
40,RL,60.0,12144,Pave,None,Reg,Lvl,AllPub,Inside,Gtl,NAmes,Norm,Norm,1Fam,1Story,5,7,1949,1950,Gable,CompShg,HdBoard,HdBoard,None,0.0,4,3,CBlock,TA,TA,No,Rec,375,Unf,0,457,832,GasA,4,Y,SBrkr,1036,0,232,1268,0,0,1,0,3,1,3,6,Typ,1,4,Attchd,1949.0,Unf,1,288,3,3,Y,0,28,0,0,0,0,0,None,Othr,0,9,2009,WD,Normal,133000,1868,1.0,60,59,1,28,0,1,1
50,RM,52.0,5720,Pave,None,Reg,Lvl,AllPub,Inside,Gtl,OldTown,Artery,Norm,1Fam,1.5Fin,5,6,1941,1950,Gable,CompShg,Wd Sdng,Wd Sdng,None,0.0,3,3,CBlock,TA,TA,No,Unf,0,Unf,0,676,676,GasA,5,Y,SBrkr,676,455,0,1131,0,0,1,1,3,1,3,5,Typ,0,0,Detchd,1941.0,Unf,1,200,3,3,Y,26,0,0,0,0,0,0,None,None,0,8,2009,WD,Abnorml,66500,1807,1.5,68,59,1,26,0,1,0
60,FV,75.0,9000,Pave,None,Reg,Lvl,AllPub,Inside,Gtl,Somerst,Norm,Norm,1Fam,2Story,8,5,2007,2007,Gable,CompShg,CemntBd,CmentBd,None,0.0,4,3,PConc,Gd,TA,Av,GLQ,64,Unf,0,1120,1184,GasA,5,Y,SBrkr,1184,1426,0,2610,0,0,2,1,4,1,5,11,Typ,1,4,BuiltIn,2007.0,Fin,2,550,3,3,Y,208,364,0,0,0,0,0,None,None,0,8,2007,New,Partial,303477,3794,2.5,0,0,0,572,0,1,1
20,RL,94.0,25286,Pave,None,Reg,HLS,AllPub,Inside,Mod,Mitchel,Norm,Norm,1Fam,1Story,4,5,1963,1963,Gable,CompShg,HdBoard,Plywood,None,0.0,3,3,PConc,TA,TA,Gd,ALQ,633,Unf,0,431,1064,GasA,4,Y,SBrkr,1040,0,0,1040,1,0,1,0,3,1,3,5,Typ,0,0,Attchd,1963.0,Unf,2,648,3,3,Y,0,0,0,0,0,0,0,None,None,0,1,2007,WD,Normal,132250,2104,2.0,44,44,0,0,0,1,0
60,RL,74.0,8834,Pave,None,Reg,Lvl,AllPub,Inside,Gtl,NridgHt,Norm,Norm,1Fam,2Story,9,5,2004,2005,Hip,CompShg,VinylSd,VinylSd,Stone,216.0,4,3,PConc,Ex,TA,No,GLQ,1170,Unf,0,292,1462,GasA,5,Y,SBrkr,1462,762,0,2224,1,0,2,1,4,1,5,10,Typ,1,4,Attchd,2004.0,Fin,3,738,3,3,Y,184,0,0,0,0,0,0,None,None,0,6,2009,WD,Normal,350000,3686,3.5,5,4,1,184,0,1,1
85,RL,88.0,11782,Pave,None,IR1,Lvl,AllPub,Inside,Gtl,Sawyer,Norm,Norm,1Fam,SFoyer,5,7,1961,1995,Gable,CompShg,HdBoard,HdBoard,None,0.0,3,3,CBlock,TA,TA,Av,ALQ,899,Unf,0,210,1109,GasA,3,Y,SBrkr,1155,0,0,1155,1,0,1,0,3,1,4,6,Min2,0,0,Detchd,1987.0,Unf,2,576,3,3,Y,192,0,0,0,0,0,0,MnPrv,Shed,400,6,2010,WD,Normal,148000,2264,2.0,49,15,1,192,0,1,0
20,RL,70.0,7000,Pave,None,IR1,Lvl,AllPub,CulDSac,Gtl,CollgCr,Norm,Norm,1Fam,1Story,5,8,1978,2005,Gable,CompShg,VinylSd,VinylSd,BrkFace,90.0,4,4,CBlock,TA,TA,No,ALQ,646,Unf,0,218,864,GasA,5,Y,SBrkr,864,0,0,864,1,0,1,0,3,1,3,6,Typ,0,0,Attchd,1978.0,Unf,1,336,3,3,Y,0,0,0,0,0,0,0,GdWo,None,0,7,2009,WD,Normal,136500,1728,2.0,31,4,1,0,0,1,0
20,RL,60.0,7024,Pave,None,Reg,Lvl,AllPub,Inside,Gtl,Edwards,Norm,Norm,1Fam,1Story,5,5,2005,2006,Gable,CompShg,VinylSd,VinylSd,None,0.0,3,3,PConc,Ex,Gd,No,ALQ,980,Unf,0,110,1090,GasA,4,Y,SBrkr,1090,0,0,1090,1,0,1,1,2,1,3,5,Typ,0,0,Attchd,2005.0,Fin,2,450,3,3,Y,0,49,0,0,0,0,0,None,None,0,6,2007,WD,Normal,157000,2180,2.5,2,1,1,49,0,1,0
50,RL,44.0,13758,Pave,None,IR1,Lvl,AllPub,CulDSac,Gtl,Timber,Norm,Norm,1Fam,1.5Fin,7,5,1990,1991,Gable,CompShg,HdBoard,HdBoard,BrkFace,117.0,4,4,CBlock,Gd,TA,Mn,LwQ,902,Unf,0,254,1156,GasA,5,Y,SBrkr,1187,530,0,1717,0,0,2,1,3,1,4,7,Typ,1,3,Attchd,1990.0,RFn,2,400,3,3,Y,168,36,0,0,0,0,0,None,None,0,4,2007,WD,Normal,187500,2873,2.5,17,16,1,204,0,1,1
60,RL,65.0,9636,Pave,None,IR1,Lvl,AllPub,Corner,Gtl,Gilbert,Norm,Norm,1Fam,2Story,6,5,1992,1993,Gable,CompShg,VinylSd,VinylSd,None,0.0,3,3,PConc,Gd,TA,No,Unf,0,Unf,0,808,808,GasA,4,Y,SBrkr,808,785,0,1593,0,0,2,1,3,1,3,7,Typ,1,3,BuiltIn,1993.0,RFn,2,389,3,3,Y,342,40,0,0,0,0,0,MnPrv,None,0,12,2009,WD,Normal,178000,2401,2.5,17,16,1,382,0,1,1
75,RL,60.0,6204,Pave,None,Reg,Bnk,AllPub,Inside,Gtl,SWISU,Norm,Norm,1Fam,2.5Fin,4,5,1912,1950,Gable,CompShg,Wd Sdng,Wd Sdng,None,0.0,4,3,PConc,TA,Fa,No,Unf,0,Unf,0,795,795,GasA,3,N,SBrkr,954,795,481,2230,1,0,1,0,5,1,3,10,Typ,0,0,Detchd,1997.0,Unf,1,440,3,4,Y,0,188,0,0,0,0,0,None,None,0,3,2006,WD,Normal,118500,2544,2.0,94,56,1,188,0,1,0
20,RL,65.0,7150,Pave,None,Reg,Lvl,AllPub,Inside,Gtl,NAmes,Norm,Norm,1Fam,1Story,5,5,1967,1967,Gable,CompShg,HdBoard,HdBoard,BrkFace,60.0,3,3,CBlock,TA,TA,No,BLQ,432,Unf,0,460,892,GasA,3,Y,SBrkr,892,0,0,892,0,0,1,0,3,1,3,5,Typ,0,0,Attchd,1967.0,RFn,1,288,3,3,Y,0,0,0,0,0,0,0,GdWo,None,0,7,2009,WD,Normal,100000,1784,1.0,42,42,0,0,0,1,0
120,FV,50.0,5119,Pave,None,IR1,Lvl,AllPub,CulDSac,Gtl,Somerst,Norm,Norm,TwnhsE,1Story,9,5,1999,2000,Gable,CompShg,MetalSd,MetalSd,BrkFace,60.0,4,3,PConc,Ex,TA,Av,GLQ,1238,Unf,0,460,1698,GasA,5,Y,SBrkr,1709,0,0,1709,1,0,2,0,2,1,4,5,Typ,1,3,Attchd,1999.0,Fin,2,506,3,3,Y,97,65,0,0,0,0,0,None,None,0,1,2008,CWD,Abnorml,328900,3407,3.0,9,8,1,162,0,1,1
90,RL,70.0,8393,Pave,None,Reg,Lvl,AllPub,Corner,Gtl,NAmes,Norm,Norm,Duplex,1Story,5,5,1959,2005,Gable,CompShg,MetalSd,MetalSd,BrkFace,122.0,3,3,CBlock,TA,TA,No,LwQ,528,Unf,0,1098,1626,GasA,5,Y,SBrkr,1712,0,0,1712,0,0,2,0,4,2,3,8,Typ,0,0,Attchd,2005.0,Fin,2,588,3,3,Y,272,54,0,0,0,0,0,None,None,0,6,2006,WD,Family,145000,3338,2.0,47,1,1,326,0,1,0
50,RL,59.0,16466,Pave,None,IR1,Lvl,AllPub,Inside,Gtl,Edwards,Norm,Norm,1Fam,1.5Fin,5,7,1955,1955,Gable,CompShg,MetalSd,MetalSd,None,0.0,3,4,PConc,TA,TA,No,Unf,0,Unf,0,816,816,GasA,3,Y,SBrkr,872,521,0,1393,0,0,1,1,3,1,3,8,Typ,0,0,Attchd,1955.0,Unf,1,300,3,3,Y,121,0,0,0,265,0,0,None,None,0,4,2008,WD,Normal,135500,2209,1.5,53,53,0,386,0,1,0
20,RL,95.0,15865,Pave,None,IR1,Lvl,AllPub,Inside,Mod,NAmes,Norm,Norm,1Fam,1Story,8,6,1970,1970,Flat,Tar&Grv,Wd Sdng,Wd Sdng,None,0.0,4,4,PConc,TA,Gd,Gd,ALQ,351,Rec,823,1043,2217,GasA,5,Y,SBrkr,2217,0,0,2217,1,0,2,0,4,1,4,8,Typ,1,3,Attchd,1970.0,Unf,2,621,3,3,Y,81,207,0,0,224,0,0,None,None,0,10,2007,WD,Normal,268000,4434,3.0,37,37,0,512,0,1,1
20,RL,128.0,12160,Pave,None,Reg,Lvl,AllPub,Inside,Gtl,NAmes,Feedr,Norm,1Fam,1Story,6,4,1953,1953,Hip,CompShg,Wd Sdng,Wd Sdng,BrkFace,90.0,3,3,CBlock,TA,TA,No,BLQ,1024,Unf,0,481,1505,GasA,5,Y,SBrkr,1505,0,0,1505,1,0,1,0,2,1,3,6,Typ,1,3,Attchd,1953.0,RFn,2,505,3,3,Y,0,0,0,162,0,0,0,None,None,0,2,2009,WD,Normal,149500,3010,2.0,56,56,0,162,0,1,1
50,RL,60.0,8064,Pave,None,Reg,Lvl,AllPub,Corner,Gtl,NAmes,Artery,Norm,1Fam,1.5Fin,5,7,1949,2006,Gable,CompShg,MetalSd,MetalSd,None,0.0,3,4,CBlock,TA,TA,Mn,Unf,0,Unf,0,672,672,GasA,5,Y,SBrkr,672,252,0,924,0,0,1,0,3,1,3,6,Typ,1,1,Detchd,2003.0,Unf,2,576,3,3,Y,0,0,0,0,0,0,0,MnPrv,Shed,2000,7,2007,WD,Normal,122900,1596,1.0,58,1,1,0,0,1,1
60,RL,70.0,11184,Pave,None,Reg,Lvl,AllPub,Inside,Gtl,Sawyer,Norm,Norm,1Fam,2Story,6,5,1978,1978,Hip,CompShg,HdBoard,HdBoard,BrkFace,92.0,3,3,CBlock,TA,TA,No,LwQ,226,Rec,500,192,918,GasA,4,Y,SBrkr,918,765,0,1683,0,0,2,1,3,1,3,7,Typ,1,3,Attchd,1978.0,RFn,2,440,3,3,Y,243,0,0,0,0,0,0,None,None,0,7,2009,WD,Normal,172500,2601,2.5,31,31,0,243,0,1,1
20,RL,70.0,8414,Pave,None,Reg,Lvl,AllPub,Inside,Gtl,Sawyer,Norm,Norm,1Fam,1Story,6,8,1963,2003,Hip,CompShg,HdBoard,HdBoard,None,0.0,3,3,CBlock,TA,TA,No,GLQ,663,Unf,0,396,1059,GasA,3,Y,SBrkr,1068,0,0,1068,0,1,1,0,3,1,3,6,Typ,0,0,Attchd,1963.0,RFn,1,264,3,3,Y,192,0,0,0,0,0,0,MnPrv,None,0,2,2006,WD,Normal,154500,2127,1.5,43,3,1,192,0,1,0
20,RL,71.0,13284,Pave,None,Reg,Lvl,AllPub,Inside,Gtl,Sawyer,PosN,Norm,1Fam,1Story,5,5,1954,1954,Gable,CompShg,Wd Sdng,Plywood,None,0.0,3,3,PConc,Gd,TA,Mn,BLQ,1064,Unf,0,319,1383,GasA,3,Y,SBrkr,1383,0,0,1383,1,0,1,0,3,1,3,6,Typ,1,4,Attchd,1954.0,Unf,1,354,3,3,Y,511,116,0,0,0,0,0,GdPrv,None,0,6,2008,WD,Normal,165000,2766,2.0,54,54,0,627,0,1,1
90,RL,64.0,7018,Pave,None,Reg,Bnk,AllPub,Inside,Gtl,SawyerW,Norm,Norm,Duplex,1Story,5,5,1979,1979,Gable,CompShg,Plywood,Plywood,None,0.0,3,3,Slab,None,None,None,None,0,None,0,0,0,GasA,3,Y,SBrkr,1535,0,0,1535,0,0,2,0,4,2,3,8,Typ,0,0,Attchd,1979.0,Unf,2,400,3,3,Y,0,0,0,0,0,0,0,None,None,0,6,2009,WD,Alloca,118858,1535,2.0,30,30,0,0,0,1,0
60,RL,71.0,7056,Pave,None,Reg,Lvl,AllPub,Inside,Gtl,NAmes,Norm,Norm,1Fam,2Story,6,5,1963,1963,Hip,CompShg,HdBoard,HdBoard,BrkFace,415.0,3,3,CBlock,TA,TA,No,BLQ,400,Unf,0,380,780,GasA,3,Y,SBrkr,983,813,0,1796,1,0,1,1,4,1,3,8,Typ,1,3,Attchd,1963.0,RFn,2,483,3,3,Y,0,50,0,0,0,0,0,None,None,0,10,2008,WD,Normal,140000,2576,2.5,45,45,0,50,0,1,1
30,RM,50.0,8765,Pave,Grvl,Reg,Lvl,AllPub,Inside,Gtl,IDOTRR,Norm,Norm,1Fam,1Story,4,6,1936,1950,Gable,CompShg,Wd Sdng,Wd Sdng,None,0.0,3,3,BrkTil,TA,TA,No,ALQ,285,Unf,0,666,951,GasA,5,N,SBrkr,951,0,0,951,0,0,1,0,2,1,3,6,Typ,0,0,Detchd,1936.0,Unf,1,327,3,3,Y,0,28,0,0,0,0,0,None,None,0,4,2006,WD,Abnorml,106500,1902,1.0,70,56,1,28,0,1,0
90,RL,64.0,7018,Pave,None,Reg,Lvl,AllPub,Inside,Gtl,SawyerW,Feedr,Norm,Duplex,2Story,5,5,1979,1979,Gable,CompShg,Plywood,Plywood,None,0.0,3,3,Slab,None,None,None,None,0,None,0,0,0,GasA,3,Y,SBrkr,1120,1120,0,2240,0,0,2,0,6,2,3,12,Typ,0,0,Detchd,1979.0,Unf,2,528,3,3,Y,154,0,0,0,0,0,0,None,None,0,6,2009,WD,Alloca,142953,2240,2.0,30,30,0,154,0,1,0
20,RL,100.0,12919,Pave,None,IR1,Lvl,AllPub,Inside,Gtl,NridgHt,Norm,Norm,1Fam,1Story,9,5,2009,2010,Hip,CompShg,VinylSd,VinylSd,Stone,760.0,5,3,PConc,Ex,TA,Gd,GLQ,2188,Unf,0,142,2330,GasA,5,Y,SBrkr,2364,0,0,2364,1,0,2,1,2,1,5,11,Typ,2,4,Attchd,2009.0,Fin,3,820,3,3,Y,0,67,0,0,0,0,0,None,None,0,3,2010,New,Partial,611657,4694,3.5,1,0,1,67,0,1,1
20,RL,65.0,6993,Pave,None,Reg,Lvl,AllPub,Inside,Gtl,Sawyer,Feedr,Norm,1Fam,1Story,5,7,1961,1994,Gable,CompShg,HdBoard,Plywood,None,0.0,3,3,CBlock,TA,TA,No,BLQ,465,Unf,0,447,912,GasA,3,Y,SBrkr,1236,0,0,1236,0,0,1,0,3,1,3,6,Typ,1,3,Attchd,1961.0,Unf,1,288,3,3,Y,0,0,0,0,0,0,0,None,None,0,6,2006,WD,Normal,135000,2148,1.0,45,12,1,0,0,1,1
20,RL,73.0,7340,Pave,None,IR1,Lvl,AllPub,Inside,Gtl,NAmes,Norm,Norm,1Fam,1Story,4,6,1971,1971,Gable,CompShg,HdBoard,HdBoard,None,0.0,3,3,CBlock,TA,TA,No,ALQ,322,Unf,0,536,858,GasA,3,Y,SBrkr,858,0,0,858,0,0,1,0,2,1,3,4,Typ,0,0,Detchd,1979.0,Unf,1,684,3,3,Y,0,0,0,0,0,0,0,None,None,0,6,2007,WD,Normal,110000,1716,1.0,36,36,0,0,0,1,0
20,RL,64.0,8712,Pave,None,IR1,Lvl,AllPub,Inside,Gtl,NAmes,Norm,Norm,1Fam,1Story,5,7,1957,2000,Hip,CompShg,MetalSd,MetalSd,None,0.0,3,4,CBlock,TA,TA,Mn,BLQ,860,Unf,0,132,992,GasA,3,Y,SBrkr,1306,0,0,1306,1,0,1,0,2,1,3,5,Typ,0,0,Detchd,1968.0,Unf,1,756,3,3,Y,0,0,0,0,0,0,0,None,None,0,5,2009,WD,Normal,153000,2298,2.0,52,9,1,0,0,1,0
60,RL,63.0,7875,Pave,None,Reg,Lvl,AllPub,Inside,Gtl,Gilbert,Norm,Norm,1Fam,2Story,7,5,2003,2003,Gable,CompShg,VinylSd,VinylSd,None,0.0,4,3,PConc,Gd,TA,No,Unf,0,Unf,0,783,783,GasA,5,Y,SBrkr,807,702,0,1509,0,0,2,1,3,1,4,8,Typ,1,4,Attchd,2003.0,Fin,2,393,3,3,Y,0,75,0,0,0,0,0,None,None,0,7,2006,WD,Normal,180000,2292,2.5,3,3,0,75,0,1,1
20,RL,50.0,14859,Pave,None,IR1,HLS,AllPub,CulDSac,Gtl,Gilbert,Norm,Norm,1Fam,1Story,7,5,2006,2006,Hip,CompShg,VinylSd,VinylSd,BrkFace,27.0,4,3,PConc,Gd,TA,No,Unf,0,Unf,0,1670,1670,GasA,5,Y,SBrkr,1670,0,0,1670,0,0,2,0,3,1,4,7,Typ,1,4,Attchd,2006.0,RFn,3,690,3,3,Y,144,60,0,0,0,0,0,None,None,0,8,2006,New,Partial,240000,3340,2.0,0,0,0,204,0,1,1
20,RL,71.0,6173,Pave,None,IR1,Lvl,AllPub,Inside,Gtl,Sawyer,Norm,Norm,1Fam,1Story,5,6,1967,1967,Gable,CompShg,HdBoard,Wd Sdng,BrkFace,75.0,3,3,CBlock,TA,TA,No,GLQ,599,Unf,0,277,876,GasA,3,Y,SBrkr,902,0,0,902,0,0,1,0,3,1,3,6,Typ,0,0,Attchd,1967.0,Unf,1,288,3,3,Y,0,0,0,0,0,0,0,MnPrv,None,0,8,2007,WD,Normal,125500,1778,1.0,40,40,0,0,0,1,0
20,RL,80.0,9920,Pave,None,Reg,Lvl,AllPub,Inside,Gtl,NAmes,Norm,Norm,1Fam,1Story,5,5,1954,1954,Gable,CompShg,HdBoard,HdBoard,Stone,110.0,3,3,CBlock,TA,TA,No,Rec,354,LwQ,290,412,1056,GasA,3,Y,SBrkr,1063,0,0,1063,1,0,1,0,3,1,3,6,Typ,0,0,Attchd,1954.0,RFn,1,280,3,3,Y,0,0,164,0,0,0,0,MnPrv,None,0,2,2010,WD,Normal,128000,2119,2.0,56,56,0,164,0,1,0
20,RL,116.0,13501,Pave,None,IR1,Lvl,AllPub,Corner,Gtl,Somerst,Norm,Norm,1Fam,1Story,8,5,2006,2006,Gable,CompShg,VinylSd,VinylSd,Stone,208.0,4,3,PConc,Gd,TA,No,GLQ,63,Unf,0,1560,1623,GasA,5,Y,SBrkr,1636,0,0,1636,1,0,2,0,3,1,4,8,Typ,1,4,Attchd,2006.0,RFn,3,865,3,3,Y,0,60,0,0,0,0,0,None,None,0,6,2007,WD,Normal,255000,3259,3.0,1,1,0,60,0,1,1
50,RL,86.0,11500,Pave,None,IR1,Lvl,AllPub,Inside,Gtl,Crawfor,Norm,Norm,1Fam,1.5Fin,7,7,1936,1987,Gable,CompShg,BrkFace,BrkFace,None,0.0,4,3,CBlock,Gd,TA,No,Rec,223,Unf,0,794,1017,GasA,4,Y,SBrkr,1020,1037,0,2057,0,0,1,1,3,1,4,6,Typ,1,4,Attchd,1936.0,Fin,1,180,2,3,Y,0,0,0,0,322,0,0,None,None,0,6,2006,WD,Normal,250000,3074,1.5,70,19,1,322,0,1,1
20,RL,73.0,8885,Pave,None,IR1,Low,AllPub,Inside,Mod,Mitchel,Norm,Norm,1Fam,1Story,5,5,1983,1983,Gable,CompShg,HdBoard,HdBoard,None,0.0,3,3,CBlock,Gd,TA,Av,BLQ,301,ALQ,324,239,864,GasA,3,Y,SBrkr,902,0,0,902,1,0,1,0,2,1,3,5,Typ,0,0,Attchd,1983.0,Unf,2,484,3,3,Y,164,0,0,0,0,0,0,MnPrv,None,0,6,2006,WD,Normal,131000,1766,2.0,23,23,0,164,0,1,0
60,RL,149.0,12589,Pave,None,IR2,Lvl,AllPub,Inside,Gtl,Gilbert,Norm,Norm,1Fam,2Story,6,5,2005,2005,Gable,CompShg,VinylSd,VinylSd,None,0.0,4,3,PConc,Gd,TA,No,Unf,0,Unf,0,742,742,GasA,5,Y,SBrkr,742,742,0,1484,0,0,2,1,3,1,4,8,Typ,1,4,Attchd,2005.0,Fin,2,390,3,3,Y,36,24,0,0,0,0,0,None,None,0,6,2009,WD,Normal,174000,2226,2.5,4,4,0,60,0,1,1
90,RL,80.0,11600,Pave,None,Reg,Lvl,AllPub,Corner,Gtl,NAmes,Feedr,Norm,Duplex,2Story,5,5,1960,1960,Gable,CompShg,MetalSd,MetalSd,BrkFace,361.0,3,3,CBlock,TA,TA,No,Rec,443,Unf,0,662,1105,GasA,3,Y,FuseA,1105,1169,0,2274,0,0,2,0,5,2,3,12,Typ,0,0,Detchd,1960.0,Unf,2,480,3,3,Y,0,0,0,0,0,0,0,None,None,0,1,2010,WD,Normal,154300,3379,2.0,50,50,0,0,0,1,0
20,RL,70.0,9286,Pave,None,IR1,Lvl,AllPub,CulDSac,Mod,CollgCr,Norm,Norm,1Fam,1Story,5,7,1977,1989,Gable,CompShg,HdBoard,Plywood,None,0.0,3,3,CBlock,Gd,Gd,Av,ALQ,196,Unf,0,1072,1268,GasA,3,Y,SBrkr,1268,0,0,1268,0,0,1,1,3,1,4,5,Typ,0,0,Detchd,1978.0,Unf,1,252,3,3,Y,173,0,0,0,0,0,0,None,None,0,10,2009,WD,Normal,143500,2536,1.5,32,20,1,173,0,1,0
30,RM,51.0,6120,Pave,None,Reg,Lvl,AllPub,Inside,Gtl,BrkSide,Norm,Norm,1Fam,1Story,5,7,1925,1950,Gable,CompShg,MetalSd,MetalSd,None,0.0,3,3,BrkTil,TA,TA,No,Rec,489,Unf,0,279,768,GasA,3,N,SBrkr,1015,0,0,1015,0,0,1,0,3,1,3,6,Min1,0,0,Detchd,1925.0,Unf,1,450,3,3,Y,0,0,112,0,120,0,0,MnPrv,Shed,620,7,2006,WD,Abnorml,88000,1783,1.0,81,56,1,232,0,1,0
90,RH,82.0,6270,Pave,None,Reg,HLS,AllPub,Inside,Gtl,Crawfor,Norm,Norm,Duplex,2Story,5,6,1949,1950,Gable,CompShg,MetalSd,MetalSd,None,0.0,3,3,CBlock,TA,TA,No,BLQ,284,Unf,0,717,1001,GasA,3,N,FuseA,1001,1001,0,2002,0,0,2,0,4,2,3,8,Typ,0,0,2Types,1949.0,Unf,3,871,3,3,Y,0,0,0,0,0,0,0,None,None,0,8,2007,WD,Normal,145000,3003,2.0,58,57,1,0,0,1,0
160,FV,30.0,3000,Pave,Pave,Reg,Lvl,AllPub,Inside,Gtl,Somerst,Norm,Norm,TwnhsE,2Story,6,5,2009,2009,Gable,CompShg,VinylSd,VinylSd,Stone,76.0,4,3,PConc,Gd,TA,Av,GLQ,294,Unf,0,318,612,GasA,5,Y,SBrkr,612,612,0,1224,0,0,2,1,2,1,4,4,Typ,0,0,Detchd,2009.0,RFn,2,528,3,3,Y,0,234,0,0,0,0,0,None,None,0,6,2009,New,Partial,173733,1836,2.5,0,0,0,234,0,1,0
160,RM,21.0,2001,Pave,None,Reg,Lvl,AllPub,Inside,Gtl,MeadowV,Norm,Norm,Twnhs,2Story,4,5,1970,1970,Gable,CompShg,CemntBd,CmentBd,BrkFace,80.0,3,3,CBlock,TA,TA,No,Unf,0,Unf,0,546,546,GasA,2,Y,SBrkr,546,546,0,1092,0,0,1,1,3,1,3,6,Typ,0,0,Attchd,1970.0,Unf,1,286,3,3,Y,0,0,0,0,0,0,0,None,None,0,1,2007,WD,Normal,75000,1638,1.5,37,37,0,0,0,1,0
20,C (all),50.0,9000,Pave,None,Reg,Lvl,AllPub,Inside,Gtl,IDOTRR,Norm,Norm,1Fam,1Story,2,3,1949,1950,Gable,CompShg,AsbShng,AsbShng,None,0.0,3,3,CBlock,TA,TA,Av,BLQ,50,Unf,0,430,480,GasA,3,N,FuseA,480,0,0,480,1,0,0,0,1,1,3,4,Typ,0,0,Detchd,1958.0,Unf,1,308,3,3,Y,0,0,0,0,0,0,0,None,None,0,10,2006,WD,Abnorml,35311,960,1.0,57,56,1,0,0,1,0
20,RL,65.5,17140,Pave,None,Reg,Lvl,AllPub,Inside,Gtl,Edwards,Norm,Norm,1Fam,1Story,4,6,1956,1956,Gable,CompShg,VinylSd,VinylSd,None,0.0,3,3,CBlock,TA,TA,No,ALQ,1059,Unf,0,75,1134,GasA,5,Y,FuseA,1229,0,0,1229,0,0,1,0,3,1,3,6,Typ,0,0,Attchd,1956.0,RFn,1,284,3,3,Y,0,0,0,0,0,0,0,None,None,0,4,2009,WD,Normal,135000,2363,1.0,53,53,0,0,0,1,0
60,RL,103.0,13125,Pave,None,IR1,Lvl,AllPub,Corner,Gtl,SawyerW,Norm,Norm,1Fam,2Story,7,5,1991,1991,Gable,CompShg,HdBoard,HdBoard,None,0.0,4,3,PConc,Ex,TA,Mn,BLQ,48,GLQ,634,422,1104,GasA,5,Y,SBrkr,912,1215,0,2127,1,0,2,1,4,1,4,8,Typ,1,3,Attchd,1991.0,RFn,3,833,3,3,Y,72,192,224,0,0,0,0,GdPrv,None,0,11,2007,WD,Normal,238000,3231,3.5,16,16,0,488,0,1,1
20,RL,87.0,11029,Pave,None,IR1,Lvl,AllPub,Corner,Gtl,NAmes,Norm,Norm,1Fam,1Story,6,8,1958,2002,Hip,CompShg,MetalSd,MetalSd,None,0.0,5,3,CBlock,Gd,TA,No,ALQ,528,BLQ,411,245,1184,GasA,5,Y,SBrkr,1414,0,0,1414,1,0,1,0,3,1,3,6,Min1,1,3,Attchd,1990.0,Unf,2,601,3,3,Y,0,51,0,0,190,0,0,None,None,0,5,2008,WD,Normal,176500,2598,2.0,50,6,1,241,0,1,1
60,RL,70.0,8462,Pave,None,IR1,Lvl,AllPub,Inside,Gtl,SawyerW,Norm,Norm,1Fam,2Story,6,5,1994,1994,Gable,CompShg,HdBoard,HdBoard,BrkFace,105.0,4,4,PConc,Gd,Gd,No,GLQ,814,Unf,0,114,928,GasA,5,Y,SBrkr,936,785,0,1721,0,1,2,1,3,1,4,7,Typ,0,0,Attchd,1994.0,RFn,2,471,3,3,Y,300,87,0,0,0,0,0,None,None,0,7,2007,WD,Normal,201000,2649,3.0,13,13,0,387,0,1,0
90,RL,67.0,8777,Pave,None,Reg,Lvl,AllPub,Inside,Gtl,Edwards,Feedr,Norm,Duplex,1.5Fin,5,7,1900,2003,Gable,CompShg,MetalSd,MetalSd,None,0.0,3,3,CBlock,TA,TA,No,ALQ,1084,Unf,0,188,1272,GasA,4,Y,SBrkr,1272,928,0,2200,2,0,2,2,4,2,3,9,Typ,0,0,None,0.0,None,0,0,0,0,N,0,70,0,0,0,0,0,GdPrv,None,0,9,2008,WD,Normal,145900,3472,5.0,108,5,1,70,0,0,0
20,RL,65.0,10237,Pave,None,Reg,Lvl,AllPub,Inside,Gtl,Gilbert,RRAn,Norm,1Fam,1Story,6,5,2005,2006,Gable,CompShg,VinylSd,VinylSd,None,0.0,4,3,PConc,Gd,TA,No,GLQ,28,Unf,0,1288,1316,GasA,5,Y,SBrkr,1316,0,0,1316,0,0,2,0,3,1,4,6,Typ,1,4,Attchd,2005.0,Fin,2,397,3,3,Y,100,0,0,23,0,0,0,None,None,0,10,2006,New,Partial,169990,2632,2.0,1,0,1,123,0,1,1
120,RL,50.0,8012,Pave,None,Reg,Lvl,AllPub,Inside,Gtl,SawyerW,Norm,Norm,TwnhsE,1Story,6,5,1993,1994,Gable,CompShg,Plywood,Plywood,None,0.0,4,3,PConc,Gd,TA,No,LwQ,165,GLQ,841,598,1604,GasA,5,Y,SBrkr,1617,0,0,1617,1,0,2,0,2,1,4,5,Typ,1,2,Attchd,1993.0,RFn,2,533,3,3,Y,0,69,0,0,0,0,0,None,None,0,7,2008,WD,Normal,193000,3221,3.0,15,14,1,69,0,1,1
20,RL,79.0,10240,Pave,None,Reg,Lvl,AllPub,Inside,Gtl,NWAmes,Norm,Norm,1Fam,1Story,6,6,1980,1980,Gable,CompShg,Plywood,Plywood,BrkFace,157.0,3,4,CBlock,Gd,TA,No,BLQ,625,LwQ,1061,0,1686,GasA,3,Y,SBrkr,1686,0,0,1686,1,0,2,0,3,1,3,7,Typ,1,3,Attchd,1980.0,Unf,2,612,3,3,Y,384,131,0,0,0,0,0,None,None,0,5,2006,WD,Normal,207500,3372,3.0,26,26,0,515,0,1,1
20,RL,80.0,15611,Pave,None,IR1,Lvl,AllPub,Corner,Gtl,NWAmes,Norm,Norm,1Fam,1Story,5,6,1977,1977,Gable,CompShg,VinylSd,VinylSd,None,0.0,3,3,PConc,Gd,TA,Av,ALQ,767,LwQ,93,266,1126,GasA,3,Y,SBrkr,1126,0,0,1126,0,1,2,0,3,1,5,6,Typ,0,0,Attchd,1977.0,RFn,2,540,3,3,Y,180,0,0,0,0,0,0,None,None,0,3,2008,WD,Abnorml,175000,2252,2.5,31,31,0,180,0,1,0
60,RL,93.0,11999,Pave,None,Reg,Lvl,AllPub,Inside,Gtl,NridgHt,Norm,Norm,1Fam,2Story,8,5,2003,2004,Hip,CompShg,VinylSd,VinylSd,BrkFace,340.0,4,3,PConc,Gd,TA,No,Unf,0,Unf,0,1181,1181,GasA,5,Y,SBrkr,1234,1140,0,2374,0,0,2,1,4,1,5,10,Typ,1,4,BuiltIn,2003.0,Fin,3,656,3,3,Y,104,100,0,0,0,0,0,None,None,0,5,2007,WD,Normal,285000,3555,2.5,4,3,1,204,0,1,1
60,RL,80.0,9900,Pave,None,Reg,Lvl,AllPub,Inside,Gtl,NWAmes,Feedr,Norm,1Fam,2Story,7,5,1968,1968,Gable,CompShg,MetalSd,MetalSd,BrkFace,342.0,3,3,CBlock,TA,TA,No,BLQ,552,Unf,0,280,832,GasA,4,Y,SBrkr,1098,880,0,1978,0,0,2,1,4,1,3,9,Typ,1,4,Attchd,1968.0,RFn,2,486,3,3,Y,0,43,0,0,0,0,0,GdPrv,None,0,4,2008,WD,Normal,176000,2810,2.5,40,40,0,43,0,1,1
20,RL,70.0,11838,Pave,None,Reg,Lvl,AllPub,Inside,Gtl,CollgCr,Norm,Norm,1Fam,1Story,8,5,2001,2001,Hip,CompShg,VinylSd,VinylSd,None,0.0,4,3,PConc,Gd,TA,Av,Unf,0,Unf,0,1753,1753,GasA,5,Y,SBrkr,1788,0,0,1788,0,0,2,0,3,1,5,7,Typ,1,3,Attchd,2001.0,RFn,2,522,3,3,Y,202,151,0,0,0,0,0,None,None,0,6,2009,WD,Normal,236500,3541,2.0,8,8,0,353,0,1,1
60,RL,65.0,13006,Pave,None,IR1,Lvl,AllPub,Corner,Gtl,Gilbert,Norm,Norm,1Fam,2Story,7,5,1997,1997,Gable,CompShg,HdBoard,HdBoard,BrkFace,285.0,3,3,PConc,Gd,TA,No,Unf,0,Unf,0,964,964,GasA,4,Y,SBrkr,993,1243,0,2236,0,0,2,1,4,1,4,8,Typ,1,3,BuiltIn,1997.0,Fin,2,642,3,3,Y,0,0,0,0,0,0,0,None,None,0,11,2006,WD,Normal,222000,3200,2.5,9,9,0,0,0,1,1
20,RL,73.0,8925,Pave,None,IR1,HLS,AllPub,Inside,Gtl,Timber,Norm,Norm,1Fam,1Story,8,5,2007,2007,Gable,CompShg,VinylSd,VinylSd,None,0.0,4,3,PConc,Gd,TA,Av,GLQ,16,Unf,0,1450,1466,GasA,5,Y,SBrkr,1466,0,0,1466,0,0,2,0,3,1,4,7,Typ,0,0,Attchd,2007.0,Fin,3,610,3,3,Y,100,18,0,0,0,0,0,None,None,0,7,2009,WD,Normal,201000,2932,2.0,2,2,0,118,0,1,0
20,RL,70.0,9100,Pave,None,Reg,Lvl,AllPub,Inside,Gtl,NAmes,Norm,Norm,1Fam,1Story,5,6,1965,1965,Gable,CompShg,VinylSd,VinylSd,None,0.0,3,3,CBlock,TA,TA,No,BLQ,338,Rec,466,121,925,GasA,5,Y,SBrkr,925,0,0,925,0,1,1,0,2,1,3,5,Typ,0,0,Detchd,1965.0,Unf,1,429,3,3,Y,0,0,0,0,0,0,0,GdWo,None,0,7,2009,WD,Normal,117500,1850,1.5,44,44,0,0,0,1,0
20,RL,84.0,11670,Pave,None,IR1,Lvl,AllPub,Corner,Gtl,Somerst,RRNn,Norm,1Fam,1Story,9,5,2006,2006,Hip,CompShg,VinylSd,ImStucc,Stone,302.0,5,3,PConc,Ex,Gd,No,Unf,0,Unf,0,1905,1905,GasA,5,Y,SBrkr,1905,0,0,1905,0,0,2,0,3,1,5,8,Typ,1,4,Attchd,2006.0,Fin,3,788,3,3,Y,0,191,0,0,0,0,0,None,None,0,3,2007,WD,Normal,320000,3810,2.0,1,1,0,191,0,1,1
20,RL,63.0,8487,Pave,None,Reg,Lvl,AllPub,FR2,Gtl,CollgCr,Norm,Norm,1Fam,1Story,7,5,2004,2004,Gable,CompShg,VinylSd,VinylSd,BrkFace,210.0,4,3,PConc,Gd,TA,Av,GLQ,20,Unf,0,1480,1500,GasA,5,Y,SBrkr,1500,0,0,1500,0,0,2,0,3,1,4,6,Typ,0,0,Attchd,2004.0,RFn,2,570,3,3,Y,192,36,0,0,0,0,0,None,None,0,8,2009,WD,Normal,190000,3000,2.0,5,5,0,228,0,1,0
20,RL,313.0,27650,Pave,None,IR2,HLS,AllPub,Inside,Mod,NAmes,PosA,Norm,1Fam,1Story,7,7,1960,2007,Flat,Tar&Grv,Wd Sdng,Wd Sdng,None,0.0,3,3,CBlock,Gd,TA,Gd,GLQ,425,Unf,0,160,585,GasA,5,Y,SBrkr,2069,0,0,2069,1,0,2,0,4,1,4,9,Typ,1,4,Attchd,1960.0,RFn,2,505,3,3,Y,0,0,0,0,0,0,0,None,None,0,11,2008,WD,Normal,242000,2654,3.0,48,1,1,0,0,1,1
30,RL,52.0,5825,Pave,None,IR1,Lvl,AllPub,Inside,Gtl,BrkSide,Norm,Norm,1Fam,1Story,4,5,1926,1953,Gable,CompShg,MetalSd,MetalSd,BrkFace,108.0,3,4,PConc,Fa,TA,Mn,Unf,0,Unf,0,600,600,GasA,4,Y,SBrkr,747,0,0,747,0,0,1,0,1,1,3,5,Typ,0,0,Detchd,1953.0,Unf,2,528,3,3,Y,0,0,32,0,0,0,0,None,None,0,6,2006,WD,Normal,79900,1347,1.0,80,53,1,32,0,1,0
20,RL,67.0,10083,Pave,None,Reg,Lvl,AllPub,Inside,Gtl,SawyerW,Norm,Norm,1Fam,1Story,7,5,2003,2003,Gable,CompShg,VinylSd,VinylSd,None,0.0,4,3,PConc,Gd,TA,No,GLQ,833,Unf,0,343,1176,GasA,5,Y,SBrkr,1200,0,0,1200,1,0,2,0,2,1,4,5,Typ,0,0,Attchd,2003.0,RFn,2,555,3,3,Y,0,41,0,0,0,0,0,None,None,0,8,2009,WD,Normal,184900,2376,3.0,6,6,0,41,0,1,0
60,RL,75.0,9675,Pave,None,Reg,Lvl,AllPub,Inside,Gtl,Somerst,Norm,Norm,1Fam,2Story,7,5,2005,2005,Gable,CompShg,VinylSd,VinylSd,None,0.0,4,3,PConc,Gd,TA,Mn,GLQ,341,Unf,0,772,1113,GasA,5,Y,SBrkr,1113,858,0,1971,0,0,2,1,3,1,4,8,Typ,1,4,Attchd,2005.0,RFn,2,689,3,3,Y,0,48,0,0,0,0,0,None,None,0,2,2009,WD,Normal,253000,3084,2.5,4,4,0,48,0,1,1
60,RL,73.0,8760,Pave,None,Reg,Lvl,AllPub,Inside,Gtl,CollgCr,Norm,Norm,1Fam,2Story,7,5,2006,2006,Gable,CompShg,VinylSd,VinylSd,None,0.0,4,3,PConc,Gd,Gd,Mn,GLQ,464,Unf,0,927,1391,GasA,5,Y,SBrkr,1391,571,0,1962,0,0,2,1,3,1,4,7,Typ,0,0,Attchd,2006.0,RFn,3,868,3,3,Y,0,90,0,0,0,0,0,None,None,0,8,2006,New,Partial,239799,3353,2.5,0,0,0,90,0,1,0
70,RL,80.0,24090,Pave,None,Reg,Lvl,AllPub,Inside,Gtl,ClearCr,Norm,Norm,1Fam,2Story,7,7,1940,1950,Gable,CompShg,MetalSd,MetalSd,None,0.0,3,4,CBlock,TA,TA,Mn,Unf,0,Unf,0,1032,1032,GasA,5,Y,SBrkr,1207,1196,0,2403,0,0,2,0,4,1,3,10,Typ,2,3,Attchd,1940.0,Unf,1,349,3,3,Y,56,0,318,0,0,0,0,None,None,0,6,2010,COD,Normal,244400,3435,2.0,70,60,1,374,0,1,1
90,RL,55.0,12640,Pave,None,IR1,Lvl,AllPub,Inside,Gtl,Mitchel,Norm,Norm,Duplex,1Story,6,5,1976,1976,Gable,CompShg,Plywood,Plywood,None,0.0,3,3,CBlock,TA,TA,Gd,Rec,936,LwQ,396,396,1728,GasA,3,Y,SBrkr,1728,0,0,1728,0,0,2,0,4,2,3,8,Typ,0,0,Attchd,1976.0,Unf,2,574,3,3,Y,40,0,0,0,0,0,0,None,None,0,7,2006,WD,Normal,150900,3456,2.0,30,30,0,40,0,1,0
60,RL,65.0,8755,Pave,None,IR1,Lvl,AllPub,FR2,Gtl,Gilbert,RRNn,Norm,1Fam,2Story,7,5,1999,1999,Gable,CompShg,VinylSd,VinylSd,BrkFace,298.0,4,3,PConc,Gd,TA,No,ALQ,772,Unf,0,220,992,GasA,5,Y,SBrkr,1022,1038,0,2060,1,0,2,1,3,1,4,8,Typ,1,3,BuiltIn,1999.0,RFn,2,390,3,3,Y,0,0,0,168,0,0,0,GdPrv,None,0,6,2009,WD,Normal,214000,3052,3.5,10,10,0,168,0,1,1
90,RL,42.0,7711,Pave,None,IR1,Lvl,AllPub,Inside,Gtl,Edwards,Norm,Norm,Duplex,1Story,4,3,1977,1977,Gable,CompShg,MetalSd,MetalSd,None,0.0,3,3,PConc,Gd,TA,Gd,GLQ,1440,Unf,0,0,1440,GasA,3,Y,SBrkr,1440,0,0,1440,2,0,2,0,4,2,3,8,Typ,0,0,None,0.0,None,0,0,0,0,N,321,0,0,0,0,0,0,None,None,0,8,2007,Oth,Abnorml,150000,2880,4.0,30,30,0,321,0,0,0
90,RL,100.0,25000,Pave,None,Reg,Low,AllPub,Inside,Gtl,Mitchel,Norm,Norm,Duplex,1Story,5,4,1967,1967,Gable,CompShg,HdBoard,Plywood,None,0.0,3,3,CBlock,TA,TA,Av,Unf,0,Unf,0,1632,1632,GasA,3,Y,SBrkr,1632,0,0,1632,0,0,2,0,4,2,3,8,Typ,0,0,Attchd,1967.0,Unf,2,576,3,3,P,0,0,0,0,0,0,0,None,None,0,6,2007,WD,Normal,143000,3264,2.0,40,40,0,0,0,1,0
20,RL,85.0,14375,Pave,None,IR1,Lvl,NoSeWa,CulDSac,Gtl,Timber,Norm,Norm,1Fam,SLvl,6,6,1958,1958,Gable,CompShg,HdBoard,HdBoard,BrkFace,541.0,3,3,CBlock,TA,TA,No,GLQ,111,Rec,354,354,819,GasA,4,Y,FuseA,1344,0,0,1344,0,1,1,0,3,1,4,7,Typ,1,4,Basment,1958.0,RFn,2,525,3,3,Y,0,118,0,0,233,0,0,None,None,0,1,2009,COD,Abnorml,137500,2163,1.5,51,51,0,351,0,1,1
50,RM,98.0,8820,Pave,None,Reg,Lvl,AllPub,Corner,Gtl,OldTown,Norm,Norm,1Fam,1.5Fin,5,6,1890,1996,Hip,CompShg,VinylSd,VinylSd,None,0.0,3,3,BrkTil,TA,TA,No,LwQ,1088,Unf,0,0,1088,GasA,3,Y,SBrkr,1188,561,120,1869,0,0,1,0,2,1,3,7,Typ,0,0,Detchd,1963.0,Unf,2,456,3,3,Y,48,0,244,0,0,0,0,MnWw,None,0,9,2009,WD,Normal,124900,2837,1.0,119,13,1,292,0,1,0
80,RL,70.0,8163,Pave,None,Reg,Lvl,AllPub,Inside,Gtl,NAmes,Norm,Norm,1Fam,SLvl,5,6,1959,1959,Gable,CompShg,HdBoard,HdBoard,BrkFace,128.0,3,4,CBlock,TA,TA,Av,ALQ,748,BLQ,294,102,1144,GasA,3,Y,SBrkr,1144,0,0,1144,1,0,1,0,3,1,3,6,Typ,1,3,Attchd,1959.0,RFn,1,796,3,3,Y,86,0,0,0,0,0,0,None,None,0,3,2006,WD,Normal,143000,2288,2.0,47,47,0,86,0,1,1
20,RL,85.0,14536,Pave,None,Reg,Lvl,AllPub,Inside,Gtl,Timber,Norm,Norm,1Fam,1Story,8,5,2002,2003,Hip,CompShg,VinylSd,VinylSd,BrkFace,236.0,4,3,PConc,Gd,TA,Av,GLQ,1300,Unf,0,316,1616,GasA,5,Y,SBrkr,1629,0,0,1629,1,0,2,0,3,1,4,9,Typ,1,4,Attchd,2002.0,Fin,3,808,3,3,Y,0,252,0,0,0,0,0,None,None,0,11,2007,WD,Normal,270000,3245,3.0,5,4,1,252,0,1,1
60,RL,65.0,14006,Pave,None,IR1,Lvl,AllPub,Inside,Gtl,CollgCr,Norm,Norm,1Fam,2Story,7,5,2002,2002,Gable,CompShg,VinylSd,VinylSd,BrkFace,144.0,4,3,PConc,Gd,TA,None,Unf,0,Unf,0,936,936,GasA,5,Y,SBrkr,936,840,0,1776,0,0,2,1,3,1,4,7,Typ,1,3,Attchd,2002.0,RFn,2,474,3,3,Y,144,96,0,0,0,0,0,None,None,0,2,2006,WD,Normal,192500,2712,2.5,4,4,0,240,0,1,1
20,RL,78.0,9360,Pave,None,Reg,Lvl,AllPub,Inside,Gtl,NWAmes,Norm,Norm,1Fam,1Story,6,7,1972,2006,Hip,CompShg,Plywood,Plywood,None,0.0,3,3,CBlock,TA,TA,No,ALQ,982,Unf,0,179,1161,GasA,3,Y,SBrkr,1381,0,0,1381,1,0,1,1,3,1,4,5,Typ,1,3,Attchd,1972.0,RFn,2,676,3,3,Y,0,0,0,0,0,0,0,None,None,0,3,2010,WD,Normal,197500,2542,2.5,38,4,1,0,0,1,1
20,RL,60.0,7200,Pave,None,Reg,Lvl,AllPub,Inside,Gtl,NAmes,Norm,Norm,1Fam,1Story,5,8,1950,2002,Gable,CompShg,VinylSd,VinylSd,None,0.0,3,3,CBlock,TA,TA,No,ALQ,398,BLQ,149,317,864,GasA,4,Y,SBrkr,864,0,0,864,1,0,1,0,3,1,4,5,Typ,0,0,Detchd,1980.0,RFn,2,720,3,3,Y,194,0,0,0,0,0,0,None,None,0,7,2007,WD,Normal,129000,1728,2.0,57,5,1,194,0,1,0
20,RH,60.0,7800,Pave,None,Reg,Lvl,AllPub,Corner,Gtl,SawyerW,Norm,Norm,1Fam,1Story,5,5,1965,1965,Gable,CompShg,VinylSd,VinylSd,None,0.0,3,3,CBlock,TA,TA,No,BLQ,641,Unf,0,187,828,GasA,4,Y,SBrkr,965,0,0,965,1,0,1,0,3,1,3,6,Typ,0,0,Detchd,1979.0,Unf,1,300,3,3,Y,421,0,0,0,0,0,0,MnPrv,None,0,7,2006,WD,Abnorml,119900,1793,2.0,41,41,0,421,0,1,0
85,RL,60.0,7200,Pave,None,Reg,Lvl,AllPub,Inside,Gtl,CollgCr,Norm,Norm,1Fam,SFoyer,5,8,1972,2003,Gable,CompShg,WdShing,HdBoard,None,0.0,3,4,CBlock,Gd,TA,Av,GLQ,660,Unf,0,108,768,GasA,4,Y,SBrkr,768,0,0,768,0,1,1,0,2,1,3,5,Typ,0,0,Detchd,1974.0,Fin,1,396,3,3,Y,192,0,0,0,0,0,0,MnPrv,None,0,4,2009,WD,Normal,133900,1536,1.5,37,6,1,192,0,1,0
60,RL,73.0,11075,Pave,None,IR1,Lvl,AllPub,Inside,Mod,Mitchel,Norm,Norm,1Fam,2Story,5,4,1969,1969,Gable,CompShg,HdBoard,HdBoard,BrkFace,232.0,3,3,CBlock,TA,TA,Av,ALQ,562,LwQ,193,29,784,GasA,5,Y,SBrkr,1168,800,0,1968,0,1,2,1,4,1,3,7,Min2,1,1,Attchd,1969.0,RFn,2,530,3,3,Y,305,189,0,0,0,0,0,MnPrv,Shed,400,9,2008,WD,Normal,172000,2752,3.0,39,39,0,494,0,1,1
90,RL,35.0,9400,Pave,None,IR1,Lvl,AllPub,CulDSac,Gtl,Edwards,Norm,Norm,Duplex,SFoyer,6,5,1975,1975,Flat,Tar&Grv,WdShing,Plywood,BrkFace,250.0,3,3,CBlock,Gd,Gd,Gd,GLQ,945,Unf,0,0,945,GasA,3,Y,SBrkr,980,0,0,980,0,2,2,0,4,0,3,4,Typ,0,0,None,0.0,None,0,0,0,0,Y,0,0,0,0,0,0,0,None,None,0,10,2006,WD,AdjLand,127500,1925,3.0,31,31,0,0,0,0,0
90,RH,82.0,7136,Pave,None,IR1,HLS,AllPub,Inside,Gtl,Crawfor,Norm,Norm,Duplex,2Story,6,6,1946,1950,Gable,CompShg,MetalSd,MetalSd,BrkFace,423.0,3,3,CBlock,Gd,TA,No,Rec,484,Unf,0,495,979,GasA,3,N,FuseF,979,979,0,1958,0,0,2,0,4,2,3,8,Typ,0,0,Attchd,1946.0,Unf,2,492,3,3,Y,0,0,0,0,0,0,0,None,None,0,8,2007,WD,Normal,145000,2937,2.0,61,57,1,0,0,1,0
160,RM,24.0,1300,Pave,None,Reg,Lvl,AllPub,Inside,Gtl,Blueste,Norm,Norm,TwnhsE,2Story,6,6,1980,1980,Gable,CompShg,MetalSd,MetalSd,None,0.0,3,3,CBlock,Gd,TA,No,ALQ,285,Unf,0,276,561,GasA,3,Y,SBrkr,561,668,0,1229,0,0,1,1,2,1,3,5,Typ,1,3,Attchd,1980.0,Fin,2,462,3,3,Y,150,0,0,0,0,0,0,GdPrv,None,0,5,2009,WD,Normal,124000,1790,1.5,29,29,0,150,0,1,1
20,RL,70.0,7420,Pave,None,Reg,Lvl,AllPub,Inside,Gtl,Sawyer,Norm,Norm,1Fam,1Story,5,5,1962,1962,Hip,CompShg,MetalSd,MetalSd,None,0.0,3,3,CBlock,TA,TA,No,Rec,417,Unf,0,640,1057,GasA,3,Y,SBrkr,1057,0,0,1057,0,0,1,0,3,1,3,6,Typ,0,0,Detchd,1977.0,Fin,2,576,3,3,Y,0,0,0,0,0,0,0,None,None,0,4,2007,WD,Normal,132000,2114,1.0,45,45,0,0,0,1,0
20,RL,65.0,8450,Pave,None,Reg,Lvl,AllPub,Inside,Gtl,CollgCr,Norm,Norm,1Fam,1Story,7,5,2003,2003,Gable,CompShg,VinylSd,VinylSd,None,0.0,4,3,PConc,Gd,TA,Mn,GLQ,699,Unf,0,638,1337,GasA,5,Y,SBrkr,1337,0,0,1337,1,0,2,0,3,1,4,6,Typ,0,0,Attchd,2003.0,RFn,2,531,3,3,Y,0,39,0,0,0,0,0,None,None,0,10,2007,WD,Normal,185000,2674,3.0,4,4,0,39,0,1,0
160,FV,24.0,2572,Pave,None,Reg,Lvl,AllPub,FR2,Gtl,Somerst,Norm,Norm,Twnhs,2Story,7,5,1999,1999,Hip,CompShg,MetalSd,MetalSd,None,0.0,4,3,PConc,Gd,TA,No,ALQ,604,Unf,0,92,696,GasA,5,Y,SBrkr,696,720,0,1416,1,0,2,1,3,1,4,6,Typ,0,0,Detchd,1999.0,Unf,2,484,3,3,Y,0,44,0,0,0,0,0,None,None,0,5,2010,WD,Normal,155000,2112,3.5,11,11,0,44,0,1,0
20,RL,50.0,7207,Pave,None,IR1,Lvl,AllPub,Inside,Gtl,BrkSide,Norm,Norm,1Fam,1Story,5,7,1958,2008,Gable,CompShg,Wd Sdng,Plywood,None,0.0,3,4,CBlock,TA,TA,Gd,BLQ,696,Unf,0,162,858,GasA,4,Y,SBrkr,858,0,0,858,1,0,1,0,2,1,3,4,Typ,0,0,None,0.0,None,0,0,0,0,Y,117,0,0,0,0,0,0,None,None,0,2,2010,WD,Normal,116500,1716,2.0,52,2,1,117,0,0,0
60,RL,80.0,12227,Pave,None,IR1,Lvl,AllPub,Corner,Gtl,NWAmes,PosN,Norm,1Fam,2Story,6,7,1977,1995,Gable,CompShg,HdBoard,HdBoard,BrkFace,424.0,3,4,CBlock,Gd,Gd,No,ALQ,896,Unf,0,434,1330,GasA,3,Y,SBrkr,1542,1330,0,2872,1,0,2,1,4,1,3,11,Typ,1,3,Attchd,1977.0,Fin,2,619,3,3,Y,550,282,0,0,0,0,0,None,None,0,7,2008,WD,Normal,272000,4202,3.5,31,13,1,832,0,1,1
160,RL,24.0,2308,Pave,None,Reg,Lvl,AllPub,Corner,Gtl,NPkVill,Norm,Norm,TwnhsE,2Story,6,6,1976,1976,Gable,CompShg,Plywood,Brk Cmn,None,0.0,3,3,CBlock,Gd,TA,No,ALQ,556,Unf,0,248,804,GasA,3,Y,SBrkr,804,744,0,1548,1,0,2,1,3,1,4,7,Typ,1,3,Detchd,1976.0,Unf,2,440,3,3,Y,48,0,0,0,0,0,0,None,None,0,7,2007,WD,Normal,155000,2352,3.5,31,31,0,48,0,1,1
20,RL,122.0,11923,Pave,None,IR1,Lvl,AllPub,Corner,Gtl,CollgCr,Norm,Norm,1Fam,1Story,9,5,2007,2007,Gable,CompShg,VinylSd,VinylSd,None,0.0,4,3,PConc,Ex,TA,No,Unf,0,Unf,0,1800,1800,GasA,5,Y,SBrkr,1800,0,0,1800,0,0,2,0,2,1,5,7,Typ,0,0,Attchd,2007.0,Fin,2,702,3,3,Y,288,136,0,0,0,0,0,None,None,0,5,2009,WD,Normal,239000,3600,2.0,2,2,0,424,0,1,0
60,RL,80.0,11316,Pave,None,Reg,Lvl,AllPub,Corner,Gtl,Timber,Norm,Norm,1Fam,2Story,7,5,2002,2003,Gable,CompShg,VinylSd,VinylSd,BrkFace,44.0,4,3,PConc,Gd,TA,No,GLQ,624,Unf,0,193,817,GasA,5,Y,SBrkr,824,1070,0,1894,1,0,2,1,4,1,4,8,Typ,1,4,BuiltIn,2002.0,Fin,2,510,3,3,Y,0,40,0,0,0,0,0,None,None,0,2,2010,WD,Normal,214900,2711,3.5,8,7,1,40,0,1,1
60,RL,65.0,10237,Pave,None,Reg,Lvl,AllPub,Inside,Gtl,Gilbert,RRAn,Norm,1Fam,2Story,6,5,2005,2007,Gable,CompShg,VinylSd,VinylSd,None,0.0,4,3,PConc,Gd,TA,No,Unf,0,Unf,0,783,783,GasA,5,Y,SBrkr,783,701,0,1484,0,0,2,1,3,1,4,8,Typ,1,4,Attchd,2005.0,Fin,2,393,3,3,Y,0,72,0,0,0,0,0,None,None,0,7,2007,New,Partial,178900,2267,2.5,2,0,1,72,0,1,1
50,RL,130.0,9600,Pave,None,IR1,HLS,AllPub,Inside,Gtl,Crawfor,Norm,Norm,1Fam,1.5Fin,5,7,1940,1950,Gable,CompShg,MetalSd,MetalSd,None,0.0,4,4,BrkTil,TA,Fa,No,Rec,428,Unf,0,300,728,GasA,5,Y,SBrkr,976,332,0,1308,1,0,1,1,2,1,3,7,Min2,2,3,Detchd,1940.0,Unf,1,256,3,3,Y,0,70,0,0,0,0,0,None,None,0,6,2009,WD,Normal,160000,2036,2.5,69,59,1,70,0,1,1
20,RL,73.0,7390,Pave,None,IR1,Lvl,AllPub,Inside,Gtl,NAmes,Norm,Norm,1Fam,1Story,5,7,1955,1955,Hip,CompShg,Wd Sdng,Wd Sdng,BrkFace,151.0,3,3,CBlock,TA,TA,No,ALQ,902,Unf,0,196,1098,GasA,3,Y,SBrkr,1098,0,0,1098,1,0,1,0,3,1,3,6,Typ,0,0,Attchd,1955.0,Unf,1,260,3,3,Y,0,0,0,0,0,0,0,None,None,0,7,2008,WD,Normal,135000,2196,2.0,53,53,0,0,0,1,0
50,RM,50.0,5925,Pave,None,Reg,Lvl,AllPub,Inside,Gtl,OldTown,Norm,Norm,1Fam,1.5Fin,3,6,1910,1950,Gable,CompShg,VinylSd,VinylSd,None,0.0,3,3,BrkTil,TA,TA,No,Unf,0,Unf,0,600,600,Grav,2,N,SBrkr,600,368,0,968,0,0,1,0,2,1,3,6,Typ,0,0,None,0.0,None,0,0,0,0,Y,0,0,0,0,0,0,0,GdWo,None,0,5,2009,WD,Abnorml,37900,1568,1.0,99,59,1,0,0,0,0
190,RL,75.0,10382,Pave,None,Reg,Lvl,AllPub,Inside,Gtl,NAmes,Norm,Norm,2fmCon,SLvl,6,5,1958,1958,Hip,CompShg,HdBoard,HdBoard,BrkFace,105.0,3,2,CBlock,TA,TA,Gd,ALQ,513,Unf,0,75,588,GasA,3,Y,SBrkr,1095,0,0,1095,1,0,1,0,2,1,3,6,Typ,0,0,Attchd,1958.0,RFn,1,264,3,3,Y,0,0,0,0,0,0,0,None,None,0,3,2006,ConLD,Normal,140000,1683,2.0,48,48,0,0,0,1,0
50,RL,60.0,10800,Pave,None,Reg,Lvl,AllPub,Inside,Gtl,NAmes,Norm,Norm,1Fam,1.5Fin,4,4,1949,1950,Gable,CompShg,AsbShng,AsbShng,None,0.0,3,3,CBlock,TA,TA,No,Unf,0,Unf,0,720,720,GasA,3,N,FuseA,720,472,0,1192,0,0,1,1,4,1,3,6,Typ,0,0,None,0.0,None,0,0,0,0,Y,0,0,0,0,0,0,0,None,None,0,12,2006,WD,Abnorml,135000,1912,1.5,57,56,1,0,0,0,0
160,RL,36.0,2268,Pave,None,Reg,Lvl,AllPub,Inside,Gtl,NridgHt,Norm,Norm,Twnhs,2Story,7,5,2003,2004,Gable,CompShg,VinylSd,Wd Shng,Stone,106.0,4,3,PConc,Gd,TA,No,GLQ,567,Unf,0,197,764,GasA,5,Y,SBrkr,764,862,0,1626,0,0,2,0,2,1,4,6,Typ,0,0,BuiltIn,2003.0,RFn,2,474,3,3,Y,0,27,0,0,0,0,0,None,None,0,7,2009,WD,Normal,173000,2390,2.0,6,5,1,27,0,1,0
120,RL,55.0,7892,Pave,None,Reg,Lvl,AllPub,Inside,Gtl,SawyerW,Norm,Norm,TwnhsE,1Story,6,5,1979,1979,Gable,CompShg,Plywood,Plywood,None,0.0,3,3,CBlock,Gd,TA,No,Unf,0,Unf,0,918,918,GasA,3,Y,SBrkr,918,0,0,918,0,0,2,0,2,1,3,5,Typ,1,3,Attchd,1979.0,Unf,1,264,3,3,Y,28,0,0,0,0,0,0,None,None,0,4,2010,WD,Normal,99500,1836,2.0,31,31,0,28,0,1,1
20,FV,95.0,11639,Pave,None,Reg,Lvl,AllPub,Corner,Gtl,Somerst,Norm,Norm,1Fam,1Story,7,5,2007,2008,Gable,CompShg,CemntBd,CmentBd,None,0.0,4,3,PConc,Gd,TA,No,Unf,0,Unf,0,1428,1428,GasA,5,Y,SBrkr,1428,0,0,1428,0,0,2,0,3,1,4,6,Typ,0,0,Attchd,2007.0,Fin,2,480,3,3,Y,0,120,0,0,0,0,0,None,None,0,12,2008,New,Partial,182000,2856,2.0,1,0,1,120,0,1,0
70,RL,60.0,11414,Pave,None,IR1,Lvl,AllPub,Corner,Gtl,BrkSide,RRAn,Feedr,1Fam,2Story,7,8,1910,1993,Gable,CompShg,HdBoard,HdBoard,None,0.0,3,4,BrkTil,Gd,TA,No,Unf,0,Unf,0,728,728,GasA,3,N,SBrkr,1136,883,0,2019,0,0,1,0,3,1,4,8,Typ,0,0,Detchd,1997.0,Unf,2,532,3,3,Y,509,135,0,0,0,0,0,GdPrv,None,0,10,2009,WD,Normal,167500,2747,1.0,99,16,1,644,0,1,0
160,FV,73.5,2651,Pave,None,Reg,Lvl,AllPub,FR2,Gtl,Somerst,Norm,Norm,Twnhs,2Story,7,5,2000,2000,Gable,CompShg,MetalSd,MetalSd,None,0.0,4,3,PConc,Gd,TA,No,GLQ,641,Unf,0,32,673,GasA,5,Y,SBrkr,673,709,0,1382,1,0,2,1,3,1,4,6,Typ,0,0,Detchd,2000.0,Unf,2,490,3,3,Y,153,50,0,0,0,0,0,None,None,0,4,2006,WD,Normal,165000,2055,3.5,6,6,0,203,0,1,0
30,RL,51.0,5900,Pave,None,IR1,Bnk,AllPub,Inside,Gtl,BrkSide,Norm,Norm,1Fam,1Story,4,7,1923,1958,Gable,CompShg,Wd Sdng,Wd Sdng,None,0.0,3,3,PConc,Gd,TA,No,Unf,0,Unf,0,440,440,GasA,3,Y,FuseA,869,0,0,869,0,0,1,0,2,1,2,4,Typ,0,0,None,0.0,None,0,0,0,0,Y,0,0,0,0,0,0,0,None,None,0,8,2006,WD,Normal,85500,1309,1.0,83,48,1,0,0,0,0
120,FV,35.0,4274,Pave,Pave,IR1,Lvl,AllPub,Inside,Gtl,Somerst,Norm,Norm,TwnhsE,1Story,7,5,2006,2007,Gable,CompShg,VinylSd,VinylSd,None,0.0,4,3,PConc,Gd,TA,No,GLQ,1106,Unf,0,135,1241,GasA,5,Y,SBrkr,1241,0,0,1241,1,0,1,1,1,1,4,4,Typ,0,0,Attchd,2007.0,Fin,2,569,3,3,Y,0,116,0,0,0,0,0,None,None,0,11,2007,New,Partial,199900,2482,2.5,1,0,1,116,0,1,0
20,RL,68.0,9450,Pave,None,Reg,Bnk,AllPub,Inside,Mod,Edwards,Norm,Norm,1Fam,1Story,4,5,1954,1954,Gable,CompShg,MetalSd,MetalSd,None,0.0,3,3,CBlock,TA,TA,No,LwQ,552,Unf,0,342,894,GasA,5,Y,SBrkr,894,0,0,894,0,0,1,0,3,1,3,5,Typ,0,0,Detchd,1999.0,Unf,2,400,3,3,Y,0,0,0,0,0,0,0,None,None,0,5,2007,WD,Abnorml,110000,1788,1.0,53,53,0,0,0,1,0
20,RL,80.0,8816,Pave,None,Reg,Lvl,AllPub,Corner,Gtl,Sawyer,Feedr,Norm,1Fam,1Story,5,6,1963,1963,Gable,CompShg,VinylSd,VinylSd,None,0.0,3,3,PConc,TA,TA,No,Rec,651,Unf,0,470,1121,GasA,3,Y,SBrkr,1121,0,0,1121,1,0,1,0,3,1,3,5,Typ,0,0,Detchd,1963.0,Unf,2,480,3,3,Y,0,80,0,0,0,0,0,MnPrv,None,0,6,2009,WD,Normal,139000,2242,2.0,46,46,0,80,0,1,0
85,RL,73.0,12122,Pave,None,IR1,Lvl,AllPub,Corner,Gtl,NAmes,Norm,Norm,1Fam,SFoyer,7,9,1961,2007,Gable,CompShg,CemntBd,CmentBd,Stone,210.0,5,3,CBlock,TA,TA,Av,ALQ,867,Unf,0,77,944,GasA,4,Y,SBrkr,999,0,0,999,1,0,1,0,3,1,5,6,Typ,0,0,Attchd,1961.0,RFn,2,588,3,3,Y,144,76,0,0,0,0,0,None,None,0,7,2008,WD,Normal,178400,1943,2.0,47,1,1,220,0,1,0
60,RL,98.0,12203,Pave,None,IR1,Lvl,AllPub,Corner,Gtl,NoRidge,Norm,Norm,1Fam,2Story,8,5,1998,1999,Hip,CompShg,VinylSd,VinylSd,BrkFace,975.0,4,3,PConc,Gd,TA,No,GLQ,854,Unf,0,371,1225,GasA,5,Y,SBrkr,1276,1336,0,2612,1,0,2,1,4,1,4,8,Typ,1,3,Attchd,1998.0,Fin,3,676,3,3,Y,250,0,0,0,0,0,0,None,None,0,7,2009,WD,Normal,336000,3837,3.5,11,10,1,250,0,1,1
20,RL,43.0,3182,Pave,None,Reg,Lvl,AllPub,Inside,Gtl,Blmngtn,Norm,Norm,1Fam,1Story,7,5,2007,2007,Gable,CompShg,VinylSd,VinylSd,BrkFace,16.0,4,3,PConc,Gd,TA,Av,Unf,0,Unf,0,1266,1266,GasA,5,Y,SBrkr,1266,0,0,1266,0,0,2,0,2,1,4,6,Typ,1,4,Attchd,2007.0,Fin,2,388,3,3,Y,100,16,0,0,0,0,0,None,None,0,3,2008,WD,Normal,159895,2532,2.0,1,1,0,116,0,1,1
60,RL,70.0,11250,Pave,None,Reg,Lvl,AllPub,Corner,Gtl,CollgCr,Norm,Norm,1Fam,2Story,8,5,2002,2002,Gable,CompShg,CemntBd,CmentBd,None,0.0,4,3,PConc,Gd,TA,Mn,Unf,0,Unf,0,1128,1128,GasA,5,Y,SBrkr,1149,1141,0,2290,0,0,2,1,4,1,4,9,Typ,1,4,Attchd,2002.0,Unf,2,779,3,3,Y,0,0,0,0,0,0,0,None,None,0,5,2008,WD,Normal,255900,3418,2.5,6,6,0,0,0,1,1
90,RL,75.0,10125,Pave,None,Reg,Lvl,AllPub,Inside,Gtl,Mitchel,Norm,Norm,Duplex,1.5Fin,5,5,1977,1977,Gable,CompShg,Plywood,Plywood,None,0.0,3,3,CBlock,None,None,None,None,0,None,0,0,0,GasA,3,Y,SBrkr,1302,432,0,1734,0,0,2,0,4,2,4,8,Typ,0,0,Attchd,1977.0,Unf,2,539,3,3,Y,0,0,0,0,0,0,0,None,None,0,8,2009,COD,Normal,126000,1734,2.0,32,32,0,0,0,1,0
190,RL,68.0,10880,Pave,None,Reg,Lvl,AllPub,Inside,Gtl,Edwards,Norm,Norm,2fmCon,1Story,5,5,1950,1950,Gable,CompShg,MetalSd,MetalSd,None,0.0,3,3,CBlock,TA,TA,No,ALQ,1040,Unf,0,124,1164,GasW,3,N,SBrkr,1164,0,0,1164,1,0,1,0,3,1,3,5,Typ,0,0,Detchd,1950.0,Unf,1,240,3,3,Y,0,48,0,0,0,0,0,None,None,0,8,2008,ConLD,Normal,125000,2328,2.0,58,58,0,48,0,1,0
50,RM,59.0,5310,Pave,None,Reg,Lvl,AllPub,Corner,Gtl,OldTown,Feedr,Norm,1Fam,1.5Fin,6,8,1910,2003,Hip,CompShg,VinylSd,VinylSd,None,0.0,3,4,CBlock,TA,Fa,No,Unf,0,Unf,0,485,485,GasA,4,Y,SBrkr,1001,634,0,1635,0,0,1,0,2,1,4,5,Typ,0,0,Attchd,1950.0,Unf,1,255,2,3,Y,394,0,0,0,0,0,0,None,None,0,6,2006,WD,Normal,117000,2120,1.0,96,3,1,394,0,1,0
20,RL,83.0,10159,Pave,None,IR1,Lvl,AllPub,Inside,Gtl,NridgHt,Norm,Norm,1Fam,1Story,9,5,2009,2010,Hip,CompShg,VinylSd,VinylSd,Stone,450.0,5,3,PConc,Ex,TA,Av,GLQ,1646,Unf,0,284,1930,GasA,5,Y,SBrkr,1940,0,0,1940,1,0,2,1,3,1,5,8,Typ,1,4,Attchd,2010.0,Fin,3,606,3,3,Y,168,95,0,0,0,0,0,None,None,0,4,2010,New,Partial,395192,3870,3.5,1,0,1,263,0,1,1
60,RL,80.0,12046,Pave,None,IR1,Lvl,AllPub,Inside,Gtl,NWAmes,Norm,Norm,1Fam,2Story,6,6,1976,1976,Gable,CompShg,Plywood,Plywood,BrkFace,298.0,3,3,CBlock,TA,TA,No,LwQ,156,Unf,0,692,848,GasA,3,Y,SBrkr,1118,912,0,2030,0,0,2,1,4,1,4,8,Typ,1,3,Attchd,1976.0,Fin,2,551,3,3,Y,0,224,0,0,0,0,0,None,None,0,6,2007,WD,Normal,195000,2878,2.5,31,31,0,224,0,1,1
60,FV,65.0,8125,Pave,None,Reg,Lvl,AllPub,Inside,Gtl,Somerst,Norm,Norm,1Fam,2Story,7,5,2006,2006,Gable,CompShg,VinylSd,VinylSd,None,0.0,4,3,PConc,Gd,Gd,No,Unf,0,Unf,0,770,770,GasA,5,Y,SBrkr,778,798,0,1576,0,0,2,1,3,1,4,6,Typ,0,0,Attchd,2006.0,RFn,2,614,3,3,Y,0,50,0,0,0,0,0,None,None,0,8,2006,New,Partial,197000,2346,2.5,0,0,0,50,0,1,0
60,RL,82.0,9452,Pave,None,Reg,Lvl,AllPub,Inside,Gtl,NoRidge,Norm,Norm,1Fam,2Story,8,5,1997,1998,Gable,CompShg,VinylSd,VinylSd,BrkFace,423.0,4,3,PConc,Gd,TA,No,GLQ,1074,Unf,0,322,1396,GasA,5,Y,SBrkr,1407,985,0,2392,1,0,2,1,3,1,4,7,Typ,1,3,Attchd,1997.0,Fin,3,870,3,3,Y,0,70,0,0,0,0,0,None,None,0,6,2006,WD,Normal,348000,3788,3.5,9,8,1,70,0,1,1
70,RM,121.0,17671,Pave,Grvl,Reg,Lvl,AllPub,Corner,Gtl,OldTown,Artery,Norm,1Fam,2Story,8,9,1882,1986,Gable,CompShg,Wd Sdng,Wd Sdng,None,0.0,4,4,BrkTil,TA,TA,No,BLQ,216,Unf,0,700,916,GasA,4,Y,SBrkr,916,826,0,1742,0,0,1,1,4,1,4,8,Typ,1,4,Attchd,1925.0,Unf,2,424,3,3,P,0,169,0,0,0,0,0,None,None,0,11,2009,WD,Normal,168000,2658,1.5,127,23,1,169,0,1,1
60,RL,80.0,9760,Pave,None,Reg,Lvl,AllPub,Inside,Mod,NAmes,Norm,Norm,1Fam,2Story,6,8,1964,1993,Hip,CompShg,Wd Sdng,Wd Sdng,BrkFace,340.0,3,3,CBlock,TA,TA,Gd,BLQ,536,Rec,117,169,822,GasA,4,Y,SBrkr,1020,831,0,1851,0,0,2,1,3,1,4,7,Typ,1,2,Attchd,1964.0,RFn,2,440,3,3,Y,239,42,0,0,0,0,0,MnWw,None,0,7,2007,WD,Normal,187000,2673,2.5,43,14,1,281,0,1,1
60,RL,68.0,8846,Pave,None,Reg,Lvl,AllPub,Inside,Gtl,CollgCr,Norm,Norm,1Fam,2Story,6,5,2005,2006,Gable,CompShg,VinylSd,VinylSd,None,0.0,3,3,PConc,Gd,TA,No,Unf,0,Unf,0,750,750,GasA,5,Y,SBrkr,750,750,0,1500,0,0,2,1,3,1,4,6,Typ,0,0,Attchd,2005.0,RFn,2,564,3,3,Y,0,35,0,0,0,0,0,None,None,0,8,2006,New,Partial,173900,2250,2.5,1,0,1,35,0,1,0
20,RL,96.0,12456,Pave,None,Reg,Lvl,AllPub,FR2,Gtl,NridgHt,Norm,Norm,1Fam,1Story,10,5,2006,2007,Hip,CompShg,CemntBd,CmentBd,Stone,230.0,5,3,PConc,Ex,TA,Gd,GLQ,1172,Unf,0,528,1700,GasA,5,Y,SBrkr,1718,0,0,1718,1,0,2,0,3,1,5,7,Typ,1,4,Attchd,2008.0,Fin,3,786,3,3,Y,216,48,0,0,0,0,0,None,None,0,7,2009,WD,Normal,337500,3418,3.0,3,2,1,264,0,1,1
50,RL,51.0,4712,Pave,None,IR1,Lvl,AllPub,Inside,Mod,BrkSide,Feedr,Norm,1Fam,1.5Fin,4,7,1946,1950,Gable,CompShg,MetalSd,MetalSd,None,0.0,3,3,CBlock,TA,TA,No,ALQ,384,Unf,0,363,747,GasA,3,Y,SBrkr,774,456,0,1230,1,0,1,1,3,1,3,5,Typ,0,0,Detchd,1946.0,Unf,1,305,3,3,Y,0,57,0,0,63,0,0,MnPrv,None,0,8,2006,WD,Abnorml,121600,1977,2.5,60,56,1,120,0,1,0
20,RL,73.0,10659,Pave,None,IR1,Lvl,AllPub,Inside,Gtl,NAmes,Norm,Norm,1Fam,1Story,5,6,1961,1961,Hip,CompShg,Wd Sdng,Wd Sdng,None,0.0,3,3,CBlock,TA,TA,No,Rec,915,Unf,0,135,1050,GasA,3,Y,SBrkr,1050,0,0,1050,1,0,1,0,3,1,3,6,Typ,0,0,Attchd,1961.0,Unf,1,368,3,3,Y,0,319,0,0,0,0,0,None,None,0,1,2006,COD,Normal,136500,2100,2.0,45,45,0,319,0,1,0
20,RL,80.0,11717,Pave,None,IR1,Lvl,AllPub,Inside,Gtl,NWAmes,PosA,Norm,1Fam,1Story,6,6,1970,1970,Hip,CompShg,HdBoard,HdBoard,BrkFace,571.0,3,3,CBlock,TA,TA,No,Unf,0,Unf,0,1442,1442,GasA,3,Y,SBrkr,1442,0,0,1442,0,0,2,0,2,1,3,6,Typ,1,3,Attchd,1970.0,RFn,2,615,3,3,Y,371,0,0,0,0,0,0,None,None,0,2,2009,WD,Normal,185000,2884,2.0,39,39,0,371,0,1,1
30,RM,60.0,9786,Pave,None,Reg,Lvl,AllPub,Inside,Gtl,IDOTRR,Norm,Norm,1Fam,1Story,3,4,1922,1950,Hip,CompShg,Wd Sdng,Wd Sdng,None,0.0,3,3,BrkTil,TA,Fa,No,Unf,0,Unf,0,1007,1007,GasA,2,N,SBrkr,1077,0,0,1077,0,0,1,0,3,1,3,6,Typ,1,4,Detchd,1922.0,Unf,1,210,3,2,P,0,100,48,0,0,0,0,None,None,0,5,2006,WD,Normal,91000,2084,1.0,84,56,1,148,0,1,1
20,RL,64.0,6762,Pave,None,Reg,Lvl,AllPub,Inside,Gtl,CollgCr,Norm,Norm,1Fam,1Story,7,5,2006,2006,Gable,CompShg,VinylSd,VinylSd,Stone,24.0,4,3,PConc,Gd,TA,Av,GLQ,686,Unf,0,501,1187,GasA,5,Y,SBrkr,1208,0,0,1208,1,0,2,0,2,1,4,6,Typ,0,0,Attchd,2006.0,RFn,2,632,3,3,Y,105,61,0,0,0,0,0,None,None,0,2,2010,WD,Normal,206000,2395,3.0,4,4,0,166,0,1,0
20,RL,74.0,10206,Pave,None,Reg,Lvl,AllPub,Corner,Gtl,Edwards,Norm,Norm,1Fam,1Story,3,3,1952,1952,Flat,Tar&Grv,BrkComm,Brk Cmn,None,0.0,3,3,Slab,None,None,None,None,0,None,0,0,0,GasW,2,N,FuseF,944,0,0,944,0,0,1,0,2,1,2,4,Min1,0,0,Detchd,1956.0,Unf,2,528,3,2,Y,0,0,0,0,0,0,0,None,None,0,7,2009,WD,Normal,82000,944,1.0,57,57,0,0,0,1,0
30,RL,60.0,5400,Pave,None,Reg,Lvl,AllPub,Corner,Gtl,OldTown,Norm,Norm,1Fam,1Story,5,6,1920,1950,Gable,CompShg,Wd Sdng,Wd Sdng,None,0.0,3,3,BrkTil,Fa,TA,No,Unf,0,Unf,0,691,691,GasA,5,Y,FuseA,691,0,0,691,0,0,1,0,2,1,5,4,Typ,0,0,Detchd,1920.0,Unf,1,216,2,3,N,0,20,94,0,0,0,0,None,None,0,1,2007,WD,Abnorml,86000,1382,1.0,87,57,1,114,0,1,0
20,RL,75.0,11957,Pave,None,IR1,Lvl,AllPub,Inside,Gtl,Somerst,RRAn,Norm,1Fam,1Story,8,5,2006,2006,Gable,CompShg,VinylSd,VinylSd,BrkFace,53.0,4,3,PConc,Gd,TA,No,GLQ,24,Unf,0,1550,1574,GasA,5,Y,SBrkr,1574,0,0,1574,0,0,2,0,3,1,4,7,Typ,1,4,Attchd,2006.0,RFn,3,824,3,3,Y,144,104,0,0,0,0,0,None,None,0,7,2008,WD,Normal,232000,3148,2.0,2,2,0,248,0,1,1
90,RL,80.0,11500,Pave,None,IR1,Lvl,AllPub,Corner,Gtl,NWAmes,Feedr,RRAn,Duplex,1Story,5,6,1976,1976,Gable,CompShg,VinylSd,VinylSd,BrkFace,164.0,3,3,CBlock,TA,TA,No,Unf,0,Unf,0,1680,1680,GasA,2,Y,SBrkr,1680,0,0,1680,0,0,2,0,4,2,3,8,Typ,0,0,Detchd,1976.0,Unf,2,528,3,3,Y,0,0,0,0,0,0,0,None,None,0,6,2007,WD,Normal,136905,3360,2.0,31,31,0,0,0,1,0
120,RL,43.0,3182,Pave,None,Reg,Lvl,AllPub,Inside,Gtl,Blmngtn,Norm,Norm,TwnhsE,1Story,7,5,2005,2006,Gable,CompShg,VinylSd,VinylSd,BrkFace,16.0,4,3,PConc,Gd,TA,No,GLQ,16,Unf,0,1330,1346,GasA,5,Y,SBrkr,1504,0,0,1504,0,0,2,0,1,1,4,7,Typ,1,4,Attchd,2005.0,Fin,2,457,3,3,Y,156,0,0,0,0,0,0,None,None,0,5,2009,WD,Normal,181000,2850,2.0,4,3,1,156,0,1,1
80,RL,65.0,8385,Pave,None,Reg,Lvl,AllPub,Inside,Gtl,CollgCr,Norm,Norm,1Fam,SLvl,5,8,1977,1977,Gable,CompShg,HdBoard,HdBoard,BrkFace,220.0,4,3,CBlock,Gd,Gd,Av,GLQ,595,Unf,0,390,985,GasA,3,Y,SBrkr,985,0,0,985,0,0,2,0,3,1,3,6,Typ,0,0,Attchd,1977.0,Unf,1,328,3,3,Y,210,0,0,0,0,0,0,None,None,0,11,2008,WD,Normal,149900,1970,2.0,31,31,0,210,0,1,0
20,RL,73.0,12155,Pave,None,IR3,Lvl,AllPub,Inside,Gtl,NAmes,PosN,Norm,1Fam,1Story,6,3,1970,1970,Gable,CompShg,Plywood,Plywood,None,0.0,3,3,CBlock,Gd,TA,No,LwQ,1237,Unf,0,420,1657,GasA,4,Y,SBrkr,1657,0,0,1657,0,1,2,0,3,1,3,7,Typ,1,3,Attchd,1970.0,Unf,2,484,3,3,Y,0,0,0,0,147,0,0,None,None,0,3,2007,WD,Normal,163500,3314,2.5,37,37,0,147,0,1,1
160,RM,21.0,2217,Pave,None,Reg,Lvl,AllPub,Inside,Gtl,MeadowV,Norm,Norm,TwnhsE,2Story,4,4,1970,1970,Gable,CompShg,CemntBd,CmentBd,None,0.0,3,3,CBlock,TA,TA,No,BLQ,273,LwQ,273,0,546,GasA,3,Y,SBrkr,546,546,0,1092,0,0,1,1,3,1,3,6,Typ,0,0,Attchd,1970.0,RFn,1,286,3,3,Y,238,0,0,0,0,0,0,None,None,0,8,2009,WD,Normal,88000,1638,1.5,39,39,0,238,0,1,0
20,RL,43.0,12118,Pave,None,IR1,Lvl,AllPub,CulDSac,Gtl,Mitchel,Norm,Norm,1Fam,1Story,7,5,2004,2005,Hip,CompShg,VinylSd,VinylSd,Stone,108.0,4,3,PConc,Ex,TA,Mn,Unf,0,Unf,0,1710,1710,GasA,5,Y,SBrkr,1710,0,0,1710,0,0,2,0,3,1,4,7,Typ,1,4,Attchd,2004.0,Fin,2,550,3,3,Y,100,48,0,0,180,0,0,None,None,0,4,2009,WD,Normal,240000,3420,2.0,5,4,1,328,0,1,1
50,RL,60.0,6000,Pave,None,Reg,Lvl,AllPub,Inside,Gtl,SWISU,Norm,Norm,1Fam,1.5Fin,5,5,1926,1950,Gable,CompShg,Wd Sdng,Wd Sdng,None,0.0,3,2,BrkTil,TA,TA,No,Unf,0,Unf,0,1008,1008,GasA,5,Y,SBrkr,1008,0,514,1522,0,0,2,0,4,1,3,7,Typ,0,0,None,0.0,None,0,0,0,0,P,0,0,138,0,0,0,0,None,None,0,6,2006,WD,Normal,102000,2016,2.0,80,56,1,138,0,0,0
50,RL,115.0,21286,Pave,None,Reg,Lvl,AllPub,Inside,Gtl,Sawyer,Norm,Norm,1Fam,1.5Fin,5,5,1948,1950,Gable,CompShg,Wd Sdng,Wd Sdng,None,0.0,3,3,CBlock,TA,TA,No,Unf,0,Unf,0,720,720,GasA,3,Y,SBrkr,720,551,0,1271,0,0,2,0,4,1,3,7,Typ,1,4,Attchd,1948.0,Unf,1,312,3,3,Y,0,0,108,0,0,0,0,None,None,0,8,2008,WD,Normal,135000,1991,2.0,60,58,1,108,0,1,1
90,RL,75.0,9825,Pave,None,Reg,Lvl,AllPub,Inside,Gtl,Edwards,Norm,Norm,Duplex,1Story,5,5,1965,1965,Hip,CompShg,AsphShn,AsphShn,None,0.0,3,3,CBlock,None,None,None,None,0,None,0,0,0,GasA,3,N,SBrkr,1664,0,0,1664,0,0,2,0,4,2,3,8,Typ,0,0,None,0.0,None,0,0,0,0,Y,0,0,0,0,0,0,0,None,None,0,5,2010,WD,Normal,100000,1664,2.0,45,45,0,0,0,0,0
70,RL,55.0,10592,Pave,None,Reg,Lvl,AllPub,Inside,Gtl,Crawfor,Norm,Norm,1Fam,2Story,6,7,1923,1996,Hip,CompShg,Wd Sdng,Wd Sdng,None,0.0,3,4,PConc,TA,Fa,No,Unf,0,Unf,0,602,602,GasA,3,Y,SBrkr,900,602,0,1502,0,0,1,1,3,1,4,7,Typ,2,3,Detchd,1923.0,Unf,1,180,3,3,Y,96,0,112,0,53,0,0,None,None,0,8,2007,WD,Normal,165000,2104,1.5,84,11,1,261,0,1,1
30,RM,60.0,7200,Pave,None,Reg,Lvl,AllPub,Inside,Gtl,OldTown,Norm,Norm,1Fam,1Story,5,4,1910,2006,Hip,CompShg,MetalSd,Stucco,None,0.0,3,3,BrkTil,TA,TA,No,ALQ,247,Rec,465,310,1022,GasW,3,N,SBrkr,1022,0,0,1022,1,0,1,0,2,1,3,4,Maj2,0,0,Detchd,1956.0,Unf,1,280,3,3,Y,0,30,226,0,0,0,0,None,None,0,6,2009,WD,Normal,85000,2044,2.0,99,3,1,256,0,1,0
20,RL,60.0,11664,Pave,None,Reg,Lvl,AllPub,Inside,Gtl,NAmes,Artery,Norm,1Fam,1Story,6,5,1948,1950,Gable,CompShg,MetalSd,MetalSd,BrkFace,206.0,3,3,CBlock,TA,Fa,No,BLQ,336,Unf,0,746,1082,GasA,3,Y,SBrkr,1082,0,0,1082,0,0,1,0,2,1,3,5,Typ,1,4,Detchd,1948.0,Unf,1,240,3,3,Y,0,130,0,0,0,0,0,None,None,0,11,2007,WD,Normal,119200,2164,1.0,59,57,1,130,0,1,1
60,RL,70.0,8400,Pave,None,Reg,Lvl,AllPub,Inside,Gtl,NWAmes,Norm,Norm,1Fam,2Story,8,6,2001,2001,Gable,CompShg,VinylSd,VinylSd,None,0.0,4,3,PConc,Gd,TA,No,GLQ,643,Unf,0,167,810,GasA,5,Y,SBrkr,810,855,0,1665,1,0,2,1,3,1,4,6,Typ,0,0,Attchd,2001.0,Fin,2,528,3,3,Y,0,45,0,0,0,0,0,None,None,0,11,2009,WD,Normal,227000,2475,3.5,8,8,0,45,0,1,0
20,RL,73.0,11883,Pave,None,Reg,Lvl,AllPub,Inside,Gtl,CollgCr,Norm,Norm,1Fam,1Story,7,5,1996,1996,Hip,CompShg,VinylSd,VinylSd,BrkFace,196.0,4,3,PConc,Gd,TA,Gd,GLQ,690,Unf,0,814,1504,GasA,5,Y,SBrkr,1504,0,0,1504,1,0,2,0,3,1,4,6,Typ,1,3,Attchd,1996.0,Fin,2,478,3,3,Y,115,66,0,0,0,0,0,None,None,0,6,2009,WD,Normal,203000,3008,3.0,13,13,0,181,0,1,1
120,RL,61.5,5814,Pave,None,IR1,Lvl,AllPub,CulDSac,Gtl,StoneBr,Norm,Norm,TwnhsE,1Story,8,5,1984,1984,Gable,CompShg,HdBoard,HdBoard,None,0.0,4,3,CBlock,Gd,TA,Av,GLQ,1036,Unf,0,184,1220,GasA,4,Y,SBrkr,1360,0,0,1360,1,0,1,0,1,1,4,4,Typ,1,5,Attchd,1984.0,RFn,2,565,3,3,Y,63,0,0,0,0,0,0,None,None,0,8,2009,COD,Abnorml,187500,2580,2.0,25,25,0,63,0,1,1
80,RL,65.0,10784,Pave,None,IR1,Lvl,AllPub,FR2,Gtl,Gilbert,Norm,Norm,1Fam,SLvl,7,5,1991,1992,Gable,CompShg,HdBoard,HdBoard,BrkFace,76.0,4,3,PConc,Gd,TA,No,Unf,0,Unf,0,384,384,GasA,4,Y,SBrkr,802,670,0,1472,0,0,2,1,3,1,4,7,Typ,1,3,Attchd,1991.0,RFn,2,402,3,3,Y,164,0,0,0,0,0,0,None,None,0,5,2007,WD,Normal,160000,1856,2.5,16,15,1,164,0,1,1
120,RL,43.0,3013,Pave,None,Reg,Lvl,AllPub,Inside,Gtl,Blmngtn,Norm,Norm,TwnhsE,1Story,7,5,2005,2005,Gable,CompShg,VinylSd,VinylSd,BrkFace,145.0,4,3,PConc,Gd,TA,Gd,GLQ,16,Unf,0,1346,1362,GasA,5,Y,SBrkr,1506,0,0,1506,0,0,2,0,2,1,4,6,Typ,1,4,Attchd,2005.0,Fin,2,440,3,3,Y,142,20,0,0,0,0,0,None,None,0,4,2006,WD,Normal,213490,2868,2.0,1,1,0,162,0,1,1
20,RL,60.0,7024,Pave,None,Reg,Lvl,AllPub,Inside,Gtl,Edwards,Norm,Norm,1Fam,1Story,4,5,2005,2005,Gable,CompShg,VinylSd,VinylSd,None,0.0,3,3,PConc,Gd,TA,No,GLQ,1024,Unf,0,108,1132,GasA,5,Y,SBrkr,1132,0,0,1132,1,0,1,1,2,1,4,5,Typ,0,0,Attchd,2005.0,Fin,2,451,3,3,Y,252,64,0,0,0,0,0,None,None,0,6,2008,WD,Normal,176000,2264,2.5,3,3,0,316,0,1,0
20,RL,64.0,7406,Pave,None,Reg,Lvl,AllPub,Inside,Gtl,CollgCr,Norm,Norm,1Fam,1Story,7,5,2006,2006,Gable,CompShg,VinylSd,VinylSd,Stone,84.0,4,3,PConc,Gd,TA,Av,GLQ,684,Unf,0,515,1199,GasA,5,Y,SBrkr,1220,0,0,1220,1,0,2,0,2,1,4,6,Typ,0,0,Attchd,2006.0,RFn,2,632,3,3,Y,105,54,0,0,0,0,0,None,None,0,7,2006,New,Partial,194000,2419,3.0,0,0,0,159,0,1,0
50,RM,52.0,9439,Pave,None,Reg,Lvl,AllPub,Inside,Gtl,OldTown,Norm,Norm,1Fam,1.5Fin,5,5,1930,1950,Gable,CompShg,Wd Sdng,Wd Sdng,None,0.0,3,3,CBlock,TA,TA,No,LwQ,324,Unf,0,588,912,GasA,4,Y,FuseA,912,336,0,1248,0,0,1,0,2,1,3,6,Typ,0,0,Detchd,1957.0,Unf,1,160,2,2,Y,0,0,192,0,0,0,0,None,None,0,3,2007,WD,Normal,87000,2160,1.0,77,57,1,192,0,1,0
120,RL,43.0,3182,Pave,None,Reg,Lvl,AllPub,Inside,Gtl,Blmngtn,Norm,Norm,TwnhsE,1Story,7,5,2005,2006,Gable,CompShg,VinylSd,VinylSd,BrkFace,14.0,4,3,PConc,Gd,Gd,No,GLQ,16,Unf,0,1330,1346,GasA,5,Y,SBrkr,1504,0,0,1504,0,0,2,0,2,1,4,7,Typ,1,4,Attchd,2005.0,Fin,2,437,3,3,Y,156,20,0,0,0,0,0,None,None,0,5,2008,WD,Normal,191000,2850,2.0,3,2,1,176,0,1,1
20,RL,85.0,15498,Pave,None,IR1,Lvl,AllPub,Corner,Gtl,Timber,Norm,Norm,1Fam,1Story,8,6,1976,1976,Hip,WdShake,Stone,HdBoard,None,0.0,4,3,CBlock,Gd,TA,Av,ALQ,1165,LwQ,400,0,1565,GasA,3,Y,SBrkr,2898,0,0,2898,1,0,2,0,2,1,4,10,Typ,1,4,Attchd,1976.0,Fin,2,665,3,3,Y,0,72,174,0,0,0,0,None,None,0,5,2008,COD,Abnorml,287000,4463,3.0,32,32,0,246,0,1,1
20,RL,70.0,7700,Pave,None,Reg,Lvl,AllPub,Corner,Gtl,CollgCr,Norm,Norm,1Fam,1Story,5,5,1972,1972,Gable,CompShg,VinylSd,VinylSd,None,0.0,3,3,CBlock,TA,TA,No,LwQ,138,Rec,468,276,882,GasA,3,Y,SBrkr,882,0,0,882,1,0,1,0,3,1,3,5,Typ,0,0,Detchd,1980.0,Unf,2,461,3,3,Y,96,0,0,0,0,0,0,MnPrv,None,0,3,2007,WD,Normal,112500,1764,2.0,35,35,0,96,0,1,0
20,RL,73.0,9300,Pave,None,Reg,Lvl,AllPub,Inside,Gtl,NAmes,Feedr,Norm,1Fam,1Story,5,5,1960,1960,Gable,CompShg,MetalSd,HdBoard,BrkFace,324.0,3,3,CBlock,TA,TA,No,Rec,697,Unf,0,571,1268,GasA,3,Y,SBrkr,1264,0,0,1264,1,0,1,0,3,1,3,6,Typ,2,4,Attchd,1960.0,Unf,2,461,3,3,Y,0,0,0,0,143,0,0,None,None,0,4,2010,WD,Normal,167500,2532,2.0,50,50,0,143,0,1,1
20,RL,71.0,9520,Pave,None,IR1,HLS,AllPub,Inside,Gtl,Timber,Norm,Norm,1Fam,1Story,8,5,2007,2008,Gable,CompShg,VinylSd,VinylSd,Stone,338.0,4,3,PConc,Gd,TA,Gd,GLQ,1513,Unf,0,125,1638,GasA,5,Y,SBrkr,1646,0,0,1646,1,0,2,0,3,1,4,7,Typ,1,4,Attchd,2008.0,RFn,3,800,3,3,Y,192,44,0,0,0,0,0,None,None,0,4,2008,New,Partial,293077,3284,3.0,1,0,1,236,0,1,1
50,RL,79.0,9492,Pave,None,Reg,Lvl,AllPub,Inside,Gtl,NAmes,Artery,Norm,1Fam,1.5Fin,5,5,1941,1950,Gable,CompShg,WdShing,Wd Shng,None,0.0,3,3,CBlock,TA,TA,No,Rec,368,BLQ,41,359,768,GasA,3,Y,SBrkr,968,408,0,1376,1,0,1,0,3,1,3,6,Typ,1,4,Attchd,1941.0,Unf,1,240,3,3,Y,0,0,0,0,0,0,0,None,None,0,4,2007,WD,Normal,105000,2144,2.0,66,57,1,0,0,1,1
160,RM,21.0,1680,Pave,None,Reg,Lvl,AllPub,Inside,Gtl,BrDale,Norm,Norm,Twnhs,2Story,6,7,1972,1972,Gable,CompShg,HdBoard,HdBoard,BrkFace,281.0,3,3,CBlock,TA,TA,No,BLQ,317,Unf,0,355,672,GasA,4,Y,SBrkr,672,546,0,1218,0,1,1,1,3,1,3,7,Typ,0,0,Detchd,1972.0,Unf,1,264,3,3,Y,0,28,0,0,0,0,0,None,None,0,5,2006,WD,Normal,118000,1890,2.0,34,34,0,28,0,1,0
190,RH,60.0,7082,Pave,None,Reg,Lvl,AllPub,Inside,Gtl,SWISU,Norm,Norm,2fmCon,2Story,5,8,1916,1995,Gable,CompShg,VinylSd,VinylSd,None,0.0,3,3,PConc,TA,TA,Mn,Unf,0,Unf,0,686,686,GasA,4,Y,SBrkr,948,980,0,1928,0,0,2,0,5,2,3,10,Typ,0,0,None,0.0,None,0,0,0,0,N,0,0,228,0,0,0,0,None,None,0,7,2006,WD,Normal,160000,2614,2.0,90,11,1,228,0,0,0
75,RL,102.0,15863,Pave,None,Reg,Lvl,AllPub,Corner,Gtl,SWISU,Norm,Norm,1Fam,2.5Fin,7,3,1920,1970,Gable,CompShg,Wd Sdng,Plywood,None,0.0,3,3,BrkTil,TA,TA,No,GLQ,523,Unf,0,301,824,GasA,5,Y,SBrkr,1687,998,397,3082,1,0,2,1,5,1,3,12,Typ,2,3,Basment,1970.0,Fin,2,672,3,3,Y,136,63,0,0,0,0,0,None,None,0,8,2009,WD,Normal,197000,3509,3.5,89,39,1,199,0,1,1
60,RL,91.0,14541,Pave,None,IR1,Lvl,AllPub,Corner,Gtl,NoRidge,Norm,Norm,1Fam,2Story,8,7,1993,1993,Gable,CompShg,MetalSd,MetalSd,None,0.0,4,4,PConc,Gd,Gd,No,GLQ,1012,Unf,0,326,1338,GasA,5,Y,SBrkr,1352,1168,0,2520,1,0,2,1,5,1,4,10,Typ,1,3,Attchd,1993.0,RFn,3,796,3,3,Y,209,55,0,0,0,0,0,None,None,0,11,2006,WD,Abnorml,310000,3858,3.5,13,13,0,264,0,1,1
20,RL,70.0,8125,Pave,None,Reg,Lvl,AllPub,Inside,Gtl,CollgCr,Norm,Norm,1Fam,1Story,7,5,2002,2002,Gable,CompShg,VinylSd,VinylSd,Stone,295.0,4,3,PConc,Gd,TA,No,GLQ,986,Unf,0,668,1654,GasA,5,Y,SBrkr,1654,0,0,1654,1,0,2,0,3,1,4,6,Typ,0,0,Attchd,2002.0,Unf,3,900,3,3,Y,0,136,0,0,0,0,0,None,None,0,2,2006,WD,Normal,230000,3308,3.0,4,4,0,136,0,1,0
30,RL,50.0,6305,Pave,None,Reg,Bnk,AllPub,Inside,Gtl,Crawfor,Norm,Norm,1Fam,1Story,5,7,1938,1950,Gable,CompShg,MetalSd,MetalSd,None,0.0,3,4,PConc,Fa,Fa,No,Unf,0,Unf,0,920,920,GasA,5,Y,SBrkr,954,0,0,954,0,0,1,0,2,1,2,5,Typ,1,4,Basment,1938.0,Unf,1,240,2,3,Y,0,0,0,0,0,0,0,MnPrv,None,0,6,2007,WD,Normal,119750,1874,1.0,69,57,1,0,0,1,1
20,RL,65.5,11500,Pave,None,IR1,Lvl,AllPub,CulDSac,Gtl,Edwards,Norm,Norm,1Fam,1Story,4,3,1957,1957,Gable,CompShg,Wd Sdng,Wd Sdng,None,0.0,3,4,Slab,None,None,None,None,0,None,0,0,0,GasA,5,N,SBrkr,845,0,0,845,0,0,1,0,3,1,3,5,Typ,0,0,Detchd,1957.0,Unf,1,290,3,3,N,186,0,0,0,0,0,0,None,None,0,1,2009,WD,Normal,84000,845,1.0,52,52,0,186,0,1,0
20,RL,89.0,12898,Pave,None,IR1,HLS,AllPub,Inside,Gtl,Timber,Norm,Norm,1Fam,1Story,9,5,2007,2008,Hip,CompShg,VinylSd,VinylSd,Stone,70.0,4,3,PConc,Ex,TA,Gd,GLQ,1022,Unf,0,598,1620,GasA,5,Y,SBrkr,1620,0,0,1620,1,0,2,0,2,1,5,6,Typ,1,5,Attchd,2008.0,Fin,3,912,3,3,Y,228,0,0,0,0,0,0,None,None,0,9,2009,WD,Normal,315500,3240,3.0,2,1,1,228,0,1,1
60,RL,70.0,9240,Pave,None,Reg,Lvl,AllPub,Inside,Gtl,CollgCr,Norm,Norm,1Fam,2Story,8,5,2001,2002,Gable,CompShg,VinylSd,VinylSd,BrkFace,396.0,4,3,PConc,Gd,TA,No,Unf,0,Unf,0,1055,1055,GasA,5,Y,SBrkr,1055,1208,0,2263,0,0,2,1,3,1,4,7,Typ,1,3,BuiltIn,2001.0,Fin,2,905,3,3,Y,0,45,0,0,189,0,0,None,None,0,9,2008,WD,Normal,287000,3318,2.5,7,6,1,234,0,1,1
160,RM,21.0,1533,Pave,None,Reg,Lvl,AllPub,Inside,Gtl,MeadowV,Norm,Norm,Twnhs,2Story,4,6,1970,2008,Gable,CompShg,CemntBd,CmentBd,None,0.0,3,3,CBlock,TA,TA,No,Unf,0,Unf,0,546,546,GasA,3,Y,SBrkr,798,546,0,1344,0,0,1,1,3,1,3,6,Typ,1,3,None,0.0,None,0,0,0,0,Y,0,0,0,0,0,0,0,None,None,0,5,2009,WD,Normal,97000,1890,1.5,39,1,1,0,0,0,1
180,RM,21.0,1477,Pave,None,Reg,Lvl,AllPub,Inside,Gtl,MeadowV,Norm,Norm,TwnhsE,SFoyer,4,4,1970,1970,Gable,CompShg,CemntBd,CmentBd,None,0.0,3,3,CBlock,Gd,TA,Av,GLQ,509,Unf,0,121,630,GasA,3,Y,SBrkr,630,0,0,630,1,0,1,0,1,1,3,3,Typ,0,0,Attchd,1970.0,Unf,1,286,3,3,Y,0,0,0,0,0,0,0,None,None,0,4,2009,WD,Normal,80000,1260,2.0,39,39,0,0,0,1,0
20,RL,88.0,13125,Pave,None,Reg,Lvl,AllPub,Corner,Gtl,Sawyer,Norm,Norm,1Fam,1Story,5,4,1957,2000,Gable,CompShg,Wd Sdng,Wd Sdng,BrkCmn,67.0,3,3,CBlock,TA,TA,No,Rec,168,BLQ,682,284,1134,GasA,5,Y,SBrkr,1803,0,0,1803,1,0,2,0,3,1,3,8,Maj1,1,3,Attchd,1957.0,RFn,2,484,3,3,Y,0,0,0,0,0,0,0,GdPrv,None,0,1,2006,WD,Normal,155000,2937,3.0,49,6,1,0,0,1,1
60,RL,80.0,9130,Pave,None,Reg,Lvl,AllPub,Inside,Gtl,NWAmes,Feedr,Norm,1Fam,2Story,6,8,1966,2000,Hip,CompShg,HdBoard,HdBoard,BrkFace,252.0,3,3,CBlock,TA,TA,No,GLQ,400,Rec,64,336,800,GasA,4,Y,SBrkr,800,832,0,1632,0,1,1,1,4,1,4,7,Typ,0,0,Attchd,1966.0,Unf,2,484,3,3,Y,0,40,0,0,0,0,0,None,None,0,7,2008,WD,Normal,173000,2432,2.0,42,8,1,40,0,1,0
120,RL,34.0,5381,Pave,None,IR1,Lvl,AllPub,Inside,Gtl,NridgHt,Norm,Norm,Twnhs,1Story,6,5,2005,2005,Gable,CompShg,VinylSd,VinylSd,Stone,135.0,4,3,PConc,Gd,TA,Av,ALQ,900,Unf,0,406,1306,GasA,5,Y,SBrkr,1306,0,0,1306,1,0,2,0,1,1,4,5,Typ,1,4,Attchd,2005.0,RFn,2,624,3,3,Y,170,63,0,0,0,0,0,None,None,0,8,2009,WD,Normal,196000,2612,3.0,4,4,0,233,0,1,1
60,RL,86.0,11839,Pave,None,Reg,Lvl,AllPub,Inside,Gtl,SawyerW,Norm,Norm,1Fam,2Story,7,5,1990,1990,Hip,CompShg,HdBoard,HdBoard,BrkFace,99.0,3,3,PConc,Gd,TA,No,GLQ,1085,Unf,0,390,1475,GasA,5,Y,SBrkr,1532,797,0,2329,1,0,2,1,4,1,4,10,Typ,1,5,Attchd,1990.0,Unf,2,514,3,3,Y,192,121,0,0,0,0,0,None,None,0,5,2008,WD,Normal,262280,3804,3.5,18,18,0,313,0,1,1
20,RL,80.0,9600,Pave,None,Reg,Lvl,AllPub,Inside,Gtl,NWAmes,PosN,Norm,1Fam,1Story,8,5,1981,1981,Hip,WdShngl,BrkFace,BrkFace,None,0.0,4,3,PConc,Gd,TA,No,ALQ,1104,Unf,0,1420,2524,GasA,3,Y,SBrkr,2524,0,0,2524,1,0,2,1,4,1,4,9,Typ,1,4,Attchd,1981.0,Fin,2,542,3,3,Y,474,120,0,0,0,0,0,MnPrv,None,0,7,2009,WD,Normal,278000,5048,3.5,28,28,0,594,0,1,1
20,RL,65.5,13680,Pave,None,IR1,Lvl,AllPub,CulDSac,Gtl,Edwards,Norm,Norm,1Fam,1Story,3,5,1955,1955,Hip,CompShg,BrkFace,Wd Sdng,None,0.0,3,3,Slab,None,None,None,None,0,None,0,0,0,GasA,5,Y,FuseA,1733,0,0,1733,0,0,2,0,4,1,3,8,Min2,1,4,Attchd,1955.0,Unf,2,452,3,3,Y,0,0,0,0,0,0,0,None,None,0,6,2009,WD,Normal,139600,1733,2.0,54,54,0,0,0,1,1
60,RL,85.0,16056,Pave,None,IR1,Lvl,AllPub,Inside,Gtl,StoneBr,Norm,Norm,1Fam,2Story,9,5,2005,2006,Hip,CompShg,CemntBd,CmentBd,Stone,208.0,4,3,PConc,Ex,TA,Av,GLQ,240,Unf,0,1752,1992,GasA,5,Y,SBrkr,1992,876,0,2868,0,0,3,1,4,1,5,11,Typ,1,4,BuiltIn,2005.0,Fin,3,716,3,3,Y,214,108,0,0,0,0,0,None,None,0,7,2006,New,Partial,556581,4860,3.5,1,0,1,322,0,1,1
20,RL,57.0,9245,Pave,None,IR2,Lvl,AllPub,Inside,Gtl,CollgCr,Norm,Norm,1Fam,1Story,5,5,1994,1995,Gable,CompShg,VinylSd,VinylSd,None,0.0,3,3,PConc,Gd,TA,No,GLQ,686,Unf,0,304,990,GasA,5,Y,SBrkr,990,0,0,990,0,1,1,0,3,1,3,5,Typ,0,0,Detchd,1996.0,Unf,2,672,3,3,Y,0,0,0,0,0,0,0,None,None,0,2,2008,WD,Normal,145000,1980,1.5,14,13,1,0,0,1,0
20,RL,100.0,21750,Pave,None,Reg,Lvl,AllPub,Inside,Gtl,Mitchel,Norm,Norm,1Fam,1Story,5,4,1960,2006,Hip,CompShg,HdBoard,HdBoard,BrkFace,75.0,3,2,Slab,None,None,None,None,0,None,0,0,0,GasA,3,Y,SBrkr,1771,0,0,1771,0,0,1,0,3,1,3,9,Min1,1,3,Attchd,1960.0,Unf,2,336,3,3,Y,0,0,0,0,0,0,0,GdPrv,None,0,11,2009,WD,Normal,115000,1771,1.0,49,3,1,0,0,1,1
20,RL,60.0,11100,Pave,None,Reg,Low,AllPub,Inside,Gtl,Edwards,Norm,Norm,1Fam,1Story,4,7,1946,2006,Gable,CompShg,MetalSd,MetalSd,None,0.0,3,3,CBlock,None,None,None,None,0,None,0,0,0,GasA,5,Y,SBrkr,930,0,0,930,0,0,1,0,2,1,4,6,Typ,0,0,Detchd,1946.0,Unf,1,308,3,3,Y,0,0,0,0,0,0,0,None,None,0,4,2010,WD,Abnorml,84900,930,1.0,64,4,1,0,0,1,0
20,RL,73.0,8993,Pave,None,IR1,Lvl,AllPub,Inside,Gtl,Gilbert,Norm,Norm,1Fam,1Story,7,5,2007,2007,Gable,CompShg,VinylSd,VinylSd,None,0.0,4,3,PConc,Gd,TA,Av,Unf,0,Unf,0,1302,1302,GasA,5,Y,SBrkr,1302,0,0,1302,0,0,2,0,3,1,4,6,Typ,0,0,Attchd,2007.0,Fin,2,436,3,3,Y,0,22,0,0,0,0,0,None,None,0,8,2007,New,Partial,176485,2604,2.0,0,0,0,22,0,1,0
20,RL,103.0,11175,Pave,None,IR1,Lvl,AllPub,Corner,Gtl,CollgCr,Norm,Norm,1Fam,1Story,7,5,2007,2007,Gable,CompShg,VinylSd,VinylSd,None,0.0,4,3,PConc,Gd,TA,Av,Unf,0,Unf,0,1316,1316,GasA,5,Y,SBrkr,1316,0,0,1316,0,0,2,0,3,1,4,6,Typ,1,4,Attchd,2007.0,Fin,2,440,3,3,Y,0,20,0,0,0,0,0,None,None,0,10,2007,New,Partial,200141,2632,2.0,0,0,0,20,0,1,1
60,RL,100.0,9500,Pave,None,Reg,Lvl,AllPub,Corner,Gtl,NAmes,Artery,Norm,1Fam,2Story,6,6,1964,1978,Gable,CompShg,VinylSd,VinylSd,BrkCmn,272.0,3,3,CBlock,TA,TA,No,Rec,442,Unf,0,374,816,GasA,3,Y,SBrkr,1127,850,0,1977,0,1,1,1,4,1,3,9,Typ,1,3,Attchd,1964.0,RFn,2,540,3,3,Y,0,52,0,0,0,0,0,GdPrv,None,0,6,2007,WD,Normal,165000,2793,2.0,43,29,1,52,0,1,1
20,RL,68.0,8562,Pave,None,Reg,Lvl,AllPub,Inside,Mod,Edwards,Norm,Norm,1Fam,1Story,5,6,1957,2002,Hip,CompShg,HdBoard,HdBoard,Stone,145.0,3,3,CBlock,TA,TA,Av,Rec,383,Unf,0,833,1216,GasA,5,Y,FuseA,1526,0,0,1526,0,0,1,0,4,1,3,7,Min2,1,4,Basment,1957.0,Unf,1,364,3,3,Y,116,78,0,0,0,0,0,None,None,0,5,2010,WD,Normal,144500,2742,1.0,53,8,1,194,0,1,1
60,RL,90.0,11367,Pave,None,Reg,Lvl,AllPub,Corner,Gtl,CollgCr,Norm,Norm,1Fam,2Story,8,5,2002,2002,Gable,CompShg,VinylSd,VinylSd,BrkFace,210.0,4,3,PConc,Gd,TA,Mn,GLQ,932,Unf,0,133,1065,GasA,5,Y,SBrkr,1091,898,0,1989,1,0,2,1,3,1,4,7,Typ,1,4,Attchd,2002.0,Fin,2,586,3,3,Y,199,60,0,0,0,0,0,None,None,0,11,2006,WD,Normal,255000,3054,3.5,4,4,0,259,0,1,1
20,RL,104.0,11361,Pave,None,Reg,Lvl,AllPub,Inside,Gtl,NWAmes,Norm,Norm,1Fam,1Story,6,5,1976,1976,Gable,CompShg,Plywood,Plywood,BrkFace,160.0,3,3,CBlock,Gd,TA,No,ALQ,644,Unf,0,549,1193,GasA,3,Y,SBrkr,1523,0,0,1523,0,1,2,0,3,1,3,7,Typ,1,3,Attchd,1976.0,Fin,2,478,3,3,Y,0,0,0,0,189,0,0,MnPrv,None,0,5,2008,COD,Abnorml,180000,2716,2.5,32,32,0,189,0,1,1
120,RL,43.0,7052,Pave,None,IR1,Lvl,AllPub,Inside,Gtl,NridgHt,Norm,Norm,TwnhsE,1Story,7,5,2005,2005,Gable,CompShg,VinylSd,VinylSd,Stone,240.0,4,3,PConc,Gd,TA,Av,GLQ,659,Unf,0,705,1364,GasA,5,Y,SBrkr,1364,0,0,1364,1,0,2,0,2,1,4,6,Typ,1,4,Attchd,2005.0,RFn,2,484,3,3,Y,192,36,0,0,0,0,0,None,None,0,6,2006,WD,Normal,185850,2728,3.0,1,1,0,228,0,1,1
60,RL,91.0,29959,Pave,None,IR2,Lvl,AllPub,FR2,Gtl,NoRidge,Norm,Norm,1Fam,2Story,7,6,1994,1994,Gable,CompShg,HdBoard,HdBoard,None,0.0,4,3,PConc,Gd,TA,No,GLQ,595,Unf,0,378,973,GasA,5,Y,SBrkr,979,871,0,1850,0,0,2,1,3,1,4,7,Typ,1,4,BuiltIn,1994.0,Fin,2,467,3,3,Y,168,98,0,0,0,0,0,None,None,0,1,2009,WD,Normal,248000,2823,2.5,15,15,0,266,0,1,1
60,RL,96.0,11308,Pave,None,IR1,Lvl,AllPub,Inside,Gtl,NridgHt,Norm,Norm,1Fam,2Story,9,5,2008,2008,Gable,CompShg,VinylSd,VinylSd,Stone,154.0,5,3,PConc,Ex,TA,Av,GLQ,936,Unf,0,168,1104,GasA,5,Y,SBrkr,1130,1054,0,2184,1,0,2,1,3,1,5,10,Typ,1,4,Attchd,2008.0,Fin,3,836,3,3,Y,0,102,0,0,0,0,0,None,None,0,7,2009,WD,Normal,335000,3288,3.5,1,1,0,102,0,1,1
50,RL,74.0,11275,Pave,None,IR1,HLS,AllPub,Corner,Mod,Crawfor,Norm,Norm,1Fam,1.5Fin,6,7,1932,1950,Gable,CompShg,MetalSd,MetalSd,BrkFace,480.0,3,3,CBlock,TA,TA,Mn,Rec,297,LwQ,557,0,854,GasA,3,Y,SBrkr,1096,895,0,1991,0,0,1,1,3,1,3,7,Typ,1,4,Detchd,1977.0,Unf,2,432,3,2,Y,0,0,19,0,0,0,0,None,None,0,3,2007,WD,Normal,220000,2845,1.5,75,57,1,19,0,1,1
120,RL,41.0,4920,Pave,None,Reg,Lvl,AllPub,Inside,Gtl,StoneBr,Norm,Norm,TwnhsE,1Story,8,5,2001,2001,Gable,CompShg,CemntBd,CmentBd,None,0.0,4,3,PConc,Gd,TA,Mn,GLQ,616,Unf,0,722,1338,GasA,5,Y,SBrkr,1338,0,0,1338,1,0,2,0,2,1,4,6,Typ,0,0,Attchd,2001.0,Fin,2,582,3,3,Y,0,0,170,0,0,0,0,None,None,0,4,2010,WD,Normal,213500,2676,3.0,9,9,0,170,0,1,0
30,C (all),120.0,18000,Grvl,None,Reg,Low,AllPub,Inside,Gtl,IDOTRR,Norm,Norm,1Fam,1Story,3,4,1935,1950,Gable,CompShg,MetalSd,MetalSd,None,0.0,2,3,CBlock,TA,TA,No,Unf,0,Unf,0,894,894,GasA,3,Y,SBrkr,894,0,0,894,0,0,1,0,2,1,3,6,Typ,0,0,Detchd,1994.0,RFn,3,1248,3,3,Y,0,20,0,0,0,0,0,None,Shed,560,8,2008,ConLD,Normal,81000,1788,1.0,73,58,1,20,0,1,0
190,RM,85.0,13600,Pave,Grvl,Reg,Lvl,AllPub,Inside,Gtl,OldTown,Norm,Norm,2fmCon,2Story,5,5,1900,1950,Gable,CompShg,Wd Sdng,Wd Sdng,None,0.0,3,3,BrkTil,TA,TA,No,Unf,0,Unf,0,662,662,GasA,3,N,SBrkr,1422,915,0,2337,0,0,2,0,5,2,3,10,Min2,0,0,Detchd,1945.0,Unf,2,560,3,3,Y,0,57,0,0,0,0,0,None,None,0,9,2007,WD,Normal,90000,2999,2.0,107,57,1,57,0,1,0
30,RM,50.0,6000,Pave,None,Reg,Lvl,AllPub,Inside,Gtl,OldTown,Artery,Norm,1Fam,1Story,6,6,1925,1980,Gable,CompShg,MetalSd,MetalSd,None,0.0,3,4,BrkTil,TA,TA,No,BLQ,397,Unf,0,706,1103,GasA,4,Y,SBrkr,1103,0,0,1103,0,0,1,0,2,1,4,5,Typ,1,4,Detchd,1976.0,Unf,2,440,3,3,Y,166,120,0,0,0,0,0,MnPrv,None,0,7,2006,WD,Normal,110500,2206,1.0,81,26,1,286,0,1,1
20,RL,73.0,11000,Pave,None,IR1,Lvl,AllPub,CulDSac,Gtl,NAmes,Norm,Norm,1Fam,1Story,5,6,1966,1966,Gable,CompShg,Plywood,Plywood,BrkFace,200.0,3,3,CBlock,TA,TA,Mn,BLQ,740,Rec,230,184,1154,GasA,5,Y,SBrkr,1154,0,0,1154,0,0,1,1,3,1,3,6,Typ,1,1,Attchd,1966.0,RFn,2,480,3,3,Y,0,58,0,0,0,0,0,MnPrv,None,0,11,2009,WD,Normal,154000,2308,1.5,43,43,0,58,0,1,1
60,RL,80.0,14000,Pave,None,Reg,Lvl,AllPub,Inside,Mod,ClearCr,Norm,Norm,1Fam,2Story,7,5,1996,1997,Gable,CompShg,Wd Sdng,Wd Sdng,None,0.0,4,3,PConc,Ex,TA,Gd,GLQ,1201,Unf,0,105,1306,GasA,5,Y,SBrkr,1306,954,0,2260,1,0,2,1,3,1,4,7,Typ,0,0,Attchd,1996.0,RFn,2,533,3,3,Y,296,44,0,0,0,0,0,None,None,0,4,2010,WD,Normal,328000,3566,3.5,14,13,1,340,0,1,0
60,RL,59.0,7837,Pave,None,IR1,Lvl,AllPub,Inside,Gtl,Gilbert,Norm,Norm,1Fam,2Story,6,7,1993,1994,Gable,CompShg,VinylSd,VinylSd,None,0.0,4,3,PConc,Gd,TA,No,Unf,0,Unf,0,799,799,GasA,4,Y,SBrkr,799,772,0,1571,0,0,2,1,3,1,3,7,Typ,1,3,Attchd,1993.0,RFn,2,380,3,3,Y,0,40,0,0,0,0,0,None,None,0,5,2009,WD,Normal,178000,2370,2.5,16,15,1,40,0,1,1
60,RL,80.0,9760,Pave,None,Reg,Lvl,AllPub,Inside,Mod,NAmes,Norm,Norm,1Fam,2Story,6,6,1964,1964,Gable,CompShg,HdBoard,HdBoard,BrkFace,360.0,3,3,CBlock,TA,TA,Gd,GLQ,674,LwQ,106,0,780,GasA,3,Y,SBrkr,798,813,0,1611,1,0,1,1,4,1,3,7,Typ,0,0,Attchd,1964.0,RFn,2,442,3,3,Y,328,128,0,0,189,0,0,None,None,0,6,2008,WD,Normal,167900,2391,2.5,44,44,0,645,0,1,0
160,RM,42.0,3964,Pave,None,Reg,Lvl,AllPub,Inside,Gtl,MeadowV,Norm,Norm,TwnhsE,2Story,6,4,1973,1973,Gable,CompShg,CemntBd,CmentBd,None,0.0,3,3,CBlock,Gd,TA,No,ALQ,837,Unf,0,105,942,GasA,4,Y,SBrkr,1291,1230,0,2521,1,0,2,1,5,1,3,10,Maj1,1,4,Attchd,1973.0,Fin,2,576,3,3,Y,728,20,0,0,0,0,0,GdPrv,None,0,6,2006,WD,Normal,151400,3463,3.5,33,33,0,748,0,1,1
45,RL,60.0,9600,Pave,None,Reg,Lvl,AllPub,Inside,Gtl,NAmes,Norm,Norm,1Fam,1.5Unf,5,7,1949,2003,Gable,CompShg,MetalSd,MetalSd,None,0.0,3,3,CBlock,TA,TA,No,ALQ,220,Unf,0,625,845,GasA,3,Y,SBrkr,893,0,0,893,0,1,1,0,2,1,4,4,Typ,0,0,Detchd,1985.0,Unf,2,576,3,3,Y,0,0,0,0,0,0,0,None,None,0,5,2007,WD,Normal,135000,1738,1.5,58,4,1,0,0,1,0
20,RL,72.0,10152,Pave,None,Reg,Lvl,AllPub,Inside,Gtl,NAmes,Norm,Norm,1Fam,1Story,5,5,1956,1956,Hip,CompShg,MetalSd,MetalSd,BrkFace,120.0,3,3,CBlock,TA,TA,No,BLQ,586,Unf,0,462,1048,GasA,3,Y,SBrkr,1048,0,0,1048,1,0,1,0,3,1,3,6,Typ,0,0,Attchd,1956.0,Unf,1,286,3,3,Y,0,20,0,0,192,0,0,None,None,0,6,2007,WD,Normal,135000,2096,2.0,51,51,0,212,0,1,0
60,RL,78.0,11700,Pave,None,Reg,Lvl,AllPub,Inside,Gtl,NWAmes,RRAn,Norm,1Fam,2Story,6,6,1968,1968,Gable,CompShg,MetalSd,MetalSd,None,0.0,3,3,CBlock,TA,TA,No,Rec,298,Unf,0,429,727,GasA,5,Y,SBrkr,829,727,0,1556,0,0,1,1,4,1,3,8,Typ,0,0,Attchd,1968.0,Unf,2,441,3,3,Y,0,0,0,0,0,0,0,None,None,0,5,2009,WD,Normal,154000,2283,1.5,41,41,0,0,0,1,0
50,RL,50.0,7585,Pave,None,Reg,Lvl,AllPub,Inside,Gtl,Edwards,Artery,Norm,1Fam,1.5Fin,5,3,1948,1950,Gable,CompShg,MetalSd,MetalSd,None,0.0,3,3,CBlock,Fa,Fa,Mn,Unf,0,Unf,0,810,810,GasA,2,Y,FuseA,1002,454,0,1456,1,1,1,0,4,1,3,7,Typ,1,3,Detchd,1954.0,Unf,1,280,3,3,P,0,0,0,0,0,0,0,None,None,0,8,2006,WD,Normal,91500,2266,2.5,58,56,1,0,0,1,1
60,RL,75.0,7950,Pave,None,IR1,Bnk,AllPub,Corner,Gtl,Edwards,Norm,Norm,1Fam,2Story,6,6,1977,1977,Hip,CompShg,HdBoard,Plywood,BrkFace,140.0,3,3,CBlock,TA,TA,No,BLQ,535,Unf,0,155,690,GasA,3,Y,SBrkr,698,728,0,1426,0,0,1,1,3,1,3,6,Typ,0,0,Attchd,1977.0,Fin,2,440,3,3,Y,252,0,0,0,0,0,0,MnPrv,None,0,7,2009,WD,Normal,159500,2116,1.5,32,32,0,252,0,1,0
20,RL,74.0,8556,Pave,None,Reg,Lvl,AllPub,Inside,Gtl,CollgCr,Norm,Norm,1Fam,1Story,7,5,2006,2006,Gable,CompShg,VinylSd,VinylSd,None,0.0,4,3,PConc,Gd,TA,Av,Unf,0,Unf,0,1240,1240,GasA,5,Y,SBrkr,1240,0,0,1240,0,0,2,0,2,1,4,5,Typ,0,0,Attchd,2006.0,RFn,3,826,3,3,Y,140,93,0,0,0,0,0,None,None,0,5,2007,WD,Normal,194000,2480,2.0,1,1,0,233,0,1,0
70,RL,75.0,13125,Pave,None,Reg,Lvl,AllPub,Inside,Gtl,Crawfor,Norm,Norm,1Fam,2Story,7,6,1940,1984,Gable,CompShg,Wd Sdng,Wd Sdng,None,0.0,3,3,CBlock,TA,TA,No,BLQ,410,Unf,0,390,800,GasA,3,Y,SBrkr,960,780,0,1740,0,0,1,1,3,1,3,6,Typ,2,4,Attchd,1940.0,Unf,1,240,3,3,Y,0,0,0,0,0,0,0,None,None,0,7,2007,CWD,Normal,219500,2540,1.5,67,23,1,0,0,1,1
50,RL,60.0,10800,Pave,Grvl,Reg,Lvl,AllPub,Inside,Gtl,OldTown,Norm,Norm,1Fam,1.5Fin,5,8,1936,1989,Gable,CompShg,Wd Sdng,Wd Sdng,None,0.0,3,3,CBlock,Fa,TA,No,ALQ,626,Unf,0,170,796,GasA,4,Y,SBrkr,1096,370,0,1466,0,1,2,0,3,1,4,7,Min1,1,3,Attchd,1950.0,Unf,2,566,3,3,Y,436,21,0,0,0,0,0,None,Shed,500,4,2006,WD,Normal,170000,2262,2.5,70,17,1,457,0,1,1
20,RL,73.0,15870,Pave,None,IR1,Lvl,AllPub,Corner,Gtl,NAmes,Norm,Norm,1Fam,1Story,5,5,1969,1969,Gable,CompShg,VinylSd,Plywood,None,0.0,3,3,CBlock,TA,TA,Mn,BLQ,75,Rec,791,230,1096,GasA,5,Y,SBrkr,1096,0,0,1096,1,0,1,0,3,1,3,6,Typ,0,0,Attchd,1969.0,Fin,1,299,3,3,Y,240,32,0,0,0,0,0,None,None,0,3,2006,WD,Abnorml,138800,2192,2.0,37,37,0,272,0,1,0
120,RM,37.0,4435,Pave,None,Reg,Lvl,AllPub,Inside,Gtl,CollgCr,Norm,Norm,TwnhsE,1Story,6,5,2004,2004,Gable,CompShg,VinylSd,VinylSd,BrkFace,169.0,4,3,PConc,Gd,TA,Mn,GLQ,662,Unf,0,186,848,GasA,5,Y,SBrkr,848,0,0,848,1,0,1,0,1,1,4,3,Typ,1,4,Attchd,2004.0,RFn,2,420,3,3,Y,140,0,0,0,0,0,0,None,None,0,5,2006,WD,Normal,155900,1696,2.0,2,2,0,140,0,1,1
20,RL,65.0,8775,Pave,None,Reg,Lvl,AllPub,Inside,Gtl,CollgCr,Norm,Norm,1Fam,1Story,5,5,1994,1994,Gable,CompShg,VinylSd,VinylSd,None,0.0,3,3,PConc,Gd,TA,No,GLQ,495,Unf,0,495,990,GasA,4,Y,SBrkr,990,0,0,990,0,0,1,0,3,1,3,5,Typ,0,0,Attchd,1996.0,Unf,1,299,3,3,Y,0,64,0,0,0,0,0,None,None,0,4,2007,WD,Normal,126000,1980,1.0,13,13,0,64,0,1,0
20,RL,80.0,11040,Pave,None,Reg,Lvl,AllPub,Inside,Gtl,NWAmes,Norm,Norm,1Fam,1Story,6,7,1971,2004,Gable,CompShg,VinylSd,VinylSd,BrkFace,144.0,4,4,CBlock,TA,TA,No,ALQ,656,Unf,0,602,1258,GasA,5,Y,SBrkr,1258,0,0,1258,0,1,2,0,3,1,4,5,Typ,0,0,Attchd,1971.0,RFn,2,528,3,3,Y,55,0,0,216,0,0,0,None,None,0,10,2008,COD,Abnorml,145000,2516,2.5,37,4,1,271,0,1,0
20,RL,75.0,7500,Pave,None,Reg,Lvl,AllPub,Corner,Gtl,Sawyer,Feedr,Norm,1Fam,1Story,5,5,1963,1963,Gable,CompShg,HdBoard,HdBoard,None,0.0,3,3,CBlock,TA,TA,No,ALQ,824,Unf,0,216,1040,GasA,2,Y,SBrkr,1040,0,0,1040,1,0,1,1,3,1,3,5,Typ,0,0,Attchd,1963.0,Fin,1,308,3,3,Y,0,0,220,0,0,0,0,MnPrv,None,0,6,2010,WD,Normal,133000,2080,2.5,47,47,0,220,0,1,0
20,RL,70.0,8749,Pave,None,Reg,Lvl,AllPub,Inside,Gtl,CollgCr,Norm,Norm,1Fam,1Story,7,5,2002,2002,Gable,CompShg,VinylSd,VinylSd,BrkFace,100.0,4,3,PConc,Gd,TA,No,Unf,0,Unf,0,1459,1459,GasA,5,Y,SBrkr,1459,0,0,1459,0,0,2,0,3,1,4,6,Typ,1,4,Attchd,2002.0,RFn,2,527,3,3,Y,192,39,0,0,0,0,0,None,None,0,9,2007,WD,Normal,192000,2918,2.0,5,5,0,231,0,1,1
20,RL,80.0,8800,Pave,None,Reg,Lvl,AllPub,Inside,Gtl,NAmes,Norm,Norm,1Fam,1Story,6,6,1964,1964,Hip,CompShg,HdBoard,HdBoard,BrkFace,425.0,3,3,CBlock,TA,TA,No,BLQ,553,Unf,0,698,1251,GasA,3,Y,SBrkr,1251,0,0,1251,1,0,1,0,3,1,3,6,Typ,2,4,Attchd,1964.0,RFn,1,461,3,3,Y,0,116,0,0,0,0,0,MnPrv,Shed,700,3,2006,WD,Normal,160000,2502,2.0,42,42,0,116,0,1,1
60,RL,65.0,13031,Pave,None,IR2,Lvl,AllPub,Corner,Gtl,Gilbert,Norm,Norm,1Fam,2Story,6,5,1995,1996,Gable,CompShg,HdBoard,HdBoard,None,0.0,3,3,PConc,Gd,TA,No,ALQ,592,Unf,0,99,691,GasA,4,Y,SBrkr,691,807,0,1498,0,0,2,1,3,1,3,6,Typ,1,3,Attchd,1995.0,Fin,2,409,3,3,Y,315,44,0,0,0,0,0,None,None,0,7,2006,WD,Normal,187500,2189,2.5,11,10,1,359,0,1,1
85,RL,73.0,9069,Pave,None,Reg,Lvl,AllPub,Inside,Gtl,SawyerW,Norm,Norm,1Fam,SFoyer,6,6,1992,1992,Gable,CompShg,HdBoard,HdBoard,None,0.0,3,3,PConc,Gd,TA,Av,GLQ,747,Unf,0,189,936,GasA,5,Y,SBrkr,996,0,0,996,1,0,1,0,2,1,4,5,Typ,0,0,Attchd,1992.0,Unf,2,564,3,3,Y,120,0,0,0,0,0,0,None,None,0,4,2010,WD,Normal,147000,1932,2.0,18,18,0,120,0,1,0
160,RM,21.0,1974,Pave,None,Reg,Lvl,AllPub,Inside,Gtl,MeadowV,Norm,Norm,TwnhsE,2Story,4,5,1973,1973,Gable,CompShg,CemntBd,CmentBd,None,0.0,3,3,CBlock,TA,TA,No,BLQ,334,Unf,0,212,546,GasA,3,Y,SBrkr,546,546,0,1092,0,0,1,1,3,1,3,6,Typ,0,0,Attchd,1973.0,RFn,1,286,3,3,Y,120,96,0,0,0,0,0,None,None,0,5,2010,WD,Normal,83500,1638,1.5,37,37,0,216,0,1,0
60,FV,85.0,10574,Pave,None,Reg,Lvl,AllPub,Inside,Gtl,Somerst,Norm,Norm,1Fam,2Story,8,5,2005,2006,Gable,CompShg,VinylSd,VinylSd,None,0.0,4,3,PConc,Gd,TA,Mn,Unf,0,Unf,0,1082,1082,GasA,5,Y,SBrkr,1082,871,0,1953,0,0,2,1,3,1,4,9,Typ,1,4,Attchd,2005.0,RFn,3,1043,3,3,Y,160,50,0,0,0,0,0,None,None,0,5,2009,WD,Normal,252000,3035,2.5,4,3,1,210,0,1,1
160,RM,24.0,2522,Pave,None,Reg,Lvl,AllPub,Inside,Gtl,Edwards,Norm,Norm,Twnhs,2Story,7,5,2004,2004,Gable,CompShg,VinylSd,VinylSd,Stone,50.0,4,3,PConc,Gd,TA,No,Unf,0,Unf,0,970,970,GasA,5,Y,SBrkr,970,739,0,1709,0,0,2,0,3,1,4,7,Maj1,0,0,Detchd,2004.0,Unf,2,380,3,3,Y,0,40,0,0,0,0,0,None,None,0,4,2006,WD,Normal,137500,2679,2.0,2,2,0,40,0,1,0
120,FV,37.0,3316,Pave,Pave,IR1,Lvl,AllPub,Inside,Gtl,Somerst,Norm,Norm,TwnhsE,1Story,8,5,2005,2005,Gable,CompShg,MetalSd,MetalSd,None,0.0,4,3,PConc,Gd,TA,No,GLQ,1039,Unf,0,208,1247,GasA,5,Y,SBrkr,1247,0,0,1247,1,0,1,1,1,1,4,4,Typ,1,4,Attchd,2005.0,Fin,2,550,3,3,Y,0,84,0,0,0,0,0,None,None,0,4,2006,WD,Normal,197000,2494,2.5,1,1,0,84,0,1,1
90,RL,60.0,8544,Pave,None,Reg,Lvl,AllPub,Corner,Gtl,NAmes,Norm,Norm,Duplex,1Story,3,4,1950,1950,Gable,CompShg,BrkFace,BrkFace,None,0.0,3,3,Slab,None,None,None,None,0,None,0,0,0,Wall,2,N,FuseA,1040,0,0,1040,0,0,2,0,2,2,3,6,Typ,0,0,Detchd,1987.0,Unf,2,400,3,3,Y,0,0,0,0,0,0,0,None,None,0,6,2009,WD,Normal,92900,1040,2.0,59,59,0,0,0,1,0
160,FV,24.0,2160,Pave,Pave,Reg,Lvl,AllPub,Inside,Gtl,Somerst,Norm,Norm,Twnhs,2Story,7,5,1999,2000,Gable,CompShg,MetalSd,MetalSd,BrkFace,212.0,4,3,PConc,Gd,TA,No,BLQ,510,Unf,0,90,600,GasA,5,Y,SBrkr,624,628,0,1252,1,0,2,1,2,1,4,4,Typ,0,0,Detchd,1999.0,Unf,2,462,3,3,Y,0,48,0,0,0,0,0,None,None,0,3,2008,WD,Normal,160000,1852,3.5,9,8,1,48,0,1,0
50,RL,60.0,8400,Pave,None,Reg,Bnk,AllPub,Inside,Gtl,SWISU,Norm,Norm,1Fam,1.5Fin,6,5,1925,1950,Gable,CompShg,MetalSd,MetalSd,None,0.0,3,3,PConc,TA,TA,No,Rec,423,Unf,0,758,1181,GasA,2,Y,SBrkr,1390,304,0,1694,0,0,2,0,4,1,3,7,Typ,1,4,Detchd,1925.0,Unf,2,576,3,3,Y,342,0,128,0,0,0,0,None,None,0,6,2008,WD,Normal,136500,2875,2.0,83,58,1,470,0,1,1
20,RL,71.0,9230,Pave,None,Reg,Lvl,AllPub,Corner,Gtl,NAmes,Feedr,Norm,1Fam,1Story,5,8,1965,1998,Hip,CompShg,MetalSd,MetalSd,BrkFace,166.0,3,3,CBlock,TA,TA,Mn,GLQ,661,Unf,0,203,864,GasA,4,Y,SBrkr,1200,0,0,1200,1,0,1,1,1,1,4,6,Typ,0,0,Detchd,1977.0,Unf,2,884,3,3,Y,0,64,0,0,0,0,0,MnPrv,None,0,10,2006,WD,Normal,146000,2064,2.5,41,8,1,64,0,1,0
20,RL,74.0,5868,Pave,None,Reg,Lvl,AllPub,Inside,Gtl,NAmes,Norm,Norm,1Fam,1Story,5,7,1956,2000,Gable,CompShg,MetalSd,MetalSd,None,0.0,3,3,CBlock,TA,TA,No,BLQ,248,Rec,240,448,936,GasA,5,Y,SBrkr,936,0,0,936,1,0,1,0,2,1,3,4,Typ,0,0,Attchd,1956.0,Fin,1,308,3,3,Y,0,0,80,0,160,0,0,None,None,0,5,2010,WD,Normal,129000,1872,2.0,54,10,1,240,0,1,0
20,RL,78.0,9317,Pave,None,IR1,Lvl,AllPub,Inside,Gtl,CollgCr,Norm,Norm,1Fam,1Story,6,5,2006,2006,Gable,CompShg,VinylSd,VinylSd,None,0.0,4,3,PConc,Gd,TA,No,GLQ,24,Unf,0,1290,1314,GasA,4,Y,SBrkr,1314,0,0,1314,0,0,2,0,3,1,4,6,Typ,1,4,Attchd,2006.0,RFn,2,440,3,3,Y,0,22,0,0,0,0,0,None,None,0,3,2007,WD,Normal,176432,2628,2.0,1,1,0,22,0,1,1
70,RM,60.0,6882,Pave,None,Reg,Lvl,AllPub,Inside,Gtl,IDOTRR,Norm,Norm,1Fam,2Story,6,7,1914,2006,Gable,CompShg,Wd Sdng,Wd Sdng,None,0.0,3,3,PConc,TA,TA,No,Unf,0,Unf,0,684,684,GasA,3,Y,SBrkr,773,582,0,1355,0,0,1,1,3,1,4,7,Typ,0,0,None,0.0,None,0,0,0,0,Y,136,0,115,0,0,0,0,None,None,0,3,2007,WD,Normal,127000,2039,1.5,93,1,1,251,0,0,0
120,RL,61.5,3696,Pave,None,Reg,Lvl,AllPub,Inside,Gtl,StoneBr,Norm,Norm,TwnhsE,1Story,8,5,1986,1986,Gable,CompShg,HdBoard,HdBoard,None,0.0,4,3,CBlock,Gd,TA,No,Unf,0,Unf,0,1074,1074,GasA,5,Y,SBrkr,1088,0,0,1088,0,0,1,1,2,1,4,5,Typ,0,0,Attchd,1987.0,RFn,2,461,3,3,Y,0,74,137,0,0,0,0,None,None,0,10,2007,WD,Normal,170000,2162,1.5,21,21,0,211,0,1,0
50,RM,50.0,6000,Pave,None,Reg,Lvl,AllPub,Inside,Gtl,BrkSide,Norm,Norm,1Fam,1.5Fin,4,6,1936,1950,Gable,CompShg,MetalSd,MetalSd,None,0.0,3,3,BrkTil,TA,TA,No,BLQ,672,Unf,0,0,672,GasA,3,Y,SBrkr,757,567,0,1324,0,0,1,0,3,1,3,6,Typ,0,0,Detchd,1936.0,Unf,1,240,3,3,Y,0,0,0,0,0,0,0,None,None,0,7,2009,WD,Normal,128000,1996,1.0,73,59,1,0,0,1,0
20,RL,82.0,11880,Pave,None,IR1,Lvl,AllPub,Inside,Gtl,NWAmes,RRAn,Norm,1Fam,1Story,7,5,1978,1978,Gable,CompShg,Plywood,Plywood,BrkFace,206.0,3,3,CBlock,Gd,TA,No,ALQ,704,Unf,0,567,1271,GasA,3,Y,SBrkr,1601,0,0,1601,0,0,2,0,3,1,3,7,Typ,1,3,Attchd,1978.0,RFn,2,478,3,3,Y,0,0,0,0,0,0,0,None,None,0,4,2009,COD,Abnorml,157000,2872,2.0,31,31,0,0,0,1,1
30,RL,60.0,8400,Pave,None,Reg,Bnk,AllPub,Inside,Gtl,SWISU,Norm,Norm,1Fam,1Story,2,5,1920,1950,Gable,CompShg,Wd Sdng,Wd Sdng,None,0.0,3,3,CBlock,TA,Fa,No,Rec,290,Unf,0,0,290,GasA,3,N,FuseF,438,0,0,438,0,0,1,0,1,1,2,3,Typ,0,0,Detchd,1930.0,Unf,1,246,3,3,N,0,0,0,0,0,0,0,None,None,0,1,2009,WD,Normal,60000,728,1.0,89,59,1,0,0,1,0
20,RL,61.0,9758,Pave,None,IR1,Lvl,AllPub,Inside,Gtl,NAmes,Norm,Norm,1Fam,1Story,5,5,1971,1971,Gable,CompShg,HdBoard,MetalSd,None,0.0,3,3,CBlock,TA,TA,No,BLQ,412,LwQ,287,251,950,GasA,3,Y,SBrkr,950,0,0,950,0,0,1,0,3,1,3,5,Typ,0,0,Detchd,1981.0,Unf,1,280,3,3,Y,0,0,0,0,0,0,0,None,None,0,7,2007,WD,Normal,119500,1900,1.0,36,36,0,0,0,1,0
20,RL,70.0,7000,Pave,None,Reg,Lvl,AllPub,Inside,Gtl,NAmes,Norm,Norm,1Fam,1Story,5,7,1960,2002,Gable,CompShg,Wd Sdng,Wd Sdng,BrkFace,45.0,3,3,CBlock,TA,TA,No,Rec,588,Unf,0,422,1010,GasA,5,Y,SBrkr,1134,0,0,1134,0,0,1,0,2,1,3,6,Typ,0,0,Attchd,1960.0,RFn,1,254,3,3,Y,0,16,0,0,0,0,0,MnWw,None,0,4,2007,WD,Family,135000,2144,1.0,47,5,1,16,0,1,0
20,RL,79.0,8910,Pave,None,Reg,Lvl,AllPub,Corner,Gtl,NAmes,Norm,Norm,1Fam,1Story,6,6,1959,1959,Hip,CompShg,BrkFace,BrkFace,None,0.0,3,3,CBlock,TA,TA,Mn,ALQ,655,Unf,0,0,655,GasA,5,Y,SBrkr,1194,0,0,1194,0,1,1,0,3,1,3,6,Typ,1,2,BuiltIn,1954.0,Fin,2,539,3,3,Y,0,0,192,0,0,0,0,None,None,0,7,2006,WD,Normal,159500,1849,1.5,47,47,0,192,0,1,1
160,RM,24.0,2016,Pave,None,Reg,Lvl,AllPub,Inside,Gtl,BrDale,Norm,Norm,TwnhsE,2Story,5,5,1970,1970,Gable,CompShg,HdBoard,HdBoard,BrkFace,304.0,3,3,CBlock,TA,TA,No,Unf,0,Unf,0,630,630,GasA,3,Y,SBrkr,630,672,0,1302,0,0,2,1,3,1,3,6,Typ,0,0,Detchd,1970.0,Unf,2,440,3,3,Y,0,0,0,0,0,0,0,None,None,0,4,2007,WD,Normal,106000,1932,2.5,37,37,0,0,0,1,0
60,RL,98.0,12256,Pave,None,IR1,Lvl,AllPub,Corner,Gtl,NoRidge,Norm,Norm,1Fam,2Story,8,5,1994,1995,Gable,CompShg,HdBoard,HdBoard,BrkFace,362.0,4,3,PConc,Ex,TA,Av,GLQ,1032,Unf,0,431,1463,GasA,5,Y,SBrkr,1500,1122,0,2622,1,0,2,1,3,1,4,9,Typ,2,3,Attchd,1994.0,RFn,2,712,3,3,Y,186,32,0,0,0,0,0,None,None,0,4,2010,WD,Normal,325000,4085,3.5,16,15,1,218,0,1,1
20,RL,114.0,10357,Pave,None,IR1,Lvl,AllPub,Corner,Gtl,SawyerW,Feedr,Norm,1Fam,1Story,7,5,1990,1991,Hip,CompShg,HdBoard,HdBoard,None,0.0,4,3,PConc,Gd,TA,Mn,GLQ,738,Unf,0,172,910,GasA,4,Y,SBrkr,1442,0,0,1442,1,0,2,0,3,1,4,6,Typ,1,3,Attchd,1990.0,Fin,2,719,3,3,Y,0,244,0,0,0,0,0,None,None,0,5,2007,WD,Normal,179900,2352,3.0,17,16,1,244,0,1,1
60,RL,168.0,23257,Pave,None,IR3,HLS,AllPub,CulDSac,Gtl,Gilbert,Norm,Norm,1Fam,2Story,7,5,2006,2006,Gable,CompShg,VinylSd,VinylSd,None,0.0,4,3,PConc,Ex,Gd,No,Unf,0,Unf,0,868,868,GasA,5,Y,SBrkr,887,1134,0,2021,0,0,2,1,3,1,4,9,Typ,1,4,BuiltIn,2006.0,RFn,2,422,3,3,Y,0,100,0,0,0,0,0,None,None,0,9,2006,New,Partial,274725,2889,2.5,0,0,0,100,0,1,1
60,RL,65.0,8063,Pave,None,Reg,Lvl,AllPub,Inside,Gtl,Gilbert,Norm,Norm,1Fam,2Story,6,5,2000,2000,Gable,CompShg,VinylSd,VinylSd,None,0.0,3,3,PConc,Gd,TA,No,Unf,0,Unf,0,924,924,GasA,5,Y,SBrkr,948,742,0,1690,0,0,2,1,3,1,3,7,Typ,1,3,Attchd,2000.0,RFn,2,463,3,3,Y,100,48,0,0,0,0,0,None,None,0,11,2007,WD,Abnorml,181000,2614,2.5,7,7,0,148,0,1,1
20,RL,107.0,11362,Pave,None,IR1,Lvl,AllPub,Inside,Gtl,NridgHt,Norm,Norm,1Fam,1Story,8,5,2004,2005,Gable,CompShg,MetalSd,MetalSd,Stone,42.0,4,3,PConc,Ex,TA,Mn,GLQ,1039,Unf,0,797,1836,GasA,5,Y,SBrkr,1836,0,0,1836,1,0,2,0,3,1,4,7,Typ,1,4,Attchd,2004.0,Fin,3,862,3,3,Y,125,185,0,0,0,0,0,None,None,0,3,2009,WD,Normal,280000,3672,3.0,5,4,1,310,0,1,1
60,RL,65.0,8000,Pave,None,Reg,Lvl,AllPub,Inside,Gtl,Gilbert,Norm,Norm,1Fam,2Story,6,5,1995,1996,Gable,CompShg,HdBoard,HdBoard,None,0.0,3,3,PConc,Gd,TA,No,GLQ,219,Unf,0,554,773,GasA,4,Y,SBrkr,773,885,0,1658,1,0,2,1,3,1,3,8,Typ,1,3,Attchd,1995.0,Fin,2,431,3,3,Y,224,84,0,0,0,0,0,None,None,0,6,2008,WD,Normal,188000,2431,3.5,13,12,1,308,0,1,1
60,RL,80.0,10480,Pave,None,Reg,Lvl,AllPub,Inside,Gtl,NWAmes,Norm,Norm,1Fam,2Story,7,6,1976,1976,Hip,CompShg,Plywood,Plywood,BrkFace,660.0,3,3,CBlock,TA,TA,No,ALQ,403,Unf,0,400,803,GasA,3,Y,SBrkr,1098,866,0,1964,0,0,2,1,4,1,3,8,Typ,1,4,Attchd,1976.0,RFn,2,483,3,3,Y,0,69,0,0,0,0,0,None,None,0,9,2008,WD,Normal,205000,2767,2.5,32,32,0,69,0,1,1
20,RL,73.0,7100,Pave,None,IR1,Lvl,AllPub,Corner,Gtl,NAmes,Norm,Norm,1Fam,1Story,5,7,1957,1957,Gable,CompShg,WdShing,Wd Shng,None,0.0,3,3,CBlock,TA,TA,No,GLQ,708,Unf,0,108,816,GasA,3,Y,FuseA,816,0,0,816,1,0,1,0,2,1,3,5,Typ,0,0,Detchd,1957.0,Unf,1,308,3,3,Y,0,0,0,0,0,0,0,None,None,0,7,2006,WD,Normal,129900,1632,2.0,49,49,0,0,0,1,0
20,RL,66.0,8923,Pave,None,Reg,Lvl,AllPub,Inside,Gtl,NAmes,Norm,Norm,1Fam,1Story,5,7,1953,2006,Gable,CompShg,Wd Sdng,Wd Sdng,None,0.0,3,3,CBlock,TA,TA,No,BLQ,643,Unf,0,365,1008,GasA,4,Y,SBrkr,1008,0,0,1008,1,0,1,0,2,1,4,6,Typ,0,0,Attchd,1953.0,Unf,1,240,3,3,Y,0,18,0,0,0,0,0,None,None,0,5,2007,WD,Normal,134500,2016,2.0,54,1,1,18,0,1,0
20,RL,90.0,5400,Pave,None,Reg,Lvl,AllPub,Inside,Gtl,OldTown,Norm,Norm,1Fam,1Story,5,7,1954,2000,Gable,CompShg,MetalSd,MetalSd,None,0.0,3,4,CBlock,TA,TA,No,Rec,415,Unf,0,418,833,GasA,5,Y,SBrkr,833,0,0,833,0,0,1,0,2,1,4,4,Typ,0,0,Detchd,1955.0,Unf,1,326,3,3,Y,0,0,0,0,0,0,0,MnPrv,None,0,8,2006,WD,Normal,117000,1666,1.0,52,6,1,0,0,1,0
20,RL,93.0,12085,Pave,None,Reg,Lvl,AllPub,Inside,Gtl,NridgHt,Norm,Norm,1Fam,1Story,8,5,2007,2007,Hip,CompShg,VinylSd,VinylSd,Stone,328.0,4,3,PConc,Ex,TA,No,GLQ,1004,Unf,0,730,1734,GasA,5,Y,SBrkr,1734,0,0,1734,1,0,2,0,3,1,5,7,Typ,1,4,Attchd,2007.0,RFn,3,928,3,3,Y,0,0,0,0,0,0,0,None,None,0,11,2007,New,Partial,318000,3468,3.0,0,0,0,0,0,1,1
80,RL,65.0,7750,Pave,None,Reg,Lvl,AllPub,Inside,Gtl,Gilbert,Norm,Norm,1Fam,SLvl,8,5,2002,2002,Hip,CompShg,VinylSd,VinylSd,None,0.0,4,3,PConc,Gd,TA,No,GLQ,353,Unf,0,55,408,GasA,5,Y,SBrkr,779,640,0,1419,1,0,2,1,3,1,4,7,Typ,1,3,BuiltIn,2002.0,Fin,2,527,3,3,Y,120,0,0,0,0,0,0,None,None,0,3,2009,WD,Normal,184100,1827,3.5,7,7,0,120,0,1,1
20,RL,57.0,9764,Pave,None,IR1,Lvl,AllPub,FR2,Gtl,Sawyer,Feedr,Norm,1Fam,1Story,5,7,1967,2003,Gable,CompShg,VinylSd,VinylSd,None,0.0,3,3,CBlock,TA,TA,No,BLQ,702,Unf,0,192,894,GasA,5,Y,SBrkr,894,0,0,894,1,0,1,0,3,1,4,5,Typ,0,0,Attchd,1967.0,RFn,2,450,3,3,Y,0,0,0,0,0,0,0,None,None,0,5,2008,WD,Normal,130000,1788,2.0,41,5,1,0,0,1,0
80,RL,85.0,13825,Pave,None,Reg,Lvl,AllPub,Inside,Gtl,Sawyer,Norm,Norm,1Fam,SLvl,5,6,1958,1987,Gable,CompShg,MetalSd,MetalSd,None,0.0,3,4,CBlock,TA,TA,No,Unf,0,Unf,0,533,533,GasA,3,Y,SBrkr,1021,580,0,1601,0,1,1,0,3,1,3,6,Min2,0,0,BuiltIn,1958.0,RFn,1,300,3,3,Y,280,34,0,0,0,0,0,None,None,0,12,2008,WD,Normal,140000,2134,1.5,50,21,1,314,0,1,0
20,RL,70.0,7560,Pave,None,Reg,Lvl,AllPub,Inside,Gtl,NAmes,Norm,Norm,1Fam,1Story,5,5,1959,1959,Gable,CompShg,BrkFace,Wd Sdng,None,0.0,3,3,CBlock,TA,TA,No,LwQ,369,Unf,0,671,1040,GasA,3,Y,FuseA,1040,0,0,1040,0,0,1,0,3,1,3,6,Typ,0,0,Attchd,1959.0,RFn,1,286,3,3,Y,140,0,252,0,0,0,0,GdWo,None,0,7,2006,WD,Normal,133700,2080,1.0,47,47,0,392,0,1,0
30,RM,59.0,8263,Pave,None,Reg,Bnk,AllPub,Inside,Mod,IDOTRR,Norm,Norm,1Fam,1Story,6,5,1920,1950,Gable,CompShg,BrkFace,BrkFace,None,0.0,3,3,BrkTil,TA,TA,No,Unf,0,Unf,0,1012,1012,GasA,3,Y,FuseA,1012,0,0,1012,0,0,1,0,2,1,3,6,Typ,1,4,Detchd,1920.0,Unf,1,308,3,3,Y,0,22,112,0,0,0,0,MnPrv,None,0,5,2007,WD,Normal,118400,2024,1.0,87,57,1,134,0,1,1
20,RL,84.0,10084,Pave,None,Reg,Lvl,AllPub,Inside,Gtl,CollgCr,Norm,Norm,1Fam,1Story,7,5,2005,2006,Gable,CompShg,VinylSd,VinylSd,BrkFace,196.0,4,3,PConc,Gd,TA,Av,GLQ,24,Unf,0,1528,1552,GasA,5,Y,SBrkr,1552,0,0,1552,0,0,2,0,3,1,4,7,Typ,0,0,Attchd,2005.0,RFn,3,782,3,3,Y,144,20,0,0,0,0,0,None,None,0,7,2006,New,Partial,212900,3104,2.0,1,0,1,164,0,1,0
20,RL,65.5,8926,Pave,None,IR1,Lvl,AllPub,Corner,Gtl,Edwards,Norm,Norm,1Fam,1Story,4,3,1956,1956,Gable,CompShg,AsbShng,AsbShng,None,0.0,3,3,CBlock,TA,TA,No,Unf,0,Unf,0,672,672,GasA,5,Y,FuseA,960,0,0,960,0,0,1,0,3,1,3,5,Typ,0,0,Basment,1956.0,Unf,1,288,3,3,Y,64,0,0,0,160,0,0,MnPrv,None,0,10,2009,COD,Abnorml,112000,1632,1.0,53,53,0,224,0,1,0
20,RL,50.0,9405,Pave,None,Reg,Lvl,AllPub,Inside,Gtl,Edwards,Norm,Norm,1Fam,1Story,5,9,1947,2008,Hip,CompShg,VinylSd,VinylSd,None,0.0,3,5,CBlock,TA,TA,No,Unf,0,Unf,0,698,698,GasA,5,Y,SBrkr,698,0,0,698,0,1,1,0,2,1,3,4,Typ,0,0,None,0.0,None,0,0,0,0,Y,0,200,0,0,0,0,0,None,None,0,6,2009,WD,Normal,118000,1396,1.5,62,1,1,200,0,0,0
80,RL,65.0,9125,Pave,None,IR1,Lvl,AllPub,Inside,Gtl,Gilbert,Norm,Norm,1Fam,SLvl,7,5,1992,1992,Gable,CompShg,HdBoard,HdBoard,BrkFace,170.0,3,3,PConc,Gd,TA,No,Unf,0,Unf,0,384,384,GasA,4,Y,SBrkr,812,670,0,1482,0,0,2,1,3,1,4,7,Typ,1,3,Attchd,1992.0,Fin,2,392,3,3,Y,100,25,0,0,0,0,0,None,None,0,7,2007,WD,Normal,163900,1866,2.5,15,15,0,125,0,1,1
20,RL,60.0,10434,Pave,None,Reg,Lvl,AllPub,Inside,Gtl,NAmes,Norm,Norm,1Fam,1Story,4,5,1955,1955,Gable,CompShg,Plywood,Plywood,None,0.0,3,3,CBlock,TA,TA,No,Unf,0,Unf,0,1005,1005,GasA,3,Y,SBrkr,1005,0,0,1005,0,0,1,0,2,1,2,5,Typ,1,3,Detchd,1977.0,Unf,2,672,2,2,Y,0,0,0,0,0,0,0,None,None,0,11,2009,WD,Normal,115000,2010,1.0,54,54,0,0,0,1,1
120,RL,53.0,3684,Pave,None,Reg,Lvl,AllPub,Inside,Gtl,Blmngtn,Norm,Norm,TwnhsE,1Story,7,5,2007,2007,Hip,CompShg,VinylSd,VinylSd,BrkFace,130.0,4,3,PConc,Gd,TA,No,Unf,0,Unf,0,1373,1373,GasA,5,Y,SBrkr,1555,0,0,1555,0,0,2,0,2,1,4,7,Typ,1,3,Attchd,2007.0,Fin,3,660,3,3,Y,143,20,0,0,0,0,0,None,None,0,6,2009,WD,Normal,174000,2928,2.0,2,2,0,163,0,1,1
20,RL,182.0,14572,Pave,None,IR3,Lvl,AllPub,Corner,Gtl,Gilbert,Norm,Norm,1Fam,1Story,7,5,2004,2004,Hip,CompShg,VinylSd,VinylSd,None,0.0,4,3,PConc,Gd,TA,Av,GLQ,1300,Unf,0,230,1530,GasA,5,Y,SBrkr,1530,0,0,1530,1,0,2,0,3,1,4,7,Typ,1,4,Attchd,2004.0,Fin,3,630,3,3,Y,144,36,0,0,0,0,0,None,None,0,11,2007,WD,Family,259000,3060,3.0,3,3,0,180,0,1,1
60,RL,59.0,11796,Pave,None,IR1,Lvl,AllPub,Inside,Gtl,Gilbert,Norm,Norm,1Fam,2Story,7,5,2004,2005,Gable,CompShg,VinylSd,VinylSd,None,0.0,4,3,PConc,Gd,TA,Av,Unf,0,Unf,0,847,847,GasA,5,Y,SBrkr,847,1112,0,1959,0,0,2,1,4,1,4,8,Typ,1,4,BuiltIn,2004.0,Fin,2,434,3,3,Y,100,48,0,0,0,0,0,None,None,0,7,2007,WD,Normal,215000,2806,2.5,3,2,1,148,0,1,1
90,RM,60.0,7200,Pave,Grvl,Reg,Lvl,AllPub,Inside,Gtl,OldTown,Norm,Norm,Duplex,SFoyer,5,5,1980,1980,Gable,CompShg,MetalSd,MetalSd,BrkFace,180.0,3,3,CBlock,Gd,TA,Gd,GLQ,936,Unf,0,0,936,GasA,3,Y,SBrkr,936,0,0,936,1,0,1,0,2,1,3,4,Typ,0,0,Detchd,1980.0,Unf,2,672,3,3,Y,49,0,0,0,0,0,0,None,None,0,8,2007,WD,Normal,140000,1872,2.0,27,27,0,49,0,1,0
50,RL,65.0,7804,Pave,None,Reg,Lvl,AllPub,Inside,Gtl,SWISU,Norm,Norm,1Fam,1.5Fin,4,3,1928,1950,Gable,CompShg,WdShing,Plywood,None,0.0,3,3,BrkTil,TA,TA,No,BLQ,622,Unf,0,500,1122,GasA,3,Y,SBrkr,1328,653,0,1981,1,0,2,0,4,1,4,7,Min2,2,3,Detchd,1981.0,Unf,2,576,3,3,Y,431,44,0,0,0,0,0,MnPrv,None,0,12,2009,WD,Normal,135000,3103,3.0,81,59,1,475,0,1,1
20,RL,63.0,10712,Pave,None,Reg,Lvl,AllPub,Inside,Gtl,Mitchel,Norm,Norm,1Fam,1Story,5,5,1991,1992,Gable,CompShg,HdBoard,HdBoard,None,0.0,3,3,PConc,Gd,TA,Mn,BLQ,212,Unf,0,762,974,GasA,3,Y,SBrkr,974,0,0,974,0,0,1,0,3,1,3,5,Typ,0,0,None,0.0,None,0,0,0,0,Y,0,28,0,0,0,0,0,MnPrv,None,0,9,2007,Oth,Abnorml,93500,1948,1.0,16,15,1,28,0,0,0
70,RM,90.0,9900,Pave,None,Reg,Lvl,AllPub,Inside,Gtl,OldTown,Norm,Norm,1Fam,2Story,6,4,1880,1950,Gable,CompShg,Wd Sdng,Wd Sdng,None,0.0,3,3,BrkTil,TA,TA,Mn,Unf,0,Unf,0,1008,1008,GasW,3,Y,SBrkr,1178,1032,0,2210,0,0,2,0,5,1,2,8,Typ,0,0,Detchd,1930.0,Unf,1,205,2,3,N,0,48,0,0,0,0,0,None,None,0,5,2007,WD,Normal,117500,3218,2.0,127,57,1,48,0,1,0
60,RL,80.0,9828,Pave,None,IR1,Lvl,AllPub,Inside,Gtl,SawyerW,Norm,Norm,1Fam,2Story,8,5,1995,1995,Gable,CompShg,VinylSd,VinylSd,None,0.0,4,3,PConc,Gd,TA,No,GLQ,584,Unf,0,544,1128,GasA,5,Y,SBrkr,1142,878,0,2020,0,0,2,1,3,1,4,8,Typ,1,3,Attchd,1995.0,RFn,2,466,3,3,Y,0,155,0,0,0,0,0,None,None,0,6,2009,WD,Normal,239500,3148,2.5,14,14,0,155,0,1,1
60,RL,57.0,8773,Pave,None,IR1,HLS,AllPub,Inside,Gtl,Gilbert,Norm,Norm,1Fam,2Story,6,5,1997,1997,Gable,CompShg,VinylSd,VinylSd,None,0.0,3,3,PConc,Gd,TA,Av,Unf,0,Unf,0,916,916,GasA,4,Y,SBrkr,916,684,0,1600,0,0,2,1,3,1,3,7,Typ,1,3,Attchd,1997.0,Fin,2,460,3,3,Y,100,38,0,0,0,0,0,None,None,0,8,2007,WD,Normal,169000,2516,2.5,10,10,0,138,0,1,1
30,RM,60.0,6180,Pave,None,Reg,Lvl,AllPub,Corner,Gtl,BrkSide,Norm,Norm,1Fam,1Story,6,5,1926,1950,Gable,CompShg,Wd Sdng,Wd Sdng,None,0.0,3,3,BrkTil,TA,TA,No,Unf,0,Unf,0,960,960,GasA,3,N,SBrkr,986,0,0,986,0,0,1,0,2,1,3,5,Typ,1,4,Detchd,1926.0,Unf,1,180,3,3,Y,0,128,0,0,0,0,0,None,None,0,5,2007,WD,Normal,102000,1946,1.0,81,57,1,128,0,1,1
50,RL,80.0,9600,Pave,None,Reg,Lvl,AllPub,Inside,Gtl,NAmes,Norm,Norm,1Fam,1.5Fin,6,5,1950,1950,Gable,CompShg,VinylSd,VinylSd,None,0.0,3,3,CBlock,TA,TA,No,BLQ,280,Unf,0,752,1032,GasA,3,Y,FuseA,1032,220,0,1252,0,0,1,0,3,1,3,6,Typ,0,0,Attchd,1950.0,Unf,1,288,3,3,Y,0,0,96,0,0,0,0,None,None,0,4,2008,WD,Abnorml,119000,2284,1.0,58,58,0,96,0,1,0
50,RL,54.0,6342,Pave,None,Reg,Lvl,AllPub,Inside,Gtl,Sawyer,Feedr,Norm,1Fam,1.5Fin,5,8,1875,1996,Gable,CompShg,VinylSd,VinylSd,None,0.0,3,4,CBlock,TA,TA,No,Unf,0,Unf,0,780,780,GasA,4,N,SBrkr,780,240,0,1020,0,0,1,0,2,1,3,6,Typ,0,0,None,0.0,None,0,0,0,0,N,0,0,176,0,0,0,0,None,None,0,5,2010,WD,Normal,94000,1800,1.0,135,14,1,176,0,0,0
20,RL,73.0,9819,Pave,None,IR1,Lvl,AllPub,Inside,Mod,Mitchel,Norm,Norm,1Fam,1Story,6,5,1977,1977,Gable,CompShg,Plywood,ImStucc,None,0.0,3,3,PConc,TA,TA,Gd,ALQ,1567,Unf,0,0,1567,GasA,3,Y,SBrkr,1567,0,0,1567,1,0,2,0,2,1,4,5,Typ,2,3,Attchd,1977.0,RFn,2,714,3,3,Y,264,32,0,0,0,0,0,None,None,0,5,2009,WD,Normal,196000,3134,3.0,32,32,0,296,0,1,1
30,RL,98.0,8731,Pave,None,IR1,Lvl,AllPub,Inside,Gtl,BrkSide,Norm,Norm,1Fam,1Story,5,5,1920,1950,Gable,CompShg,Stucco,Stucco,None,0.0,3,2,BrkTil,TA,TA,No,BLQ,645,Unf,0,270,915,GasA,3,Y,SBrkr,1167,0,0,1167,0,0,1,0,3,1,3,6,Maj1,1,4,Detchd,1972.0,Unf,2,495,3,3,Y,0,0,216,0,126,0,0,None,None,0,5,2007,WD,Normal,144000,2082,1.0,87,57,1,342,0,1,1
20,RL,60.0,7350,Pave,None,Reg,Lvl,AllPub,Corner,Gtl,NAmes,Norm,Norm,1Fam,1Story,5,7,1951,1951,Gable,CompShg,HdBoard,HdBoard,None,0.0,3,3,CBlock,TA,TA,Mn,ALQ,852,Unf,0,100,952,GasA,3,Y,SBrkr,952,0,0,952,1,0,1,0,2,1,3,4,Typ,0,0,Detchd,1988.0,Unf,2,840,3,3,Y,0,0,0,0,0,0,0,None,None,0,6,2008,COD,Abnorml,139000,1904,2.0,57,57,0,0,0,1,0
60,RL,80.0,10304,Pave,None,IR1,Lvl,AllPub,CulDSac,Gtl,NWAmes,PosN,Norm,1Fam,2Story,5,7,1976,1976,Gable,CompShg,Plywood,Plywood,BrkFace,44.0,3,4,CBlock,TA,TA,No,ALQ,381,Unf,0,399,780,GasA,5,Y,SBrkr,1088,780,0,1868,1,0,2,1,4,1,4,9,Typ,1,3,Attchd,1976.0,Unf,2,484,3,3,Y,448,96,0,0,0,0,0,None,None,0,10,2009,WD,Normal,197500,2648,3.5,33,33,0,544,0,1,1
60,RL,77.0,9965,Pave,None,Reg,Lvl,AllPub,Inside,Gtl,CollgCr,Norm,Norm,1Fam,2Story,8,5,2006,2007,Hip,CompShg,VinylSd,VinylSd,Stone,340.0,4,3,PConc,Ex,TA,Gd,GLQ,1150,Unf,0,316,1466,GasA,5,Y,SBrkr,1466,1362,0,2828,1,0,3,0,4,1,4,11,Typ,1,3,BuiltIn,2006.0,RFn,3,1052,3,3,Y,125,144,0,0,0,0,0,None,None,0,4,2007,New,Partial,424870,4294,4.0,1,0,1,269,0,1,1
20,RL,71.0,9000,Pave,None,Reg,Lvl,AllPub,Inside,Gtl,Sawyer,Norm,Norm,1Fam,1Story,5,3,1959,1959,Gable,CompShg,Wd Sdng,Plywood,None,0.0,3,3,CBlock,TA,TA,No,GLQ,288,Unf,0,718,1006,GasA,3,Y,SBrkr,1006,0,0,1006,0,0,1,0,3,1,3,5,Typ,0,0,None,0.0,None,0,0,0,0,Y,0,24,0,0,0,0,0,None,None,0,7,2008,WD,Normal,80000,2012,1.0,49,49,0,24,0,0,0
190,RL,60.0,12180,Pave,None,Reg,Lvl,AllPub,Inside,Gtl,Edwards,Norm,Norm,2fmCon,1.5Fin,4,4,1941,1950,Gable,CompShg,MetalSd,MetalSd,None,0.0,3,2,BrkTil,Gd,TA,No,BLQ,348,Unf,0,324,672,Grav,2,N,FuseA,672,252,0,924,1,0,1,0,2,1,2,5,Typ,0,0,Detchd,1941.0,Unf,1,280,3,3,Y,0,0,0,0,0,0,0,MnPrv,None,0,7,2010,WD,Normal,80000,1596,2.0,69,60,1,0,0,1,0
50,RM,52.0,6240,Pave,None,Reg,Lvl,AllPub,Inside,Gtl,BrkSide,Norm,Norm,1Fam,1.5Fin,5,6,1928,1950,Gable,CompShg,MetalSd,MetalSd,None,0.0,3,3,BrkTil,TA,TA,No,Unf,0,Unf,0,1042,1042,GasA,5,Y,SBrkr,1042,534,0,1576,0,0,1,0,3,1,3,8,Typ,1,4,Detchd,1928.0,Unf,1,225,3,3,Y,0,0,0,0,0,0,0,None,None,0,8,2006,WD,Family,149000,2618,1.0,78,56,1,0,0,1,1
20,RL,66.5,11200,Pave,None,Reg,Lvl,AllPub,Inside,Gtl,SawyerW,Norm,Norm,1Fam,1Story,6,5,1985,1985,Gable,CompShg,Wd Sdng,Wd Shng,BrkFace,85.0,4,3,CBlock,Gd,TA,No,GLQ,1258,Unf,0,40,1298,GasA,3,Y,SBrkr,1298,0,0,1298,1,0,2,0,3,1,4,5,Typ,1,3,Attchd,1985.0,Unf,2,403,3,3,Y,165,26,0,0,0,0,0,None,None,0,5,2006,WD,Normal,180000,2596,3.0,21,21,0,191,0,1,1
70,RL,75.0,12000,Pave,None,Reg,Bnk,AllPub,Inside,Gtl,Crawfor,Norm,Norm,1Fam,2Story,7,7,1941,1950,Gable,CompShg,MetalSd,MetalSd,None,0.0,3,3,CBlock,TA,TA,No,Rec,275,Unf,0,429,704,GasA,5,Y,SBrkr,860,704,0,1564,0,0,1,1,3,1,2,7,Typ,1,4,Attchd,1941.0,Unf,1,234,3,3,Y,0,0,0,0,0,0,0,None,None,0,7,2009,WD,Normal,174500,2268,1.5,68,59,1,0,0,1,1
50,RM,60.0,5700,Pave,None,Reg,Lvl,AllPub,Inside,Gtl,OldTown,Norm,Norm,1Fam,1.5Fin,7,7,1926,1950,Gable,CompShg,Wd Sdng,Wd Sdng,None,0.0,3,3,PConc,TA,TA,No,Unf,0,Unf,0,572,572,GasA,3,Y,SBrkr,572,539,0,1111,0,0,1,0,2,1,3,5,Typ,1,4,Detchd,1982.0,Unf,1,288,3,3,Y,0,0,176,0,0,0,0,None,None,0,8,2008,WD,Normal,116900,1683,1.0,82,58,1,176,0,1,1
70,RM,50.0,9000,Pave,None,Reg,Lvl,AllPub,Inside,Gtl,OldTown,Artery,Norm,1Fam,2Story,7,9,1920,1988,Hip,CompShg,VinylSd,VinylSd,None,0.0,3,4,PConc,TA,TA,No,ALQ,624,Unf,0,26,650,GasA,5,Y,SBrkr,832,650,0,1482,0,1,1,0,3,1,3,7,Typ,0,0,Detchd,1930.0,Unf,2,324,3,3,Y,0,0,0,0,0,0,0,None,None,0,7,2009,WD,Normal,143000,2132,1.5,89,21,1,0,0,1,0
20,RL,57.0,8280,Pave,None,IR1,Lvl,AllPub,Inside,Gtl,NAmes,Norm,Norm,1Fam,1Story,6,5,1950,1950,Gable,CompShg,BrkFace,BrkFace,None,0.0,3,3,CBlock,TA,TA,No,Unf,0,Unf,0,932,932,GasA,5,Y,FuseA,932,0,0,932,0,0,1,0,2,1,4,4,Typ,1,4,Attchd,1950.0,Unf,1,306,3,3,Y,0,0,214,0,0,0,0,GdPrv,None,0,11,2007,WD,Normal,124000,1864,1.0,57,57,0,214,0,1,1
20,RL,134.0,17755,Pave,None,Reg,Lvl,AllPub,Inside,Gtl,Edwards,Norm,Norm,1Fam,1Story,5,4,1959,1959,Gable,CompShg,HdBoard,Plywood,BrkFace,132.0,3,3,CBlock,TA,TA,No,BLQ,176,Unf,0,1290,1466,GasA,3,Y,SBrkr,1466,0,0,1466,0,0,1,1,3,1,2,6,Typ,2,4,Attchd,1959.0,Fin,2,528,3,3,Y,0,140,0,0,100,0,0,None,None,0,11,2006,WD,Normal,149900,2932,1.5,47,47,0,240,0,1,1
20,RL,90.0,14115,Pave,None,IR1,Lvl,AllPub,Inside,Gtl,Crawfor,Norm,Norm,1Fam,1Story,6,7,1956,2004,Gable,CompShg,Stone,Stone,None,0.0,3,3,PConc,TA,TA,No,ALQ,296,GLQ,547,230,1073,GasA,5,Y,SBrkr,1811,0,0,1811,0,0,1,0,2,1,5,6,Typ,1,4,Attchd,1956.0,Fin,2,470,3,3,Y,0,0,280,0,0,0,0,None,None,0,7,2006,WD,Abnorml,230000,2884,1.0,50,2,1,280,0,1,1
30,RM,60.0,5890,Pave,None,Reg,Lvl,AllPub,Corner,Gtl,IDOTRR,Norm,Norm,1Fam,1Story,6,8,1930,2007,Gable,CompShg,Wd Sdng,Wd Sdng,None,0.0,4,4,BrkTil,TA,TA,Av,ALQ,538,Unf,0,278,816,GasA,5,Y,SBrkr,816,0,0,816,0,0,1,0,2,1,3,5,Typ,0,0,Detchd,2002.0,Unf,1,432,3,3,Y,0,0,96,0,0,0,0,None,None,0,6,2008,WD,Normal,120500,1632,1.0,78,1,1,96,0,1,0
60,RL,73.0,13700,Pave,None,IR1,Lvl,AllPub,Inside,Gtl,NAmes,Norm,Norm,1Fam,2Story,7,6,1965,1988,Gable,CompShg,VinylSd,VinylSd,Stone,288.0,3,3,CBlock,TA,TA,Gd,ALQ,454,Unf,0,410,864,GasA,3,Y,SBrkr,902,918,0,1820,0,0,1,2,4,1,4,8,Typ,2,4,Attchd,1965.0,Unf,2,492,3,3,Y,60,84,0,0,273,0,0,GdPrv,None,0,5,2008,WD,Normal,201800,2684,2.0,43,20,1,417,0,1,1
20,RL,90.0,10768,Pave,None,IR1,Lvl,AllPub,Corner,Gtl,Veenker,Norm,Norm,1Fam,1Story,5,8,1976,2004,Gable,CompShg,Plywood,Plywood,None,0.0,4,4,CBlock,Gd,TA,Gd,ALQ,1157,Unf,0,280,1437,GasA,3,Y,SBrkr,1437,0,0,1437,1,0,2,0,3,1,4,6,Typ,1,2,Attchd,1976.0,RFn,2,528,3,3,Y,0,21,0,0,180,0,0,None,None,0,7,2007,WD,Normal,218000,2874,3.0,31,3,1,201,0,1,1
80,RL,85.0,9350,Pave,None,Reg,Lvl,AllPub,Inside,Gtl,NAmes,Norm,Norm,1Fam,SLvl,5,8,1965,1999,Gable,CompShg,BrkFace,BrkFace,None,0.0,3,4,PConc,TA,TA,Gd,ALQ,633,Unf,0,586,1219,GasA,4,Y,SBrkr,1265,0,0,1265,0,1,2,0,3,1,4,6,Typ,1,4,Attchd,1965.0,RFn,2,502,3,3,Y,0,92,0,96,0,0,0,MnPrv,None,0,10,2008,WD,Normal,179900,2484,2.5,43,9,1,188,0,1,1
120,RL,34.0,5001,Pave,None,IR1,Lvl,AllPub,Inside,Gtl,NridgHt,Norm,Norm,Twnhs,1Story,7,5,2007,2008,Gable,CompShg,VinylSd,VinylSd,Stone,166.0,4,3,PConc,Gd,TA,No,GLQ,904,Unf,0,410,1314,GasA,5,Y,SBrkr,1314,0,0,1314,1,0,2,0,2,1,4,6,Typ,1,4,Attchd,2008.0,RFn,2,626,3,3,Y,172,62,0,0,0,0,0,None,None,0,7,2009,WD,Normal,230000,2628,3.0,2,1,1,234,0,1,1
20,RL,92.0,11932,Pave,None,Reg,Lvl,AllPub,FR2,Gtl,Somerst,Feedr,Norm,1Fam,1Story,8,5,2007,2008,Gable,CompShg,VinylSd,VinylSd,Stone,186.0,4,3,PConc,Gd,TA,No,Unf,0,Unf,0,1580,1580,GasA,5,Y,SBrkr,1580,0,0,1580,0,0,2,0,3,1,4,7,Typ,0,0,Attchd,2008.0,RFn,3,830,3,3,Y,0,24,0,0,0,0,0,None,None,0,6,2008,ConLD,Partial,235128,3160,2.0,1,0,1,24,0,1,0
60,RL,76.0,9120,Pave,None,Reg,Lvl,AllPub,Inside,Gtl,NWAmes,Norm,Norm,1Fam,2Story,6,6,1974,1974,Hip,CompShg,HdBoard,HdBoard,BrkFace,270.0,4,3,CBlock,TA,TA,No,ALQ,442,Unf,0,459,901,GasA,3,Y,SBrkr,943,933,0,1876,0,0,2,1,4,1,4,8,Typ,1,3,Attchd,1974.0,RFn,2,540,4,3,Y,0,69,0,0,0,0,0,None,None,0,7,2008,WD,Normal,185000,2777,2.5,34,34,0,69,0,1,1
160,RL,24.0,2280,Pave,None,Reg,Lvl,AllPub,Inside,Gtl,NPkVill,Norm,Norm,Twnhs,2Story,6,5,1978,1978,Gable,CompShg,Plywood,Brk Cmn,None,0.0,3,3,CBlock,Gd,TA,No,ALQ,311,Unf,0,544,855,GasA,2,Y,SBrkr,855,601,0,1456,0,0,2,1,3,1,3,7,Typ,1,3,Attchd,1978.0,Unf,2,440,3,3,Y,26,0,0,0,0,0,0,None,None,0,7,2010,WD,Normal,146000,2311,2.5,32,32,0,26,0,1,1
20,RL,74.0,14778,Pave,None,IR1,Low,AllPub,CulDSac,Gtl,Crawfor,PosN,Norm,1Fam,1Story,6,7,1954,2006,Hip,CompShg,HdBoard,HdBoard,BrkFace,72.0,4,3,CBlock,TA,TA,No,BLQ,728,Unf,0,568,1296,GasA,5,Y,SBrkr,1640,0,0,1640,1,0,1,0,3,1,4,7,Typ,1,4,Detchd,1993.0,Unf,2,924,3,3,Y,108,0,0,216,0,0,0,None,None,0,11,2008,WD,Normal,224000,2936,2.0,54,2,1,324,0,1,1
20,RL,109.0,8724,Pave,None,Reg,Lvl,AllPub,Inside,Gtl,Sawyer,Norm,Norm,1Fam,1Story,5,5,1968,1968,Gable,CompShg,VinylSd,VinylSd,None,0.0,3,3,CBlock,Gd,TA,No,BLQ,492,Unf,0,402,894,GasA,4,Y,SBrkr,894,0,0,894,0,0,1,0,3,1,3,5,Typ,1,1,Attchd,1968.0,Fin,2,450,3,3,Y,0,0,0,0,0,0,0,None,None,0,5,2007,WD,Normal,129000,1788,1.0,39,39,0,0,0,1,1
90,RL,60.0,12900,Pave,None,Reg,Lvl,AllPub,Inside,Gtl,Sawyer,Feedr,Norm,Duplex,SFoyer,4,4,1969,1969,Gable,CompShg,Plywood,Plywood,None,0.0,3,3,CBlock,Gd,TA,Av,GLQ,1198,Unf,0,0,1198,GasA,3,Y,SBrkr,1258,0,0,1258,2,0,0,2,0,2,3,6,Typ,0,0,CarPort,1969.0,Unf,2,400,2,3,Y,120,0,0,0,0,0,0,None,None,0,1,2008,WD,Alloca,108959,2456,3.0,39,39,0,120,0,1,0
80,RL,68.0,16157,Pave,None,IR1,Lvl,AllPub,FR2,Gtl,Veenker,Feedr,Norm,1Fam,SLvl,5,7,1978,1978,Gable,CompShg,Plywood,Plywood,None,0.0,3,3,PConc,Gd,TA,Gd,ALQ,680,Rec,391,289,1360,GasA,5,Y,SBrkr,1432,0,0,1432,1,0,1,1,2,1,4,5,Typ,1,3,Attchd,1978.0,Unf,2,588,3,3,Y,168,180,0,0,0,0,0,None,None,0,6,2007,WD,Normal,194000,2792,2.5,29,29,0,348,0,1,1
20,RL,79.0,9541,Pave,None,IR1,Lvl,AllPub,Inside,Gtl,NridgHt,Norm,Norm,1Fam,1Story,7,5,2009,2009,Gable,CompShg,VinylSd,VinylSd,Stone,268.0,4,3,PConc,Gd,TA,No,Unf,0,Unf,0,1502,1502,GasA,5,Y,SBrkr,1502,0,0,1502,0,0,2,0,3,1,4,7,Typ,0,0,Attchd,2009.0,RFn,2,644,3,3,Y,0,114,0,0,0,0,0,None,None,0,9,2009,New,Partial,233170,3004,2.0,0,0,0,114,0,1,0
20,RL,64.0,10475,Pave,None,IR1,Lvl,AllPub,Corner,Gtl,CollgCr,Norm,Norm,1Fam,1Story,8,5,2008,2008,Gable,CompShg,VinylSd,VinylSd,Stone,72.0,4,3,PConc,Gd,TA,Av,Unf,0,Unf,0,1694,1694,GasA,5,Y,SBrkr,1694,0,0,1694,0,0,2,0,3,1,4,7,Typ,0,0,Attchd,2008.0,RFn,3,776,3,3,Y,160,33,0,0,0,0,0,None,None,0,2,2010,WD,Normal,245350,3388,2.0,2,2,0,193,0,1,0
60,RL,58.0,10852,Pave,None,IR1,Lvl,AllPub,Inside,Gtl,Gilbert,RRAn,Norm,1Fam,2Story,6,5,2000,2000,Gable,CompShg,VinylSd,VinylSd,None,0.0,3,3,PConc,Gd,TA,No,GLQ,786,Unf,0,173,959,GasA,5,Y,SBrkr,959,712,0,1671,1,0,2,1,3,1,3,7,Typ,1,3,Attchd,2000.0,Fin,2,472,3,3,Y,0,38,0,0,0,0,0,None,None,0,2,2006,WD,Normal,173000,2630,3.5,6,6,0,38,0,1,1
70,RL,120.0,13728,Pave,None,Reg,Lvl,AllPub,Corner,Gtl,Edwards,Norm,Norm,1Fam,2Story,6,7,1935,1986,Hip,CompShg,Stucco,Stucco,None,0.0,3,3,CBlock,TA,TA,No,Rec,626,Unf,0,501,1127,GasA,5,Y,SBrkr,1236,872,0,2108,0,0,2,0,4,1,4,7,Typ,2,3,Basment,1935.0,Unf,2,540,3,3,Y,0,0,0,0,90,0,0,None,None,0,7,2008,WD,Normal,235000,3235,2.0,73,22,1,90,0,1,1
60,RL,118.0,35760,Pave,None,IR1,Lvl,AllPub,CulDSac,Gtl,NoRidge,Norm,Norm,1Fam,2Story,10,5,1995,1996,Hip,CompShg,HdBoard,HdBoard,BrkFace,1378.0,4,4,PConc,Ex,TA,Gd,GLQ,1387,Unf,0,543,1930,GasA,5,Y,SBrkr,1831,1796,0,3627,1,0,3,1,4,1,4,10,Typ,1,3,Attchd,1995.0,Fin,3,807,3,3,Y,361,76,0,0,0,0,0,None,None,0,7,2006,WD,Normal,625000,5557,4.5,11,10,1,437,0,1,1
80,RL,76.0,9880,Pave,None,Reg,Lvl,AllPub,Inside,Gtl,Mitchel,Norm,Norm,1Fam,SLvl,6,6,1977,1977,Gable,CompShg,Plywood,Plywood,None,0.0,3,3,CBlock,TA,TA,Av,ALQ,522,Unf,0,574,1096,GasA,3,Y,SBrkr,1118,0,0,1118,1,0,1,0,3,1,3,6,Typ,1,1,Attchd,1977.0,Fin,1,358,3,3,Y,203,0,0,0,0,576,4,GdPrv,None,0,7,2008,WD,Normal,171000,2214,2.0,31,31,0,203,1,1,1
20,RL,76.0,9120,Pave,None,Reg,Lvl,AllPub,Inside,Gtl,NAmes,Norm,Norm,1Fam,1Story,6,6,1958,1958,Hip,CompShg,MetalSd,MetalSd,None,0.0,3,3,CBlock,TA,TA,No,ALQ,662,Unf,0,599,1261,GasA,5,Y,SBrkr,1261,0,0,1261,1,0,1,0,3,1,3,6,Typ,1,3,Attchd,1958.0,RFn,2,433,3,3,Y,0,0,0,0,288,0,0,None,Shed,1400,11,2008,WD,Normal,163000,2522,2.0,50,50,0,288,0,1,1
160,FV,35.0,4017,Pave,Pave,IR1,Lvl,AllPub,Inside,Gtl,Somerst,Norm,Norm,TwnhsE,2Story,7,5,2006,2007,Gable,CompShg,MetalSd,MetalSd,None,0.0,4,3,PConc,Gd,TA,No,Unf,0,Unf,0,625,625,GasA,5,Y,SBrkr,625,625,0,1250,0,0,2,1,2,1,4,5,Typ,0,0,Detchd,2006.0,Fin,2,625,3,3,Y,0,54,0,0,0,0,0,None,None,0,3,2008,WD,Normal,171900,1875,2.5,2,1,1,54,0,1,0
50,RL,138.0,18030,Pave,None,IR1,Bnk,AllPub,Inside,Gtl,ClearCr,Norm,Norm,1Fam,1.5Fin,5,6,1946,1994,Gable,CompShg,MetalSd,MetalSd,None,0.0,3,3,CBlock,TA,TA,No,Rec,152,BLQ,469,977,1598,GasA,3,Y,SBrkr,1636,971,479,3086,0,0,3,0,3,1,5,12,Maj1,1,4,None,0.0,None,0,0,0,0,Y,122,0,0,0,0,0,0,MnPrv,None,0,3,2007,WD,Normal,200500,4205,3.0,61,13,1,122,0,0,1
70,RL,80.0,16560,Pave,None,IR1,Lvl,AllPub,Inside,Gtl,Crawfor,Norm,Norm,1Fam,2Story,6,8,1932,1950,Gable,CompShg,Wd Sdng,Wd Sdng,None,0.0,3,3,BrkTil,Gd,TA,No,Rec,503,Unf,0,449,952,GasA,3,Y,SBrkr,1170,1175,0,2345,0,0,2,1,4,1,3,9,Typ,1,4,Detchd,1932.0,Unf,2,360,3,3,Y,0,0,0,0,0,0,0,None,None,0,7,2006,WD,Normal,239000,3297,2.5,74,56,1,0,0,1,1
50,RL,85.0,10678,Pave,None,Reg,Lvl,AllPub,Inside,Gtl,NoRidge,Norm,Norm,1Fam,1.5Fin,8,5,1992,2000,Hip,CompShg,HdBoard,HdBoard,BrkFace,337.0,4,3,PConc,Gd,TA,No,GLQ,700,Unf,0,983,1683,GasA,5,Y,SBrkr,2129,743,0,2872,0,0,2,1,4,1,4,9,Typ,1,3,Attchd,1992.0,Fin,2,541,3,3,Y,0,33,0,0,0,0,0,None,None,0,4,2007,WD,Normal,285000,4555,2.5,15,7,1,33,0,1,1
20,RL,37.0,6951,Pave,None,IR1,Lvl,AllPub,CulDSac,Gtl,Mitchel,Norm,Norm,1Fam,1Story,5,5,1984,1985,Gable,CompShg,HdBoard,Plywood,None,0.0,3,3,CBlock,TA,TA,No,ALQ,658,Unf,0,218,876,GasA,3,Y,SBrkr,923,0,0,923,1,0,1,0,3,1,3,5,Typ,0,0,Attchd,1984.0,Unf,1,264,3,3,Y,362,0,0,0,0,0,0,MnPrv,None,0,10,2008,WD,Normal,119500,1799,2.0,24,23,1,362,0,1,0
50,RM,60.0,3950,Pave,Grvl,Reg,Bnk,AllPub,Inside,Gtl,OldTown,Artery,Norm,1Fam,1.5Fin,6,8,1926,2004,Gable,CompShg,MetalSd,MetalSd,None,0.0,3,3,CBlock,TA,TA,No,Rec,468,Unf,0,350,818,GasA,3,Y,SBrkr,818,406,0,1224,0,0,1,0,3,1,3,5,Typ,0,0,Detchd,1926.0,Unf,1,210,3,3,N,0,0,116,0,0,0,0,None,None,0,12,2009,WD,Normal,115000,2042,1.0,83,5,1,116,0,1,0
50,RL,54.0,7681,Pave,None,IR1,Lvl,AllPub,FR2,Gtl,Crawfor,Norm,Norm,1Fam,1.5Fin,5,6,1921,1950,Gable,CompShg,Wd Sdng,Wd Sdng,None,0.0,3,3,BrkTil,TA,TA,No,Unf,0,Unf,0,731,731,GasA,5,Y,SBrkr,820,523,0,1343,0,0,1,1,3,1,3,7,Typ,1,4,Detchd,1921.0,Unf,1,186,2,3,Y,192,0,102,0,0,0,0,None,None,0,7,2009,WD,Normal,154900,2074,1.5,88,59,1,294,0,1,1
20,RL,77.0,8335,Pave,None,Reg,Lvl,AllPub,Corner,Gtl,Edwards,Norm,Norm,1Fam,1Story,5,5,1954,1954,Gable,CompShg,Wd Sdng,Wd Sdng,None,0.0,3,3,Slab,None,None,None,None,0,None,0,0,0,GasA,4,Y,SBrkr,1124,0,0,1124,0,0,1,0,3,1,3,5,Min2,1,4,None,0.0,None,0,0,0,0,N,0,36,190,0,0,0,0,None,None,0,4,2006,WD,Normal,93000,1124,1.0,52,52,0,226,0,0,1
60,RL,85.0,11170,Pave,None,IR2,Lvl,AllPub,Corner,Gtl,Timber,Norm,Norm,1Fam,2Story,7,5,1990,1991,Gable,CompShg,MetalSd,MetalSd,None,0.0,3,3,Wood,Gd,TA,No,LwQ,1216,Unf,0,0,1216,GasA,5,Y,SBrkr,1298,1216,0,2514,0,0,2,1,4,1,3,8,Typ,0,0,Attchd,1990.0,Fin,2,693,3,3,Y,0,0,0,0,0,0,0,GdPrv,None,0,4,2006,WD,Normal,250000,3730,2.5,16,15,1,0,0,1,0
120,RM,64.0,5587,Pave,None,IR1,HLS,AllPub,Inside,Mod,Crawfor,Norm,Norm,TwnhsE,1Story,8,5,2008,2008,Hip,CompShg,CemntBd,CmentBd,Stone,186.0,5,3,PConc,Ex,TA,Gd,GLQ,1480,Unf,0,120,1600,GasA,5,Y,SBrkr,1652,0,0,1652,1,1,2,0,2,1,4,5,Typ,1,4,Attchd,2008.0,Fin,2,482,3,3,Y,162,53,0,153,0,0,0,None,None,0,11,2008,New,Partial,392500,3252,3.5,0,0,0,368,0,1,1
60,RL,160.0,15623,Pave,None,IR1,Lvl,AllPub,Corner,Gtl,NoRidge,Norm,Norm,1Fam,2Story,10,5,1996,1996,Hip,CompShg,Wd Sdng,ImStucc,None,0.0,4,3,PConc,Ex,TA,Av,GLQ,2096,Unf,0,300,2396,GasA,5,Y,SBrkr,2411,2065,0,4476,1,0,3,1,4,1,5,10,Typ,2,3,Attchd,1996.0,Fin,3,813,3,3,Y,171,78,0,0,0,555,5,MnPrv,None,0,7,2007,WD,Abnorml,745000,6872,4.5,11,11,0,249,1,1,1
30,RL,60.0,10800,Pave,Grvl,Reg,Lvl,AllPub,Inside,Gtl,OldTown,Norm,Norm,1Fam,1Story,5,6,1920,1950,Hip,CompShg,Stucco,Stucco,None,0.0,3,3,BrkTil,TA,TA,No,Rec,821,Unf,0,299,1120,GasA,5,Y,SBrkr,1130,0,0,1130,1,0,1,0,2,1,3,5,Typ,1,4,Detchd,1970.0,Unf,2,720,3,3,Y,229,0,0,0,0,0,0,None,None,0,6,2006,WD,Normal,120000,2250,2.0,86,56,1,229,0,1,1
20,RL,50.0,35133,Grvl,None,Reg,Lvl,AllPub,Inside,Mod,Timber,Norm,Norm,1Fam,1Story,5,4,1963,1963,Hip,CompShg,MetalSd,MetalSd,BrkFace,226.0,3,3,CBlock,TA,TA,Gd,Rec,1159,Unf,0,413,1572,GasA,4,Y,SBrkr,1572,0,0,1572,1,0,1,1,3,1,3,5,Typ,2,3,2Types,1963.0,RFn,3,995,3,3,Y,0,263,0,0,263,0,0,None,None,0,5,2007,WD,Normal,186700,3144,2.5,44,44,0,526,0,1,1
50,RL,60.0,9738,Pave,None,Reg,Lvl,AllPub,Inside,Gtl,Edwards,Norm,Norm,1Fam,1.5Fin,5,7,1924,1950,Gable,CompShg,AsbShng,AsbShng,None,0.0,3,4,BrkTil,TA,TA,No,BLQ,392,Unf,0,392,784,GasA,4,Y,SBrkr,949,272,0,1221,1,0,1,0,4,1,3,7,Typ,0,0,Attchd,1965.0,Unf,1,392,3,3,Y,0,0,236,0,0,0,0,None,None,0,3,2006,WD,Normal,104900,2005,2.0,82,56,1,236,0,1,0
190,RL,107.0,10615,Pave,None,IR1,Bnk,AllPub,Corner,Mod,OldTown,Artery,Artery,2fmCon,2Story,3,5,1900,1970,Gable,CompShg,HdBoard,HdBoard,None,0.0,3,3,CBlock,Fa,TA,Mn,BLQ,440,Unf,0,538,978,GasA,3,Y,SBrkr,1014,685,0,1699,1,0,2,0,3,2,3,7,Typ,0,0,CarPort,1920.0,Unf,2,420,2,2,Y,0,74,0,0,0,0,0,None,None,0,8,2009,WD,Abnorml,95000,2677,3.0,109,39,1,74,0,1,0
20,RL,89.0,12461,Pave,None,Reg,Lvl,AllPub,Corner,Gtl,NoRidge,Norm,Norm,1Fam,1Story,8,5,1994,1995,Gable,CompShg,ImStucc,ImStucc,None,0.0,4,3,PConc,Gd,TA,No,GLQ,1456,Unf,0,168,1624,GasA,5,Y,SBrkr,1624,0,0,1624,1,0,2,0,2,1,4,5,Typ,1,2,Attchd,1994.0,RFn,3,757,3,3,Y,0,114,192,0,0,0,0,GdPrv,None,0,7,2006,WD,Normal,262000,3248,3.0,12,11,1,306,0,1,1
60,RL,68.0,8935,Pave,None,IR1,Lvl,AllPub,Inside,Gtl,CollgCr,Norm,Norm,1Fam,2Story,7,5,2002,2002,Gable,CompShg,VinylSd,VinylSd,BrkFace,95.0,4,3,PConc,Gd,TA,No,Unf,0,Unf,0,831,831,GasA,5,Y,SBrkr,831,829,0,1660,0,0,2,1,3,1,4,7,Typ,0,0,Attchd,2002.0,RFn,2,493,3,3,Y,144,68,0,0,0,0,0,None,None,0,7,2009,WD,Normal,195000,2491,2.5,7,7,0,212,0,1,0
60,RL,60.0,7500,Pave,None,Reg,Lvl,AllPub,Inside,Gtl,Gilbert,Norm,Norm,1Fam,2Story,7,5,1999,1999,Gable,CompShg,VinylSd,VinylSd,None,0.0,3,3,PConc,TA,TA,No,Unf,0,Unf,0,994,994,GasA,4,Y,SBrkr,1028,776,0,1804,0,0,2,1,3,1,4,7,Typ,1,3,Attchd,1999.0,Fin,2,442,3,3,Y,140,60,0,0,0,0,0,None,None,0,6,2010,WD,Normal,189000,2798,2.5,11,11,0,200,0,1,1
190,RL,73.0,32463,Pave,None,Reg,Low,AllPub,Inside,Mod,Mitchel,Norm,Norm,2fmCon,1Story,4,4,1961,1975,Gable,CompShg,MetalSd,MetalSd,Stone,149.0,3,4,CBlock,TA,TA,Av,BLQ,1159,Unf,0,90,1249,GasA,5,Y,SBrkr,1622,0,0,1622,1,0,1,0,3,1,3,7,Typ,1,3,2Types,1975.0,Fin,4,1356,3,3,Y,439,0,0,0,0,0,0,None,None,0,3,2007,WD,Normal,168000,2871,2.0,46,32,1,439,0,1,1
160,FV,24.0,2645,Pave,Pave,Reg,Lvl,AllPub,Inside,Gtl,Somerst,Norm,Norm,Twnhs,2Story,8,5,1999,2000,Gable,CompShg,MetalSd,MetalSd,BrkFace,456.0,4,3,PConc,Gd,TA,No,Unf,0,Unf,0,776,776,GasA,5,Y,SBrkr,764,677,0,1441,0,0,2,1,2,1,4,5,Typ,0,0,Detchd,1999.0,Unf,2,492,3,3,Y,206,0,0,0,0,0,0,None,None,0,11,2007,WD,Normal,174000,2217,2.5,8,7,1,206,0,1,0
50,RM,60.0,9600,Pave,Grvl,Reg,Lvl,AllPub,Inside,Gtl,OldTown,Norm,Norm,1Fam,1.5Fin,5,8,1925,1994,Gambrel,CompShg,VinylSd,VinylSd,None,0.0,3,3,PConc,TA,TA,Mn,Unf,0,Unf,0,702,702,GasA,4,Y,SBrkr,842,630,0,1472,0,0,1,0,3,1,4,6,Typ,0,0,Detchd,1925.0,Unf,1,250,3,2,P,0,0,84,0,0,0,0,GdWo,None,0,7,2007,WD,Normal,125000,2174,1.0,82,13,1,84,0,1,0
120,RM,73.0,4500,Pave,None,Reg,Lvl,AllPub,FR2,Gtl,Mitchel,Norm,Norm,TwnhsE,1Story,6,5,1999,1999,Hip,CompShg,VinylSd,VinylSd,BrkFace,425.0,3,3,PConc,Ex,TA,No,GLQ,883,Unf,0,341,1224,GasA,5,Y,SBrkr,1224,0,0,1224,1,0,2,0,2,1,3,5,Typ,0,0,Attchd,1999.0,Fin,2,402,3,3,Y,0,304,0,0,0,0,0,None,None,0,6,2009,WD,Normal,165000,2448,3.0,10,10,0,304,0,1,0
60,RL,80.0,9364,Pave,None,Reg,Lvl,AllPub,Corner,Gtl,Sawyer,Norm,Norm,1Fam,2Story,6,7,1969,1969,Gable,CompShg,HdBoard,HdBoard,Stone,143.0,3,3,CBlock,TA,TA,No,ALQ,371,Unf,0,292,663,GasA,3,Y,SBrkr,663,689,0,1352,0,0,1,1,4,1,3,7,Typ,0,0,Attchd,1969.0,Fin,1,299,3,3,Y,379,36,0,0,0,0,0,MnPrv,None,0,3,2010,WD,Normal,158000,2015,1.5,41,41,0,415,0,1,0
60,RL,51.0,8029,Pave,None,IR1,Lvl,AllPub,Inside,Gtl,Gilbert,Norm,Norm,1Fam,2Story,6,5,2005,2005,Gable,CompShg,VinylSd,VinylSd,None,0.0,3,3,PConc,Gd,TA,No,Unf,0,Unf,0,728,728,GasA,5,Y,SBrkr,728,728,0,1456,0,0,2,1,3,1,4,8,Typ,0,0,Attchd,2005.0,Fin,2,400,3,3,Y,100,24,0,0,0,0,0,None,None,0,7,2008,WD,Normal,176000,2184,2.5,3,3,0,124,0,1,0
60,RL,58.0,14054,Pave,None,IR1,Lvl,AllPub,Inside,Gtl,Gilbert,Norm,Norm,1Fam,2Story,7,5,2006,2006,Gable,CompShg,VinylSd,VinylSd,None,0.0,4,3,PConc,Gd,TA,Av,Unf,0,Unf,0,879,879,GasA,5,Y,SBrkr,879,984,0,1863,0,0,2,1,4,1,4,9,Typ,1,4,BuiltIn,2006.0,Fin,3,660,3,3,Y,100,17,0,0,0,0,0,None,None,0,11,2006,New,Partial,219210,2742,2.5,0,0,0,117,0,1,1
75,RM,65.0,8850,Pave,None,IR1,Bnk,AllPub,Corner,Gtl,OldTown,Norm,Norm,1Fam,2.5Unf,7,6,1916,1950,Gable,CompShg,MetalSd,MetalSd,None,0.0,3,3,BrkTil,TA,TA,No,Unf,0,Unf,0,815,815,GasA,5,Y,SBrkr,815,875,0,1690,0,0,1,0,3,1,3,7,Typ,1,4,Detchd,1916.0,Unf,1,225,3,3,Y,0,0,330,0,0,0,0,None,None,0,7,2006,ConLw,Normal,144000,2505,1.0,90,56,1,330,0,1,1
20,RL,70.0,9100,Pave,None,Reg,Lvl,AllPub,Inside,Gtl,CollgCr,Norm,Norm,1Fam,1Story,7,5,2001,2001,Gable,CompShg,VinylSd,VinylSd,None,0.0,4,3,PConc,Gd,TA,No,Unf,0,Unf,0,1212,1212,GasA,5,Y,SBrkr,1212,0,0,1212,0,0,2,0,3,1,4,6,Typ,0,0,Attchd,2001.0,RFn,2,573,3,3,Y,356,0,0,0,0,0,0,None,None,0,6,2009,WD,Normal,178000,2424,2.0,8,8,0,356,0,1,0
20,RL,75.0,11235,Pave,None,Reg,Lvl,AllPub,Inside,Gtl,Sawyer,Norm,Norm,1Fam,1Story,4,5,1963,1979,Gable,CompShg,HdBoard,HdBoard,BrkFace,51.0,3,3,CBlock,TA,TA,No,Rec,547,Unf,0,504,1051,GasA,4,Y,SBrkr,1382,0,0,1382,0,0,1,1,3,1,3,6,Typ,1,1,Attchd,1974.0,Unf,2,459,3,3,Y,0,82,0,0,0,0,0,None,None,0,10,2006,WD,Normal,148000,2433,1.5,43,27,1,82,0,1,1
20,RL,71.0,9353,Pave,None,Reg,Lvl,AllPub,Inside,Gtl,NAmes,Norm,Norm,1Fam,1Story,4,5,1970,1970,Gable,CompShg,MetalSd,MetalSd,None,0.0,3,3,CBlock,TA,TA,No,Unf,0,Unf,0,864,864,GasA,4,Y,SBrkr,864,0,0,864,0,0,1,0,3,1,3,5,Typ,0,0,Attchd,1972.0,Unf,1,280,3,3,Y,0,0,0,0,0,0,0,None,Shed,0,7,2006,Oth,Abnorml,116050,1728,1.0,36,36,0,0,0,1,0
60,RL,80.0,10400,Pave,None,Reg,Lvl,AllPub,Corner,Gtl,CollgCr,Norm,Norm,1Fam,2Story,7,5,1998,1998,Gable,CompShg,VinylSd,VinylSd,None,0.0,3,3,PConc,Gd,TA,Av,Unf,0,Unf,0,866,866,GasA,5,Y,SBrkr,866,913,0,1779,0,0,2,1,3,1,4,6,Typ,0,0,Attchd,1998.0,RFn,2,546,3,3,Y,198,36,0,0,0,0,0,None,None,0,3,2009,WD,Normal,197900,2645,2.5,11,11,0,234,0,1,0
50,RM,50.0,6000,Pave,None,Reg,Lvl,AllPub,Corner,Gtl,BrkSide,Norm,Norm,1Fam,1.5Fin,5,8,1925,1997,Gable,CompShg,Wd Sdng,Wd Sdng,None,0.0,3,3,BrkTil,TA,TA,No,Unf,0,Unf,0,884,884,GasA,5,Y,SBrkr,884,464,0,1348,1,0,1,0,3,1,3,5,Typ,1,2,Detchd,1960.0,Unf,1,216,3,3,N,0,0,208,0,0,0,0,None,None,0,5,2009,WD,Normal,117000,2232,2.0,84,12,1,208,0,1,1
20,RL,75.0,9750,Pave,None,Reg,Lvl,AllPub,Inside,Gtl,CollgCr,Norm,Norm,1Fam,1Story,7,5,2000,2001,Gable,CompShg,VinylSd,VinylSd,BrkFace,171.0,4,3,PConc,Gd,TA,No,Unf,0,Unf,0,1630,1630,GasA,5,Y,SBrkr,1630,0,0,1630,0,0,2,0,3,1,4,6,Typ,1,3,Attchd,2000.0,Unf,2,451,3,3,Y,74,234,0,0,0,0,0,None,None,0,10,2009,WD,Normal,213000,3260,2.0,9,8,1,308,0,1,1
20,RL,78.0,10140,Pave,None,Reg,Lvl,AllPub,Inside,Gtl,NWAmes,Norm,Norm,1Fam,1Story,5,6,1975,1975,Gable,CompShg,HdBoard,HdBoard,None,0.0,3,3,CBlock,Gd,TA,No,ALQ,788,Unf,0,268,1056,GasA,5,Y,SBrkr,1074,0,0,1074,1,0,1,1,3,1,3,6,Typ,0,0,Attchd,1975.0,RFn,2,495,3,3,Y,0,88,0,0,0,0,0,MnPrv,None,0,7,2006,WD,Normal,153500,2130,2.5,31,31,0,88,0,1,0
20,RL,90.0,14684,Pave,None,IR1,Lvl,AllPub,CulDSac,Gtl,SawyerW,Norm,Norm,1Fam,1Story,7,7,1990,1991,Hip,CompShg,HdBoard,HdBoard,BrkFace,234.0,4,3,CBlock,Gd,TA,Mn,ALQ,485,BLQ,177,1496,2158,GasA,4,Y,SBrkr,2196,0,0,2196,0,0,2,0,3,1,4,7,Typ,1,3,Attchd,1990.0,RFn,3,701,3,3,Y,84,70,0,0,0,0,0,None,None,0,6,2009,WD,Normal,271900,4354,2.0,19,18,1,154,0,1,1
20,RH,66.5,8900,Pave,None,Reg,Lvl,AllPub,Inside,Gtl,SawyerW,Norm,Norm,1Fam,1Story,4,4,1966,1966,Gable,CompShg,HdBoard,HdBoard,None,0.0,3,3,CBlock,TA,TA,No,Rec,1056,Unf,0,0,1056,GasA,3,Y,SBrkr,1056,0,0,1056,1,0,1,0,2,1,3,5,Typ,0,0,Detchd,1966.0,Unf,1,384,3,3,Y,0,42,0,0,0,0,0,MnPrv,None,0,11,2006,WD,Normal,107000,2112,2.0,40,40,0,42,0,1,0
20,RL,70.0,9135,Pave,None,Reg,Lvl,AllPub,Inside,Gtl,CollgCr,Norm,Norm,1Fam,1Story,6,5,2003,2003,Gable,CompShg,VinylSd,VinylSd,BrkFace,120.0,4,3,PConc,Gd,TA,Av,GLQ,340,Unf,0,1342,1682,GasA,5,Y,SBrkr,1700,0,0,1700,1,0,2,0,3,1,4,7,Typ,0,0,Attchd,2003.0,RFn,2,544,3,3,Y,192,23,0,0,0,0,0,None,None,0,5,2006,WD,Normal,200000,3382,3.0,3,3,0,215,0,1,0
20,RL,70.0,7763,Pave,None,Reg,Lvl,AllPub,Inside,Gtl,NAmes,Norm,Norm,1Fam,1Story,5,7,1962,1980,Gable,CompShg,MetalSd,MetalSd,None,0.0,3,4,CBlock,TA,TA,No,Rec,504,BLQ,108,319,931,GasA,3,Y,SBrkr,1283,0,0,1283,1,0,1,0,3,1,3,6,Typ,0,0,Detchd,1980.0,Unf,2,506,3,3,Y,0,0,0,0,0,0,0,None,None,0,10,2008,WD,Normal,140000,2214,2.0,46,28,1,0,0,1,0
20,RL,85.0,10182,Pave,None,IR1,Lvl,AllPub,CulDSac,Gtl,Somerst,RRNn,Norm,1Fam,1Story,8,5,2006,2006,Hip,CompShg,VinylSd,VinylSd,Stone,420.0,4,3,PConc,Ex,TA,Mn,GLQ,1220,Unf,0,440,1660,GasA,5,Y,SBrkr,1660,0,0,1660,1,0,2,0,3,1,4,8,Typ,1,4,Attchd,2006.0,RFn,2,500,3,3,Y,322,50,0,0,0,0,0,None,None,0,5,2006,New,Partial,290000,3320,3.0,0,0,0,372,0,1,1
60,RL,70.0,11218,Pave,None,Reg,Lvl,AllPub,Inside,Gtl,SawyerW,Norm,Norm,1Fam,2Story,6,5,1992,1992,Gable,CompShg,Wd Sdng,Wd Sdng,None,0.0,4,3,PConc,Gd,TA,No,Unf,0,Unf,0,1055,1055,GasA,5,Y,SBrkr,1055,790,0,1845,0,0,2,1,3,1,4,8,Typ,1,3,Attchd,1992.0,RFn,2,462,3,3,Y,635,104,0,0,0,0,0,GdPrv,Shed,400,5,2010,WD,Normal,189000,2900,2.5,18,18,0,739,0,1,1
50,RL,152.0,12134,Pave,None,IR1,Bnk,AllPub,Inside,Mod,Gilbert,Norm,Norm,1Fam,1.5Fin,8,7,1988,2005,Gable,CompShg,Wd Sdng,Wd Sdng,None,0.0,4,3,Wood,Gd,TA,Av,GLQ,427,Unf,0,132,559,GasA,4,Y,SBrkr,1080,672,0,1752,0,0,2,0,4,1,3,8,Typ,0,0,Basment,1988.0,RFn,2,492,3,3,Y,325,12,0,0,0,0,0,None,None,0,6,2010,WD,Normal,164000,2311,2.0,22,5,1,337,0,1,0
30,RL,50.0,9340,Pave,None,Reg,Lvl,AllPub,Inside,Gtl,Edwards,Norm,Norm,1Fam,1Story,4,6,1941,1950,Hip,CompShg,MetalSd,MetalSd,None,0.0,3,3,CBlock,TA,TA,No,Rec,344,Unf,0,328,672,GasA,3,Y,SBrkr,672,0,0,672,1,0,1,0,2,1,3,4,Typ,0,0,Attchd,1941.0,Unf,1,234,3,3,N,0,113,0,0,0,0,0,None,None,0,8,2009,WD,Normal,113000,1344,2.0,68,59,1,113,0,1,0
80,RL,71.0,10246,Pave,None,IR1,Lvl,AllPub,CulDSac,Gtl,Sawyer,Norm,Norm,1Fam,SLvl,4,9,1965,2001,Gable,CompShg,VinylSd,VinylSd,None,0.0,3,4,CBlock,TA,Gd,Av,GLQ,648,Unf,0,0,648,GasA,5,Y,SBrkr,960,0,0,960,1,1,0,0,0,1,3,3,Typ,0,0,Attchd,1965.0,Unf,1,364,3,3,Y,88,0,0,0,0,0,0,None,None,0,5,2006,WD,Normal,145000,1608,1.5,41,5,1,88,0,1,0
85,RL,69.0,10205,Pave,None,IR1,Lvl,AllPub,Inside,Gtl,NAmes,Norm,Norm,1Fam,SFoyer,5,5,1962,1962,Gable,CompShg,MetalSd,MetalSd,None,0.0,3,3,CBlock,TA,TA,Av,BLQ,784,Unf,0,141,925,GasA,3,Y,SBrkr,999,0,0,999,1,0,1,0,3,1,3,6,Typ,0,0,Attchd,1962.0,Unf,1,300,3,3,Y,150,72,0,0,0,0,0,None,None,0,5,2006,WD,Normal,134500,1924,2.0,44,44,0,222,0,1,0
20,RL,99.0,7094,Pave,None,IR1,Lvl,AllPub,Inside,Gtl,Sawyer,Norm,Norm,1Fam,1Story,5,5,1966,1966,Gable,CompShg,VinylSd,VinylSd,None,0.0,3,3,CBlock,TA,TA,No,Rec,180,LwQ,374,340,894,GasA,3,Y,SBrkr,894,0,0,894,0,0,1,0,3,1,3,5,Typ,0,0,Detchd,1966.0,RFn,1,384,3,3,Y,0,0,0,0,0,0,0,MnPrv,None,0,5,2007,WD,Normal,125000,1788,1.0,41,41,0,0,0,1,0
90,RM,68.0,8930,Pave,None,Reg,Lvl,AllPub,Inside,Gtl,Sawyer,RRAe,Norm,Duplex,1.5Fin,6,5,1978,1978,Gable,CompShg,VinylSd,VinylSd,None,0.0,3,3,Slab,None,None,None,None,0,None,0,0,0,GasA,3,Y,SBrkr,1318,584,0,1902,0,0,2,0,4,2,3,8,Typ,0,0,Attchd,1978.0,Unf,2,539,3,3,Y,0,0,0,0,0,0,0,None,None,0,4,2010,WD,Normal,112000,1902,2.0,32,32,0,0,0,1,0
20,FV,72.0,8640,Pave,None,Reg,Lvl,AllPub,Inside,Gtl,Somerst,Norm,Norm,1Fam,1Story,8,5,2009,2009,Gable,CompShg,CemntBd,CmentBd,Stone,72.0,4,3,PConc,Gd,TA,Mn,GLQ,936,Unf,0,364,1300,GasA,5,Y,SBrkr,1314,0,0,1314,1,0,2,0,3,1,4,6,Typ,0,0,Attchd,2009.0,RFn,2,552,3,3,Y,135,112,0,0,0,0,0,None,None,0,9,2009,New,Partial,229456,2614,3.0,0,0,0,247,0,1,0
50,RM,52.0,6240,Pave,None,Reg,Lvl,AllPub,Inside,Gtl,BrkSide,Norm,Norm,1Fam,1.5Fin,4,5,1947,1950,Gable,CompShg,AsbShng,AsbShng,None,0.0,3,3,Slab,None,None,None,None,0,None,0,0,0,GasA,4,N,SBrkr,672,240,0,912,0,0,1,0,2,1,3,3,Typ,0,0,None,0.0,None,0,0,0,0,N,0,0,0,0,0,0,0,None,None,0,7,2006,WD,Normal,80500,912,1.0,59,56,1,0,0,0,0
160,RM,21.0,1680,Pave,None,Reg,Lvl,AllPub,Inside,Gtl,BrDale,Norm,Norm,Twnhs,2Story,6,5,1971,1971,Gable,CompShg,CemntBd,CmentBd,BrkFace,236.0,3,3,CBlock,TA,TA,No,Unf,0,Unf,0,672,672,GasA,3,Y,SBrkr,672,546,0,1218,0,0,1,1,3,1,3,7,Typ,0,0,None,0.0,None,0,0,0,0,N,201,0,0,0,0,0,0,None,None,0,4,2006,WD,Abnorml,91500,1890,1.5,35,35,0,201,0,0,0
20,RL,66.0,7800,Pave,None,IR1,Lvl,AllPub,Inside,Gtl,NAmes,Norm,Norm,1Fam,1Story,5,5,1964,1964,Gable,CompShg,Wd Sdng,Wd Sdng,None,0.0,3,3,CBlock,TA,TA,No,Rec,312,LwQ,600,0,912,GasA,3,Y,SBrkr,912,0,0,912,0,0,1,0,2,1,3,5,Typ,0,0,Attchd,1964.0,Unf,1,288,3,3,Y,0,0,0,0,0,0,0,None,None,0,11,2006,WD,Abnorml,115000,1824,1.0,42,42,0,0,0,1,0
20,RL,55.0,8250,Pave,None,Reg,Lvl,AllPub,Inside,Gtl,Sawyer,Feedr,Norm,1Fam,1Story,5,5,1968,1968,Hip,CompShg,HdBoard,HdBoard,None,0.0,3,3,CBlock,TA,TA,No,BLQ,250,LwQ,492,210,952,GasA,5,Y,SBrkr,1211,0,0,1211,0,0,1,0,3,1,3,5,Typ,1,3,Attchd,1968.0,Unf,1,322,3,3,Y,0,63,0,0,0,0,0,None,None,0,8,2008,WD,Normal,134000,2163,1.0,40,40,0,63,0,1,1
50,RL,78.0,10496,Pave,None,Reg,Lvl,AllPub,Inside,Gtl,NAmes,Artery,Norm,1Fam,1.5Fin,6,6,1949,1950,Gable,CompShg,Wd Sdng,Wd Sdng,BrkFace,320.0,3,3,CBlock,TA,TA,Mn,Rec,196,Unf,0,844,1040,GasA,5,Y,SBrkr,1168,678,0,1846,0,0,2,0,3,1,3,7,Typ,1,4,Attchd,1949.0,Unf,1,315,3,3,Y,0,0,0,0,0,0,0,GdWo,None,0,1,2007,WD,Normal,143000,2886,2.0,58,57,1,0,0,1,1
20,RL,89.0,10680,Pave,None,Reg,Lvl,AllPub,Inside,Gtl,NAmes,Norm,Norm,1Fam,1Story,5,3,1951,1951,Hip,CompShg,Wd Sdng,Wd Sdng,BrkFace,44.0,3,3,CBlock,TA,Fa,No,LwQ,756,Unf,0,1380,2136,GasA,3,N,FuseA,2136,0,0,2136,0,0,2,0,4,1,3,7,Mod,0,0,Detchd,1951.0,Unf,2,528,3,3,Y,0,30,0,0,0,0,0,MnPrv,None,0,10,2006,WD,Normal,137900,4272,2.0,55,55,0,30,0,1,0
60,RL,60.0,15384,Pave,None,IR1,Lvl,AllPub,Inside,Gtl,Gilbert,RRAn,Norm,1Fam,2Story,7,5,2004,2005,Gable,CompShg,VinylSd,VinylSd,None,0.0,4,3,PConc,Gd,TA,Av,GLQ,724,Unf,0,64,788,GasA,5,Y,SBrkr,788,702,0,1490,1,0,2,1,3,1,4,8,Typ,1,4,Attchd,2004.0,Fin,2,388,3,3,Y,100,75,0,0,0,0,0,None,None,0,2,2008,WD,Normal,184000,2278,3.5,4,3,1,175,0,1,1
80,RL,65.0,10482,Pave,None,Reg,Lvl,AllPub,Inside,Gtl,NAmes,Norm,Norm,1Fam,SLvl,6,8,1958,1958,Hip,CompShg,VinylSd,VinylSd,BrkFace,63.0,3,4,CBlock,TA,TA,Av,GLQ,507,Unf,0,81,588,GasA,5,Y,SBrkr,1138,0,0,1138,0,1,1,0,3,1,3,6,Typ,0,0,Attchd,1958.0,RFn,1,264,3,3,Y,224,0,0,0,0,0,0,MnWw,None,0,6,2007,WD,Normal,145000,1726,1.5,49,49,0,224,0,1,0
60,RL,86.0,14598,Pave,None,IR1,Lvl,AllPub,CulDSac,Gtl,Somerst,Feedr,Norm,1Fam,2Story,6,5,2007,2007,Gable,CompShg,VinylSd,VinylSd,Stone,74.0,4,3,PConc,Gd,TA,Mn,Unf,0,Unf,0,894,894,GasA,5,Y,SBrkr,894,1039,0,1933,0,0,2,1,4,1,4,9,Typ,1,4,BuiltIn,2007.0,Fin,3,668,3,3,Y,100,18,0,0,0,0,0,None,None,0,1,2008,WD,Normal,214000,2827,2.5,1,1,0,118,0,1,1
20,RL,72.0,8872,Pave,None,Reg,Lvl,AllPub,Corner,Gtl,NAmes,Norm,Norm,1Fam,1Story,5,8,1965,2008,Gable,CompShg,VinylSd,VinylSd,BrkFace,300.0,3,3,CBlock,TA,TA,No,ALQ,595,Unf,0,317,912,GasA,5,Y,SBrkr,912,0,0,912,1,0,1,0,2,1,4,5,Typ,0,0,Detchd,1992.0,Unf,2,576,3,3,Y,0,240,0,0,0,0,0,None,None,0,12,2008,WD,Normal,147000,1824,2.0,43,0,1,240,0,1,0
120,RL,65.0,8769,Pave,None,Reg,Lvl,AllPub,Corner,Gtl,NridgHt,Norm,Norm,TwnhsE,1Story,9,5,2008,2008,Hip,CompShg,MetalSd,MetalSd,BrkFace,766.0,5,3,PConc,Ex,TA,No,GLQ,1540,Unf,0,162,1702,GasA,5,Y,SBrkr,1702,0,0,1702,1,0,1,1,1,1,5,7,Typ,1,4,Attchd,2008.0,Fin,3,1052,3,3,Y,0,72,0,0,224,0,0,None,None,0,10,2008,New,Partial,367294,3404,2.5,0,0,0,296,0,1,1
80,RL,70.0,7910,Pave,None,Reg,Lvl,AllPub,Inside,Gtl,NAmes,Norm,Norm,1Fam,SLvl,5,5,1960,1960,Hip,CompShg,BrkFace,HdBoard,None,0.0,3,3,CBlock,TA,TA,No,ALQ,666,Unf,0,409,1075,GasA,4,Y,SBrkr,1507,0,0,1507,0,0,2,0,4,1,3,7,Maj1,0,0,Basment,1960.0,Unf,1,404,3,3,Y,0,0,0,0,0,0,0,GdWo,None,0,8,2008,WD,Normal,127000,2582,2.0,48,48,0,0,0,1,0
90,RL,71.0,18890,Pave,None,IR1,Lvl,AllPub,Inside,Gtl,Sawyer,Feedr,RRAe,Duplex,1.5Fin,5,5,1977,1977,Shed,CompShg,Plywood,Plywood,None,1.0,3,3,CBlock,Gd,TA,No,GLQ,498,Rec,211,652,1361,GasA,5,Y,SBrkr,1361,1259,0,2620,0,0,2,2,4,2,3,12,Typ,1,3,BuiltIn,1977.0,RFn,2,600,3,3,N,155,24,145,0,0,0,0,None,Gar2,8300,8,2007,WD,Normal,190000,3981,3.0,30,30,0,324,0,1,1
90,RL,70.0,7728,Pave,None,Reg,Lvl,AllPub,Inside,Gtl,NAmes,Norm,Norm,Duplex,SLvl,5,6,1962,1962,Hip,CompShg,Wd Sdng,Wd Sdng,BrkFace,120.0,3,3,CBlock,TA,TA,Av,ALQ,803,Unf,0,303,1106,GasA,3,Y,SBrkr,1190,0,0,1190,1,0,1,0,3,1,3,6,Typ,0,0,Attchd,1962.0,Unf,2,540,3,3,Y,0,18,0,0,0,0,0,GdWo,None,0,5,2006,WD,Normal,132500,2296,2.0,44,44,0,18,0,1,0
90,RL,70.0,9842,Pave,None,Reg,Lvl,AllPub,FR2,Gtl,NAmes,Norm,Norm,Duplex,1Story,4,5,1962,1962,Gable,CompShg,HdBoard,HdBoard,None,0.0,3,3,Slab,None,None,None,None,0,None,0,0,0,GasA,3,Y,SBrkr,1224,0,0,1224,0,0,2,0,2,2,3,6,Typ,0,0,CarPort,1962.0,Unf,2,462,3,3,Y,0,0,0,0,0,0,0,None,None,0,3,2007,WD,Normal,101800,1224,2.0,45,45,0,0,0,1,0
20,RL,73.0,12160,Pave,None,IR1,Lvl,AllPub,Inside,Gtl,NAmes,Norm,Norm,1Fam,1Story,5,5,1959,1959,Hip,CompShg,Plywood,Plywood,BrkFace,180.0,3,3,CBlock,TA,TA,No,Rec,1000,Unf,0,188,1188,GasA,2,Y,SBrkr,1188,0,0,1188,1,0,1,0,3,1,3,6,Typ,0,0,Attchd,1959.0,RFn,2,531,3,3,Y,0,0,0,0,0,0,0,MnPrv,None,0,5,2010,COD,Abnorml,142000,2376,2.0,51,51,0,0,0,1,0
70,RH,55.0,8525,Pave,None,Reg,Bnk,AllPub,Inside,Gtl,SWISU,Norm,Norm,1Fam,2Story,5,6,1911,1950,Gable,CompShg,MetalSd,MetalSd,None,0.0,3,3,PConc,TA,TA,Av,Unf,0,Unf,0,940,940,GasA,3,N,FuseA,1024,940,0,1964,0,0,1,1,4,1,3,7,Typ,0,0,None,0.0,None,0,0,0,0,N,0,192,0,0,0,0,0,None,None,0,11,2008,WD,Abnorml,130000,2904,1.5,97,58,1,192,0,0,0
70,RL,96.0,13132,Pave,None,Reg,Lvl,AllPub,Inside,Gtl,Crawfor,Norm,Norm,1Fam,2Story,5,5,1914,1950,Gable,CompShg,Wd Sdng,Wd Sdng,None,0.0,3,3,BrkTil,Gd,TA,Mn,Unf,0,Unf,0,747,747,GasA,4,Y,FuseF,892,892,0,1784,0,0,1,1,4,1,3,9,Typ,0,0,Detchd,1914.0,Unf,1,180,2,2,N,203,40,0,0,0,0,0,None,None,0,7,2006,WD,Normal,138887,2531,1.5,92,56,1,243,0,1,0
160,RL,36.0,2628,Pave,None,Reg,Lvl,AllPub,Inside,Gtl,NridgHt,Norm,Norm,Twnhs,2Story,7,5,2003,2003,Gable,CompShg,VinylSd,Wd Shng,Stone,106.0,4,3,PConc,Gd,TA,No,Unf,0,Unf,0,764,764,GasA,5,Y,SBrkr,764,862,0,1626,0,0,2,1,2,1,4,6,Typ,0,0,BuiltIn,2003.0,RFn,2,474,3,3,Y,0,27,0,0,0,0,0,None,None,0,6,2010,WD,Normal,175500,2390,2.5,7,7,0,27,0,1,0
60,RL,41.0,12393,Pave,None,IR2,Lvl,AllPub,FR2,Gtl,CollgCr,Norm,Norm,1Fam,2Story,7,5,2004,2005,Gable,CompShg,VinylSd,VinylSd,None,0.0,4,3,PConc,Gd,TA,No,Unf,0,Unf,0,847,847,GasA,5,Y,SBrkr,847,1101,0,1948,0,0,2,1,4,1,4,8,Typ,1,4,BuiltIn,2004.0,Fin,2,434,3,3,Y,100,48,0,0,0,0,0,None,None,0,9,2006,WD,Normal,195000,2795,2.5,2,1,1,148,0,1,1
20,RL,63.0,13072,Pave,None,Reg,Lvl,AllPub,Inside,Gtl,SawyerW,RRAe,Norm,1Fam,1Story,6,5,2005,2005,Gable,CompShg,VinylSd,VinylSd,None,0.0,4,3,PConc,Gd,TA,No,Unf,0,Unf,0,1141,1141,GasA,5,Y,SBrkr,1141,0,0,1141,0,0,1,1,3,1,3,6,Typ,0,0,Detchd,2005.0,Unf,2,484,3,3,Y,0,0,0,0,0,0,0,None,None,0,3,2006,WD,Abnorml,142500,2282,1.5,1,1,0,0,0,1,0
20,RL,64.0,9037,Pave,None,IR1,HLS,AllPub,Inside,Gtl,Timber,Norm,Norm,1Fam,1Story,8,5,2006,2006,Hip,CompShg,VinylSd,VinylSd,BrkFace,32.0,4,3,PConc,Gd,TA,Av,GLQ,428,Unf,0,1048,1476,GasA,5,Y,SBrkr,1484,0,0,1484,0,0,2,0,2,1,5,6,Typ,1,4,Attchd,2006.0,RFn,2,472,3,3,Y,120,33,0,0,0,0,0,None,None,0,12,2007,WD,Normal,265900,2960,2.0,1,1,0,153,0,1,1
60,RL,65.0,8158,Pave,None,Reg,Lvl,AllPub,Inside,Gtl,CollgCr,Norm,Norm,1Fam,2Story,7,5,2003,2003,Gable,CompShg,VinylSd,VinylSd,BrkFace,252.0,4,3,PConc,Gd,TA,No,GLQ,550,Unf,0,334,884,GasA,5,Y,SBrkr,884,884,0,1768,1,0,2,1,3,1,4,8,Typ,0,0,Attchd,2003.0,RFn,2,543,3,3,Y,0,63,0,0,0,0,0,None,None,0,7,2008,WD,Normal,224900,2652,3.5,5,5,0,63,0,1,0
20,RL,83.0,9849,Pave,None,Reg,Lvl,AllPub,Inside,Gtl,Somerst,Norm,Norm,1Fam,1Story,7,6,2007,2007,Hip,CompShg,VinylSd,VinylSd,Stone,0.0,4,3,PConc,Gd,TA,Av,Unf,0,Unf,0,1689,1689,GasA,5,Y,SBrkr,1689,0,0,1689,0,0,2,0,3,1,4,7,Typ,0,0,Attchd,2007.0,RFn,3,954,3,3,Y,0,56,0,0,0,0,0,None,None,0,6,2007,New,Partial,248328,3378,2.0,0,0,0,56,0,1,0
85,RL,85.0,10625,Pave,None,Reg,Lvl,AllPub,Inside,Gtl,NWAmes,Norm,Norm,1Fam,SFoyer,7,6,1974,1974,Gable,CompShg,Plywood,Plywood,BrkFace,81.0,3,3,CBlock,Gd,TA,Gd,GLQ,885,LwQ,168,0,1053,GasA,3,Y,SBrkr,1173,0,0,1173,1,0,2,0,3,1,4,6,Typ,2,3,Attchd,1974.0,RFn,2,528,3,3,Y,0,120,0,0,0,0,0,MnPrv,None,0,1,2010,WD,Family,170000,2226,3.0,36,36,0,120,0,1,1
20,RL,107.0,13891,Pave,None,Reg,Lvl,AllPub,Inside,Gtl,NridgHt,Norm,Norm,1Fam,1Story,10,5,2006,2006,Gable,CompShg,VinylSd,VinylSd,None,0.0,5,3,PConc,Ex,Gd,Gd,GLQ,1386,Unf,0,690,2076,GasA,5,Y,SBrkr,2076,0,0,2076,1,0,2,1,2,1,5,7,Typ,1,4,Attchd,2006.0,Fin,3,850,3,3,Y,216,229,0,0,0,0,0,None,None,0,9,2006,New,Partial,465000,4152,3.5,0,0,0,445,0,1,1
70,RL,74.0,11435,Pave,None,IR1,HLS,AllPub,Corner,Mod,Crawfor,Norm,Norm,1Fam,2Story,8,7,1929,1950,Gable,CompShg,BrkFace,Stucco,None,0.0,3,3,PConc,Gd,TA,No,Unf,0,Unf,0,792,792,GasA,2,Y,SBrkr,792,725,0,1517,0,0,1,0,3,1,4,7,Typ,2,4,Detchd,1931.0,Unf,2,400,3,3,Y,0,0,0,0,0,0,0,None,None,0,6,2006,WD,Normal,230000,2309,1.0,77,56,1,0,0,1,1
80,RL,78.0,12090,Pave,None,Reg,Lvl,AllPub,Inside,Gtl,NWAmes,Norm,Norm,1Fam,SLvl,6,7,1984,2003,Hip,CompShg,VinylSd,VinylSd,BrkFace,74.0,3,3,CBlock,Gd,TA,No,Unf,0,Unf,0,585,585,GasA,5,Y,SBrkr,1140,728,0,1868,0,0,3,1,3,1,3,7,Typ,1,3,BuiltIn,1984.0,Fin,2,477,3,3,Y,268,112,0,0,147,0,0,None,None,0,1,2007,WD,Abnorml,178000,2453,3.5,23,4,1,527,0,1,1
60,FV,65.0,8125,Pave,None,Reg,Lvl,AllPub,Inside,Gtl,Somerst,Norm,Norm,1Fam,2Story,7,5,2005,2006,Gable,CompShg,VinylSd,VinylSd,None,0.0,4,3,PConc,Gd,TA,No,Unf,0,Unf,0,756,756,GasA,5,Y,SBrkr,756,797,0,1553,0,0,2,1,3,1,4,6,Typ,0,0,Attchd,2005.0,RFn,2,615,3,3,Y,0,45,0,0,0,0,0,None,None,0,3,2006,New,Partial,186500,2309,2.5,1,0,1,45,0,1,0
80,RL,73.0,12328,Pave,None,IR1,Lvl,AllPub,Inside,Gtl,Mitchel,Norm,Norm,1Fam,SLvl,6,5,1976,1976,Gable,CompShg,HdBoard,HdBoard,BrkFace,335.0,3,3,CBlock,TA,TA,Av,GLQ,539,Unf,0,473,1012,GasA,3,Y,SBrkr,1034,0,0,1034,1,0,1,0,3,1,3,6,Typ,0,0,Attchd,1976.0,Unf,3,888,3,3,Y,0,0,0,0,0,0,0,None,None,0,5,2010,WD,Normal,169900,2046,2.0,34,34,0,0,0,1,0
75,RM,60.0,9600,Pave,Grvl,Reg,Lvl,AllPub,Inside,Gtl,OldTown,Norm,Norm,1Fam,2.5Unf,6,5,1917,1950,Gable,CompShg,AsbShng,AsbShng,None,0.0,3,3,BrkTil,Gd,TA,No,Rec,319,Unf,0,416,735,OthW,2,N,SBrkr,1134,924,0,2058,0,0,1,1,3,1,3,8,Typ,1,4,Detchd,1950.0,Unf,2,396,2,2,P,0,0,259,0,0,0,0,None,None,0,4,2008,WD,Normal,129500,2793,1.5,91,58,1,259,0,1,1
20,RL,60.0,7200,Pave,None,Reg,Lvl,AllPub,Inside,Gtl,NAmes,Norm,Norm,1Fam,1Story,5,7,1950,1950,Gable,CompShg,MetalSd,MetalSd,None,0.0,3,3,CBlock,TA,TA,No,BLQ,534,Rec,96,246,876,GasA,3,Y,SBrkr,988,0,0,988,0,0,1,0,3,1,3,6,Typ,0,0,Attchd,1950.0,Unf,1,276,3,3,Y,0,80,0,0,0,0,0,None,None,0,5,2007,WD,Normal,119000,1864,1.0,57,57,0,80,0,1,0
20,RL,93.0,11160,Pave,None,Reg,Lvl,AllPub,Corner,Gtl,NAmes,Norm,Norm,1Fam,1Story,7,5,1968,1968,Hip,CompShg,BrkFace,BrkFace,None,0.0,4,3,CBlock,TA,TA,No,ALQ,1065,Unf,0,1045,2110,GasA,5,Y,SBrkr,2110,0,0,2110,1,0,2,1,3,1,5,8,Typ,2,3,Attchd,1968.0,Fin,2,522,3,3,Y,0,0,0,0,0,0,0,None,None,0,4,2010,WD,Normal,244000,4220,3.5,42,42,0,0,0,1,1
120,RL,88.5,3136,Pave,None,IR1,Lvl,AllPub,Corner,Gtl,NridgHt,Norm,Norm,TwnhsE,1Story,7,5,2003,2003,Gable,CompShg,VinylSd,Wd Shng,Stone,163.0,4,3,PConc,Gd,TA,No,Unf,0,Unf,0,1405,1405,GasA,5,Y,SBrkr,1405,0,0,1405,0,0,2,0,2,1,4,6,Typ,1,4,Attchd,2003.0,RFn,2,478,3,3,Y,148,36,0,0,0,0,0,None,None,0,3,2006,WD,Normal,171750,2810,2.0,3,3,0,184,0,1,1
20,RL,62.0,9858,Pave,None,Reg,Lvl,AllPub,Inside,Gtl,Mitchel,Norm,Norm,1Fam,1Story,5,6,1968,1968,Gable,CompShg,HdBoard,HdBoard,None,0.0,3,3,CBlock,TA,TA,No,BLQ,510,Unf,0,354,864,GasA,3,Y,SBrkr,874,0,0,874,1,0,1,0,3,1,3,5,Typ,0,0,Attchd,1968.0,RFn,1,288,3,3,Y,33,0,0,0,0,0,0,GdWo,Shed,600,11,2009,WD,Normal,130000,1738,2.0,41,41,0,33,0,1,0
60,RL,68.0,17542,Pave,None,IR1,Lvl,AllPub,Inside,Gtl,Veenker,Norm,Norm,1Fam,2Story,7,7,1974,2003,Gable,CompShg,Wd Sdng,Wd Sdng,None,0.0,4,3,CBlock,TA,TA,Gd,LwQ,125,ALQ,1031,36,1192,GasA,3,Y,SBrkr,1516,651,0,2167,1,0,2,1,3,1,4,9,Typ,2,4,Attchd,1974.0,RFn,2,518,3,3,Y,220,47,0,0,0,0,0,MnPrv,None,0,7,2007,WD,Normal,294000,3359,3.5,33,4,1,267,0,1,1
60,RL,60.0,6931,Pave,None,Reg,Lvl,AllPub,Inside,Gtl,Edwards,Norm,Norm,1Fam,2Story,7,5,2003,2004,Gable,CompShg,VinylSd,VinylSd,Stone,92.0,4,3,PConc,Gd,TA,No,Unf,0,Unf,0,746,746,GasA,5,Y,SBrkr,760,896,0,1656,0,0,2,1,3,1,4,7,Typ,1,4,BuiltIn,2003.0,Fin,2,397,3,3,Y,178,128,0,0,0,0,0,None,None,0,7,2008,WD,Normal,165400,2402,2.5,5,4,1,306,0,1,1
50,RM,52.0,6240,Pave,None,Reg,Lvl,AllPub,Inside,Gtl,BrkSide,Norm,Norm,1Fam,1.5Fin,6,6,1931,1950,Gable,CompShg,Wd Sdng,Wd Sdng,None,0.0,3,3,BrkTil,TA,Fa,No,LwQ,425,Unf,0,459,884,GasA,3,Y,FuseA,959,408,0,1367,0,0,1,0,3,1,3,6,Typ,1,4,Detchd,1978.0,Unf,1,560,3,3,Y,0,0,0,0,120,0,0,None,None,0,11,2007,WD,Normal,127500,2251,1.0,76,57,1,120,0,1,1
20,RL,91.0,14303,Pave,None,IR1,Lvl,AllPub,Corner,Gtl,NoRidge,Norm,Norm,1Fam,1Story,8,5,1994,1994,Hip,CompShg,HdBoard,HdBoard,BrkFace,554.0,4,3,PConc,Gd,TA,Gd,GLQ,1314,Unf,0,672,1986,GasA,5,Y,SBrkr,1987,0,0,1987,1,0,2,0,2,1,4,7,Typ,1,3,Attchd,1994.0,Fin,2,691,3,3,Y,262,36,0,0,0,0,0,None,None,0,8,2008,WD,Normal,301500,3973,3.0,14,14,0,298,0,1,1
30,RL,56.0,4060,Pave,None,Reg,Lvl,AllPub,Corner,Gtl,Edwards,Feedr,Norm,1Fam,1Story,5,8,1922,1950,Gable,CompShg,Wd Sdng,Wd Sdng,None,0.0,3,3,PConc,Fa,TA,No,Unf,0,Unf,0,864,864,GasA,5,Y,SBrkr,864,0,0,864,0,0,1,0,2,1,3,4,Typ,0,0,None,0.0,None,0,0,0,0,Y,0,96,0,0,0,0,0,None,None,0,7,2009,WD,Normal,99900,1728,1.0,87,59,1,96,0,0,0
80,RL,59.0,9587,Pave,None,IR1,Lvl,AllPub,Inside,Gtl,Gilbert,Norm,Norm,1Fam,SLvl,7,5,2005,2005,Gable,CompShg,VinylSd,VinylSd,Stone,182.0,4,3,PConc,Gd,TA,Gd,GLQ,655,Unf,0,201,856,GasA,5,Y,SBrkr,1166,0,0,1166,1,0,2,0,2,1,4,5,Typ,0,0,Attchd,2005.0,Fin,2,400,3,3,Y,212,0,0,0,0,0,0,None,None,0,7,2008,WD,Normal,190000,2022,3.0,3,3,0,212,0,1,0
20,RL,65.0,9750,Pave,None,Reg,Lvl,AllPub,FR2,Gtl,NAmes,Norm,Norm,1Fam,1Story,6,8,1969,1969,Gable,CompShg,HdBoard,HdBoard,None,0.0,3,3,CBlock,Gd,TA,No,ALQ,602,LwQ,438,14,1054,GasA,4,Y,SBrkr,1054,0,0,1054,1,0,1,1,3,1,3,6,Typ,0,0,Attchd,1969.0,Unf,2,460,3,3,Y,180,0,0,0,80,0,0,None,None,0,7,2008,WD,Normal,151000,2108,2.5,39,39,0,260,0,1,0
60,RL,65.0,24682,Pave,None,IR3,Lvl,AllPub,CulDSac,Gtl,Gilbert,RRAn,Norm,1Fam,2Story,6,5,1999,1999,Gable,CompShg,VinylSd,VinylSd,None,0.0,3,3,PConc,Gd,TA,No,Unf,0,Unf,0,841,841,GasA,5,Y,SBrkr,892,783,0,1675,0,0,2,1,3,1,3,7,Typ,1,3,BuiltIn,1999.0,Fin,2,502,3,3,Y,0,103,0,0,0,0,0,None,None,0,6,2009,WD,Normal,181000,2516,2.5,10,10,0,103,0,1,1
20,RL,80.0,9600,Pave,None,Reg,Lvl,AllPub,Inside,Gtl,NAmes,Norm,Norm,1Fam,1Story,5,6,1956,1956,Hip,CompShg,MetalSd,MetalSd,None,0.0,3,3,CBlock,TA,TA,No,Rec,504,Unf,0,546,1050,GasA,4,Y,SBrkr,1050,0,0,1050,0,0,1,0,2,1,3,5,Typ,0,0,Attchd,1956.0,Unf,1,338,3,3,Y,0,0,0,0,0,0,0,None,None,0,6,2009,WD,Normal,128900,2100,1.0,53,53,0,0,0,1,0
50,RL,80.0,11250,Pave,None,Reg,Lvl,AllPub,Inside,Gtl,ClearCr,Norm,Norm,1Fam,1.5Fin,4,5,1957,1989,Gable,CompShg,Wd Sdng,Wd Sdng,None,0.0,3,3,CBlock,TA,TA,Av,Unf,0,Unf,0,1104,1104,GasA,5,Y,FuseA,1104,684,0,1788,1,0,1,0,5,1,3,8,Min2,2,3,Attchd,1957.0,Unf,1,304,3,3,Y,120,0,0,0,0,0,0,None,None,0,11,2009,WD,Normal,161500,2892,2.0,52,20,1,120,0,1,1
70,RL,60.0,13515,Pave,Pave,Reg,Lvl,AllPub,Inside,Gtl,BrkSide,Norm,Norm,1Fam,2Story,6,6,1919,1950,Gambrel,CompShg,Wd Sdng,Wd Sdng,None,0.0,3,3,PConc,TA,TA,No,Unf,0,Unf,0,764,764,GasA,5,Y,FuseA,1060,764,0,1824,0,0,1,0,3,1,3,8,Typ,1,4,Detchd,1940.0,Unf,2,520,3,3,N,0,0,126,0,0,0,0,GdPrv,None,0,7,2007,WD,Normal,180500,2588,1.0,88,57,1,126,0,1,1
120,RH,34.0,4060,Pave,None,Reg,Lvl,AllPub,Inside,Gtl,NAmes,Norm,Norm,TwnhsE,1Story,6,5,1998,1999,Gable,CompShg,MetalSd,MetalSd,None,0.0,4,3,PConc,Gd,TA,No,GLQ,266,Unf,0,1139,1405,GasA,5,Y,SBrkr,1337,0,0,1337,1,0,2,0,2,1,4,5,Typ,0,0,Attchd,1998.0,Fin,2,511,3,3,Y,144,68,0,0,0,0,0,None,None,0,8,2008,COD,Abnorml,181000,2742,3.0,10,9,1,212,0,1,0
160,FV,35.0,3735,Pave,None,Reg,Lvl,AllPub,FR3,Gtl,Somerst,Norm,Norm,TwnhsE,2Story,7,5,1999,1999,Hip,CompShg,MetalSd,MetalSd,BrkFace,218.0,4,3,PConc,Gd,TA,No,GLQ,450,Unf,0,241,691,GasA,5,Y,SBrkr,713,739,0,1452,1,0,2,1,3,1,4,6,Typ,0,0,Detchd,1999.0,Unf,2,506,3,3,Y,0,34,0,0,0,0,0,None,None,0,3,2006,WD,Normal,183900,2143,3.5,7,7,0,34,0,1,0
190,RM,60.0,10120,Pave,None,IR1,Bnk,AllPub,Inside,Gtl,OldTown,Feedr,Norm,2fmCon,2.5Unf,7,4,1910,1950,Hip,CompShg,Wd Sdng,Wd Sdng,None,0.0,2,3,CBlock,TA,TA,No,Unf,0,Unf,0,925,925,GasA,3,N,FuseF,964,925,0,1889,0,0,1,1,4,2,3,9,Typ,1,4,Detchd,1960.0,Unf,1,308,3,3,N,0,0,264,0,0,0,0,MnPrv,None,0,1,2007,WD,Normal,122000,2814,1.5,97,57,1,264,0,1,1
20,RL,89.0,13214,Pave,None,IR1,HLS,AllPub,Inside,Gtl,Timber,Norm,Norm,1Fam,1Story,9,5,2008,2009,Hip,CompShg,Stucco,CmentBd,None,0.0,5,3,PConc,Ex,TA,Gd,Unf,0,Unf,0,2002,2002,GasA,5,Y,SBrkr,2018,0,0,2018,0,0,2,0,3,1,5,10,Typ,1,4,Attchd,2009.0,Fin,3,746,3,3,Y,144,76,0,0,0,0,0,None,None,0,5,2010,WD,Normal,378500,4020,2.0,2,1,1,220,0,1,1
50,RL,74.0,14100,Pave,None,IR1,Lvl,AllPub,Inside,Mod,Crawfor,Norm,Norm,1Fam,1.5Fin,8,9,1935,1997,Gable,CompShg,Stucco,Stucco,BrkFace,632.0,3,4,CBlock,TA,TA,Mn,Rec,192,Unf,0,536,728,GasA,5,Y,SBrkr,1968,1479,0,3447,0,0,3,1,4,1,4,11,Typ,2,4,BuiltIn,1982.0,Unf,3,1014,3,3,Y,314,12,0,0,0,0,0,GdWo,None,0,5,2008,WD,Normal,381000,4175,3.5,73,11,1,326,0,1,1
50,RL,78.0,11344,Pave,None,Reg,Lvl,AllPub,Inside,Gtl,NAmes,Feedr,Norm,1Fam,1.5Fin,5,5,1958,1958,Gable,CompShg,MetalSd,MetalSd,BrkFace,180.0,3,3,CBlock,TA,TA,No,BLQ,460,Unf,0,414,874,GasW,3,Y,FuseA,874,650,0,1524,0,0,1,1,3,1,3,7,Typ,0,0,Attchd,1958.0,Unf,1,315,3,3,Y,0,0,0,0,0,0,0,GdWo,None,0,7,2007,WD,Normal,144000,2398,1.5,49,49,0,0,0,1,0
40,RL,80.0,23595,Pave,None,Reg,Low,AllPub,Inside,Sev,ClearCr,Norm,Norm,1Fam,1Story,7,6,1979,1979,Shed,WdShake,Plywood,Plywood,None,0.0,4,3,PConc,Gd,TA,Gd,GLQ,1258,Unf,0,74,1332,GasA,3,Y,SBrkr,1332,192,0,1524,2,0,0,1,0,1,4,4,Typ,1,3,Attchd,1979.0,Fin,2,586,3,3,Y,268,0,0,0,0,0,0,None,None,0,4,2010,WD,Normal,260000,2856,2.5,31,31,0,268,0,1,1
20,RL,80.0,9156,Pave,None,IR1,Lvl,AllPub,Inside,Gtl,NWAmes,PosN,Norm,1Fam,1Story,6,7,1968,1968,Hip,CompShg,BrkFace,BrkFace,None,0.0,3,3,CBlock,TA,TA,No,Unf,0,Unf,0,1489,1489,GasA,4,Y,SBrkr,1489,0,0,1489,0,0,2,0,3,1,4,7,Typ,1,4,Attchd,1968.0,RFn,2,462,3,3,Y,0,0,0,0,0,0,0,None,None,0,8,2009,WD,Normal,185750,2978,2.0,41,41,0,0,0,1,1
20,RL,71.0,13526,Pave,None,IR1,Lvl,AllPub,CulDSac,Gtl,Sawyer,Norm,Norm,1Fam,1Story,5,6,1965,1965,Hip,CompShg,HdBoard,Plywood,BrkFace,114.0,3,3,CBlock,TA,TA,No,BLQ,560,LwQ,375,0,935,GasA,3,Y,SBrkr,935,0,0,935,1,0,1,0,3,1,3,5,Typ,0,0,Attchd,1965.0,Unf,1,288,3,3,Y,180,0,0,0,0,0,0,MnPrv,None,0,11,2006,WD,Normal,137000,1870,2.0,41,41,0,180,0,1,0
80,RL,124.0,11512,Pave,None,IR1,Lvl,AllPub,Corner,Gtl,Edwards,Norm,Norm,1Fam,SLvl,6,7,1959,2006,Gable,CompShg,Plywood,Plywood,BrkFace,84.0,3,3,CBlock,TA,TA,Av,ALQ,719,Unf,0,300,1019,GasA,4,Y,SBrkr,1357,0,0,1357,1,0,1,0,2,1,5,5,Typ,1,4,Basment,1959.0,RFn,1,312,3,3,Y,0,0,0,0,163,0,0,GdPrv,None,0,5,2008,WD,Normal,177000,2376,2.0,49,2,1,163,0,1,1
50,RL,53.0,5362,Pave,None,Reg,Lvl,AllPub,Corner,Gtl,Crawfor,Norm,Norm,1Fam,1.5Fin,5,6,1910,2003,Gable,CompShg,Wd Sdng,Wd Shng,None,0.0,3,3,PConc,TA,TA,No,Unf,0,Unf,0,661,661,GasA,5,Y,SBrkr,661,589,0,1250,0,0,2,0,3,1,3,8,Typ,1,4,Detchd,1985.0,Unf,2,552,3,3,Y,242,0,81,0,0,0,0,None,None,0,11,2007,WD,Normal,139000,1911,2.0,97,4,1,323,0,1,1
90,RL,95.0,11345,Pave,None,Reg,Lvl,AllPub,Corner,Gtl,NAmes,Feedr,Norm,Duplex,2Story,5,5,1948,1950,Gable,Roll,AsbShng,AsbShng,Stone,567.0,3,3,CBlock,TA,TA,No,Rec,220,Unf,0,708,928,GasA,4,Y,FuseA,928,992,0,1920,0,0,2,0,4,2,3,10,Typ,0,0,Detchd,1948.0,Unf,2,400,3,2,Y,0,0,0,0,0,0,0,None,None,0,7,2007,WD,Normal,137000,2848,2.0,59,57,1,0,0,1,0
60,RL,80.0,12936,Pave,None,IR1,Lvl,AllPub,CulDSac,Gtl,NWAmes,Norm,Norm,1Fam,2Story,6,6,1972,1972,Gable,CompShg,HdBoard,Plywood,None,0.0,3,3,CBlock,TA,Gd,No,BLQ,593,Unf,0,130,723,GasA,3,Y,SBrkr,735,660,0,1395,0,1,1,1,3,1,3,6,Typ,1,3,Attchd,1972.0,Unf,2,497,3,3,Y,294,116,0,0,0,0,0,None,None,0,12,2009,WD,Normal,162000,2118,2.0,37,37,0,410,0,1,1
80,RL,80.0,17871,Pave,None,IR1,Lvl,AllPub,CulDSac,Gtl,NWAmes,Norm,Norm,1Fam,SLvl,6,5,1967,1976,Gable,CompShg,HdBoard,HdBoard,BrkFace,359.0,3,3,CBlock,Gd,TA,Av,ALQ,528,Unf,0,1152,1680,GasA,2,Y,SBrkr,1724,0,0,1724,1,0,1,1,3,1,3,7,Typ,1,4,Attchd,1967.0,RFn,2,480,3,3,Y,0,0,0,0,0,0,0,None,None,0,6,2009,WD,Normal,197900,3404,2.5,42,33,1,0,0,1,1
60,RL,75.0,9473,Pave,None,Reg,Lvl,AllPub,Inside,Gtl,CollgCr,Norm,Norm,1Fam,2Story,8,5,2002,2002,Gable,CompShg,VinylSd,VinylSd,None,0.0,4,3,PConc,Gd,TA,No,GLQ,804,Unf,0,324,1128,GasA,5,Y,SBrkr,1128,903,0,2031,1,0,2,1,3,1,4,7,Typ,1,4,Attchd,2002.0,RFn,2,577,3,3,Y,0,211,0,0,0,0,0,None,None,0,3,2008,WD,Normal,237000,3159,3.5,6,6,0,211,0,1,1
50,C (all),60.0,7500,Pave,None,Reg,Lvl,AllPub,Inside,Gtl,IDOTRR,Norm,Norm,1Fam,1.5Fin,4,4,1920,1950,Gable,CompShg,MetalSd,MetalSd,None,0.0,3,4,CBlock,TA,TA,No,Unf,0,Unf,0,698,698,GasA,3,Y,FuseA,698,430,0,1128,0,0,1,0,2,1,3,6,Typ,0,0,Detchd,1980.0,RFn,2,528,3,3,Y,30,0,164,0,0,0,0,None,None,0,4,2010,COD,Abnorml,68400,1826,1.0,90,60,1,194,0,1,0
20,RL,67.0,9808,Pave,None,IR1,Lvl,AllPub,Inside,Gtl,CollgCr,Norm,Norm,1Fam,1Story,7,5,2002,2002,Gable,CompShg,VinylSd,VinylSd,BrkFace,110.0,4,3,PConc,Gd,TA,No,GLQ,788,Unf,0,785,1573,GasA,5,Y,SBrkr,1573,0,0,1573,1,0,2,0,3,1,4,6,Typ,0,0,Attchd,2002.0,RFn,2,544,3,3,Y,0,72,0,0,0,0,0,None,None,0,3,2009,WD,Normal,227000,3146,3.0,7,7,0,72,0,1,0
20,RL,50.0,8049,Pave,None,IR1,Lvl,AllPub,CulDSac,Gtl,Timber,Norm,Norm,1Fam,1Story,7,5,1990,1990,Hip,CompShg,HdBoard,HdBoard,BrkFace,54.0,3,3,CBlock,Gd,TA,No,ALQ,1053,Unf,0,256,1309,GasA,3,Y,SBrkr,1339,0,0,1339,1,0,2,0,2,1,3,6,Typ,1,3,Attchd,1990.0,Fin,2,484,4,4,Y,0,58,0,0,90,0,0,None,None,0,7,2006,WD,Normal,180000,2648,3.0,16,16,0,148,0,1,1
20,RL,61.0,8800,Pave,None,IR1,Lvl,AllPub,Inside,Gtl,CollgCr,Norm,Norm,1Fam,1Story,5,7,1977,2008,Gable,CompShg,HdBoard,HdBoard,None,0.0,3,3,CBlock,Gd,TA,Mn,LwQ,532,Rec,144,364,1040,GasA,3,Y,SBrkr,1040,0,0,1040,0,0,2,0,3,1,4,5,Typ,0,0,Detchd,1977.0,Unf,2,484,3,3,Y,0,0,0,0,288,0,0,None,None,0,9,2009,WD,Normal,150500,2080,2.0,32,1,1,288,0,1,0
90,RL,94.0,9400,Pave,None,Reg,Low,AllPub,Corner,Gtl,Mitchel,Norm,Norm,Duplex,2Story,6,5,1971,1971,Mansard,CompShg,MetalSd,Wd Shng,None,0.0,3,3,CBlock,TA,TA,Av,Unf,0,Unf,0,912,912,GasA,3,Y,SBrkr,912,912,0,1824,0,0,2,2,4,2,3,8,Typ,0,0,None,0.0,None,0,0,0,0,Y,128,0,0,0,0,0,0,None,None,0,4,2010,WD,Normal,139000,2736,3.0,39,39,0,128,0,0,0
50,RL,50.0,9638,Pave,None,Reg,Lvl,AllPub,Inside,Gtl,SWISU,Feedr,Norm,1Fam,1.5Fin,6,7,1919,1990,Gable,CompShg,Wd Sdng,Wd Shng,None,0.0,3,3,PConc,TA,TA,No,Unf,0,Unf,0,804,804,GasA,5,Y,SBrkr,1699,748,0,2447,0,0,2,0,4,1,4,10,Min2,1,4,Detchd,1969.0,Unf,1,336,3,3,Y,272,0,42,0,116,0,0,None,None,0,3,2010,WD,Normal,169000,3251,2.0,91,20,1,430,0,1,1
50,RM,50.0,6000,Pave,None,Reg,Lvl,AllPub,Inside,Gtl,BrkSide,Norm,Norm,1Fam,1.5Fin,6,6,1939,1950,Gable,CompShg,MetalSd,MetalSd,None,0.0,3,2,CBlock,TA,TA,No,Unf,0,Unf,0,780,780,GasA,5,Y,FuseF,825,587,0,1412,0,0,1,0,4,1,3,6,Typ,1,4,Detchd,1939.0,Unf,1,280,3,3,Y,45,0,0,0,0,0,0,None,None,0,5,2009,WD,Normal,132500,2192,1.0,70,59,1,45,0,1,1
20,RL,80.0,9790,Pave,None,Reg,Lvl,AllPub,Inside,Gtl,NWAmes,Feedr,Norm,1Fam,1Story,6,5,1963,1963,Hip,CompShg,HdBoard,HdBoard,BrkFace,451.0,3,3,CBlock,TA,TA,No,ALQ,569,Rec,81,678,1328,GasA,3,Y,SBrkr,1328,0,0,1328,1,0,1,1,3,1,3,6,Typ,2,4,Attchd,1963.0,Unf,2,528,3,3,Y,0,26,0,0,0,0,0,None,None,0,6,2010,WD,Normal,143000,2656,2.5,47,47,0,26,0,1,1
20,RL,80.0,36500,Pave,None,IR1,Low,AllPub,Inside,Mod,ClearCr,Norm,Norm,1Fam,1Story,5,5,1964,1964,Gable,CompShg,Wd Sdng,Wd Sdng,BrkCmn,621.0,3,4,CBlock,TA,TA,Av,Rec,812,Unf,0,812,1624,GasA,2,Y,SBrkr,1582,0,0,1582,0,1,2,0,4,1,3,7,Typ,0,0,Attchd,1964.0,Unf,2,390,3,3,N,168,198,0,0,0,0,0,None,None,0,6,2006,WD,Normal,190000,3206,2.5,42,42,0,366,0,1,0
120,RL,40.0,5664,Pave,None,IR1,Lvl,AllPub,Inside,Gtl,StoneBr,Norm,Norm,TwnhsE,1Story,8,5,2000,2000,Gable,CompShg,CemntBd,CmentBd,None,0.0,4,3,PConc,Gd,TA,No,GLQ,1158,Unf,0,343,1501,GasA,5,Y,SBrkr,1659,0,0,1659,1,0,2,0,2,1,5,5,Typ,1,5,Attchd,2000.0,Fin,2,499,3,3,Y,212,59,0,0,0,0,0,None,None,0,10,2009,WD,Normal,278000,3160,3.0,9,9,0,271,0,1,1
60,RL,86.0,11065,Pave,None,IR1,Lvl,AllPub,Inside,Gtl,NridgHt,Norm,Norm,1Fam,2Story,8,5,2006,2006,Gable,CompShg,VinylSd,VinylSd,Stone,788.0,4,3,PConc,Gd,TA,Mn,Unf,0,Unf,0,1085,1085,GasA,5,Y,SBrkr,1120,850,0,1970,0,0,2,1,3,1,5,8,Typ,1,4,BuiltIn,2006.0,Fin,3,753,3,3,Y,177,74,0,0,0,0,0,None,None,0,10,2006,New,Partial,281000,3055,2.5,0,0,0,251,0,1,1
80,RL,73.0,14112,Pave,None,IR1,Lvl,AllPub,Corner,Gtl,NAmes,Norm,Norm,1Fam,SLvl,5,7,1964,1964,Hip,CompShg,Wd Sdng,HdBoard,BrkFace,86.0,3,3,PConc,TA,TA,Av,GLQ,1014,Unf,0,138,1152,GasA,3,Y,SBrkr,1152,0,0,1152,1,0,1,0,3,1,3,6,Typ,1,4,Attchd,1964.0,RFn,2,484,3,3,Y,227,0,0,0,0,0,0,None,None,0,4,2010,WD,Normal,180500,2304,2.0,46,46,0,227,0,1,1
160,RM,21.0,1680,Pave,None,Reg,Lvl,AllPub,Inside,Gtl,BrDale,Norm,Norm,Twnhs,2Story,5,7,1972,1972,Gable,CompShg,CemntBd,CmentBd,BrkFace,268.0,3,3,CBlock,TA,TA,No,ALQ,231,Unf,0,399,630,GasA,3,Y,SBrkr,630,672,0,1302,0,0,2,1,3,1,3,6,Typ,0,0,Detchd,1972.0,Unf,1,264,3,3,Y,185,0,0,0,0,0,0,None,None,0,2,2009,WD,Normal,119500,1932,2.5,37,37,0,185,0,1,0
70,RM,60.0,6600,Pave,None,Reg,Lvl,AllPub,Corner,Gtl,OldTown,Norm,Norm,1Fam,2Story,5,4,1892,1965,Gable,CompShg,Wd Sdng,Wd Sdng,None,0.0,3,3,Stone,TA,TA,No,Unf,0,Unf,0,994,994,GasA,3,N,SBrkr,1378,994,0,2372,0,0,2,0,4,2,3,11,Min2,0,0,Attchd,1985.0,RFn,1,432,3,3,Y,0,287,0,0,0,0,0,None,None,0,12,2009,WD,Normal,107500,3366,2.0,117,44,1,287,0,1,0
60,RL,78.0,10140,Pave,None,Reg,Lvl,AllPub,Inside,Gtl,NWAmes,Norm,Norm,1Fam,2Story,7,5,1976,1976,Gable,CompShg,HdBoard,HdBoard,None,0.0,3,3,PConc,Gd,TA,No,GLQ,194,Unf,0,638,832,GasA,3,Y,SBrkr,832,832,0,1664,0,0,2,1,4,1,3,8,Typ,1,3,Attchd,1976.0,RFn,2,528,3,3,Y,0,28,0,0,259,0,0,GdWo,None,0,3,2006,WD,Normal,162900,2496,2.5,30,30,0,287,0,1,1
20,RL,60.0,8172,Pave,None,Reg,Lvl,AllPub,Inside,Gtl,Edwards,Norm,Norm,1Fam,1Story,5,7,1955,1990,Hip,CompShg,WdShing,Plywood,None,0.0,3,3,CBlock,TA,TA,No,Rec,167,Unf,0,697,864,GasA,3,Y,SBrkr,864,0,0,864,1,0,1,0,2,1,3,5,Typ,0,0,Detchd,1957.0,Unf,2,572,3,3,N,0,0,0,0,0,0,0,None,None,0,4,2006,WD,Normal,115000,1728,2.0,51,16,1,0,0,1,0
20,RL,70.0,8400,Pave,None,Reg,Lvl,AllPub,Inside,Gtl,NAmes,Feedr,Norm,1Fam,1Story,5,5,1968,1968,Hip,CompShg,HdBoard,HdBoard,BrkFace,168.0,3,3,CBlock,TA,TA,Av,BLQ,1016,Unf,0,36,1052,GasA,4,Y,SBrkr,1052,0,0,1052,1,0,1,1,3,1,3,5,Typ,0,0,Attchd,1968.0,RFn,1,288,3,3,Y,356,0,0,0,0,0,0,GdWo,None,0,11,2006,WD,Normal,138500,2104,2.5,38,38,0,356,0,1,0
20,RL,80.0,8700,Pave,None,Reg,Lvl,AllPub,Inside,Gtl,NAmes,Norm,Norm,1Fam,1Story,5,6,1963,1963,Hip,CompShg,MetalSd,MetalSd,BrkFace,148.0,3,4,CBlock,TA,TA,Mn,ALQ,776,Unf,0,344,1120,GasA,4,Y,SBrkr,1128,0,0,1128,1,0,2,0,3,1,3,6,Typ,0,0,Attchd,1963.0,RFn,2,525,3,3,Y,192,20,123,0,0,0,0,MnPrv,None,0,12,2008,WD,Normal,155000,2248,3.0,45,45,0,335,0,1,0
180,RM,35.0,3675,Pave,None,Reg,Lvl,AllPub,Inside,Gtl,Edwards,Norm,Norm,TwnhsE,SFoyer,6,5,2005,2006,Gable,CompShg,VinylSd,VinylSd,BrkFace,82.0,3,3,PConc,Gd,TA,Gd,GLQ,547,Unf,0,0,547,GasA,4,Y,SBrkr,1072,0,0,1072,1,0,2,0,2,1,3,5,Typ,0,0,Basment,2005.0,Fin,2,525,3,3,Y,0,44,0,0,0,0,0,None,None,0,6,2006,New,Partial,140000,1619,3.0,1,0,1,44,0,1,0
20,RL,75.0,7500,Pave,None,Reg,Lvl,AllPub,Inside,Gtl,NAmes,Norm,Norm,1Fam,1Story,5,7,1959,1994,Hip,CompShg,BrkFace,BrkFace,None,0.0,3,3,CBlock,TA,TA,No,LwQ,340,Rec,906,0,1246,GasA,5,Y,SBrkr,1246,0,0,1246,1,0,1,1,3,1,4,6,Typ,0,0,Attchd,1959.0,RFn,1,305,3,3,Y,218,0,0,0,0,0,0,GdPrv,None,0,5,2010,WD,Normal,154000,2492,2.5,51,16,1,218,0,1,0
60,RL,65.0,10762,Pave,None,IR1,Lvl,AllPub,CulDSac,Gtl,Gilbert,Norm,Norm,1Fam,2Story,7,5,1999,1999,Gable,CompShg,VinylSd,VinylSd,None,344.0,4,3,PConc,Gd,TA,No,GLQ,694,Unf,0,284,978,GasA,5,Y,SBrkr,1005,978,0,1983,0,0,2,1,3,1,4,9,Typ,1,3,Attchd,1999.0,Fin,2,490,3,3,Y,0,0,0,0,0,0,0,None,None,0,5,2009,WD,Normal,225000,2961,2.5,10,10,0,0,0,1,1
70,RL,74.0,7500,Pave,None,IR1,Bnk,AllPub,Inside,Gtl,Crawfor,Norm,Norm,1Fam,2Story,6,7,1942,1950,Gable,CompShg,Wd Sdng,Wd Sdng,None,0.0,3,3,CBlock,TA,TA,No,BLQ,547,Unf,0,224,771,GasA,2,Y,SBrkr,753,741,0,1494,0,0,1,0,3,1,4,7,Typ,2,4,Attchd,1942.0,Unf,1,213,3,3,P,0,0,0,0,224,0,0,None,None,0,11,2009,WD,Normal,177500,2265,1.0,67,59,1,224,0,1,1
60,RL,92.0,10120,Pave,None,Reg,Lvl,AllPub,Inside,Gtl,NoRidge,Norm,Norm,1Fam,2Story,8,5,1994,1994,Hip,CompShg,VinylSd,VinylSd,BrkFace,391.0,4,3,PConc,Gd,TA,No,GLQ,740,Unf,0,425,1165,GasA,5,Y,SBrkr,1203,1323,0,2526,1,0,2,1,4,1,4,8,Typ,1,3,Attchd,1994.0,RFn,3,844,3,3,Y,309,78,0,0,0,0,0,None,None,0,12,2006,WD,Normal,290000,3691,3.5,12,12,0,387,0,1,1
20,RL,73.0,8688,Pave,None,Reg,Lvl,AllPub,Inside,Gtl,Somerst,Norm,Norm,1Fam,1Story,7,5,2005,2005,Gable,CompShg,VinylSd,VinylSd,BrkFace,228.0,4,3,PConc,Gd,TA,Av,Unf,0,Unf,0,1616,1616,GasA,5,Y,SBrkr,1616,0,0,1616,0,0,2,0,3,1,4,7,Typ,0,0,Attchd,2005.0,RFn,3,834,3,3,Y,208,59,0,0,0,0,0,None,None,0,4,2006,WD,Normal,232000,3232,2.0,1,1,0,267,0,1,0
160,RM,32.0,3363,Pave,None,Reg,Lvl,AllPub,Inside,Gtl,Edwards,Norm,Norm,TwnhsE,2Story,7,5,2004,2004,Gable,CompShg,VinylSd,VinylSd,Stone,117.0,4,3,PConc,Gd,TA,No,Unf,0,Unf,0,976,976,GasA,5,Y,SBrkr,976,732,0,1708,0,0,2,0,3,1,4,7,Maj1,0,0,Detchd,2004.0,Unf,2,380,3,3,Y,0,40,0,0,0,0,0,None,None,0,4,2006,WD,Normal,130000,2684,2.0,2,2,0,40,0,1,0
20,RL,108.0,13173,Pave,None,IR1,Lvl,AllPub,Corner,Gtl,NridgHt,Norm,Norm,1Fam,1Story,9,5,2006,2007,Hip,CompShg,VinylSd,VinylSd,Stone,300.0,4,3,PConc,Ex,TA,No,GLQ,1572,Unf,0,80,1652,GasA,5,Y,SBrkr,1652,0,0,1652,1,0,2,0,2,1,5,6,Typ,2,5,Attchd,2006.0,Fin,2,840,3,3,Y,404,102,0,0,0,0,0,None,None,0,11,2009,WD,Normal,325000,3304,3.0,3,2,1,506,0,1,1
120,RL,48.0,6955,Pave,None,IR1,Lvl,AllPub,Inside,Gtl,NridgHt,Norm,Norm,TwnhsE,1Story,7,5,2005,2006,Gable,CompShg,VinylSd,VinylSd,Stone,94.0,4,3,PConc,Gd,TA,No,Unf,0,Unf,0,1368,1368,GasA,5,Y,SBrkr,1368,0,0,1368,0,0,2,0,2,1,4,6,Typ,1,4,Attchd,2005.0,RFn,2,474,3,3,Y,132,35,0,0,0,0,0,None,None,0,9,2006,New,Partial,202500,2736,2.0,1,0,1,167,0,1,1
20,RL,60.0,8072,Pave,None,Reg,Lvl,AllPub,Inside,Gtl,CollgCr,Norm,Norm,1Fam,1Story,5,5,1994,1995,Gable,CompShg,VinylSd,VinylSd,None,0.0,3,4,PConc,Gd,Gd,No,ALQ,746,Unf,0,244,990,GasA,5,Y,SBrkr,990,0,0,990,1,0,1,0,3,1,3,5,Typ,0,0,Detchd,2000.0,Unf,2,480,3,3,Y,0,64,0,0,0,0,0,None,None,0,5,2009,WD,Normal,138000,1980,2.0,15,14,1,64,0,1,0
20,RM,100.0,12000,Pave,None,Reg,Lvl,AllPub,Inside,Gtl,OldTown,Norm,Norm,1Fam,1Story,5,7,1948,2005,Gable,CompShg,MetalSd,MetalSd,None,0.0,3,3,CBlock,TA,TA,No,GLQ,144,ALQ,608,172,924,GasA,5,Y,SBrkr,1122,0,0,1122,1,0,1,0,2,1,4,6,Typ,0,0,Attchd,1948.0,Unf,2,528,3,3,Y,0,36,0,0,0,0,0,GdWo,None,0,5,2008,WD,Normal,147000,2046,2.0,60,3,1,36,0,1,0
20,RL,66.5,7153,Pave,None,Reg,Lvl,AllPub,Inside,Gtl,SawyerW,Norm,Norm,1Fam,1Story,6,5,1991,1991,Gable,CompShg,HdBoard,HdBoard,BrkFace,88.0,3,3,CBlock,Gd,TA,No,GLQ,1200,Unf,0,78,1278,GasA,4,Y,SBrkr,1294,0,0,1294,1,0,2,0,3,1,4,6,Typ,0,0,Attchd,1991.0,RFn,2,496,3,3,Y,112,51,0,0,0,0,0,GdWo,None,0,6,2008,WD,Normal,179200,2572,3.0,17,17,0,163,0,1,0
20,RL,100.0,17500,Pave,None,Reg,Lvl,AllPub,Inside,Gtl,Crawfor,PosA,Norm,1Fam,1Story,7,8,1959,2002,Gable,CompShg,BrkFace,HdBoard,None,0.0,4,4,PConc,Gd,TA,Av,GLQ,1406,Unf,0,496,1902,GasA,3,Y,SBrkr,1902,0,0,1902,1,0,2,0,3,1,5,7,Typ,2,3,Attchd,1959.0,Fin,2,567,3,3,Y,0,207,162,0,0,0,0,None,None,0,5,2010,WD,Normal,335000,3804,3.0,51,8,1,369,0,1,1
20,RL,68.0,8814,Pave,None,Reg,Lvl,AllPub,Inside,Gtl,CollgCr,Norm,Norm,1Fam,1Story,7,5,2005,2007,Gable,CompShg,VinylSd,VinylSd,BrkFace,80.0,4,3,PConc,Gd,TA,No,GLQ,925,Unf,0,349,1274,GasA,5,Y,SBrkr,1274,0,0,1274,1,0,2,0,3,1,4,6,Typ,0,0,Attchd,2005.0,RFn,2,508,3,3,Y,264,98,0,0,0,0,0,None,None,0,1,2007,New,Partial,203000,2548,3.0,2,0,1,362,0,1,0
60,RL,91.0,9572,Pave,None,IR1,Lvl,AllPub,Inside,Gtl,NoRidge,Norm,Norm,1Fam,2Story,8,5,1990,1990,Gable,CompShg,Wd Sdng,Wd Sdng,BrkFace,336.0,4,3,PConc,Ex,TA,No,GLQ,482,Unf,0,971,1453,GasA,5,Y,SBrkr,1453,1357,0,2810,0,0,2,1,4,1,4,9,Typ,1,5,Attchd,1990.0,RFn,2,750,4,4,Y,500,0,0,0,0,0,0,None,None,0,6,2007,WD,Normal,302000,4263,2.5,17,17,0,500,0,1,1
60,RL,108.0,14774,Pave,None,IR1,Lvl,AllPub,Corner,Gtl,NoRidge,Norm,Norm,1Fam,2Story,9,5,1999,1999,Gable,CompShg,VinylSd,VinylSd,BrkFace,165.0,4,3,PConc,Gd,TA,No,Unf,0,Unf,0,1393,1393,GasA,5,Y,SBrkr,1422,1177,0,2599,0,0,2,1,4,1,4,10,Typ,1,3,BuiltIn,1999.0,Fin,3,779,3,3,Y,668,30,0,0,0,0,0,None,None,0,5,2010,WD,Normal,333168,3992,2.5,11,11,0,698,0,1,1
20,RL,60.0,8190,Pave,None,Reg,Lvl,AllPub,Inside,Gtl,Edwards,Norm,Norm,1Fam,1Story,4,6,1954,1954,Hip,CompShg,Wd Sdng,Wd Sdng,None,0.0,3,3,CBlock,TA,TA,No,Rec,732,Unf,0,216,948,GasA,5,Y,SBrkr,948,0,0,948,1,0,1,0,3,1,3,5,Typ,1,3,Detchd,1956.0,Unf,1,280,3,3,Y,0,36,0,0,0,0,0,None,None,0,10,2007,WD,Normal,119000,1896,2.0,53,53,0,36,0,1,1
60,RL,85.0,11075,Pave,None,Reg,Lvl,AllPub,Inside,Gtl,NAmes,Norm,Norm,1Fam,2Story,6,5,1969,1969,Gable,CompShg,HdBoard,HdBoard,None,0.0,3,3,CBlock,Fa,TA,Mn,ALQ,500,LwQ,276,176,952,GasA,3,Y,SBrkr,1092,1020,0,2112,0,0,2,1,4,1,3,9,Typ,2,4,Attchd,1969.0,Unf,2,576,3,3,Y,280,0,0,0,0,0,0,None,None,0,6,2008,WD,Normal,206900,3064,2.5,39,39,0,280,0,1,1
20,RL,61.0,10226,Pave,None,IR1,Lvl,AllPub,Inside,Gtl,CollgCr,Norm,Norm,1Fam,1Story,8,5,2008,2008,Gable,CompShg,VinylSd,VinylSd,Stone,270.0,4,3,PConc,Ex,TA,Gd,Unf,0,Unf,0,1622,1622,GasA,5,Y,SBrkr,1630,0,0,1630,1,0,2,0,3,1,5,8,Typ,1,4,Attchd,2008.0,RFn,3,860,3,3,Y,172,42,0,0,0,0,0,None,None,0,1,2009,WD,Normal,295493,3252,3.0,1,1,0,214,0,1,1
120,FV,47.0,4230,Pave,Pave,Reg,Lvl,AllPub,Corner,Gtl,Somerst,Norm,Norm,TwnhsE,1Story,7,5,2006,2007,Gable,CompShg,VinylSd,VinylSd,None,0.0,4,3,PConc,Ex,Gd,No,Unf,0,Unf,0,1352,1352,GasA,5,Y,SBrkr,1352,0,0,1352,0,0,2,0,2,1,4,5,Typ,1,4,Attchd,2006.0,RFn,2,466,3,3,Y,0,241,0,0,0,0,0,None,None,0,4,2007,New,Partial,208900,2704,2.0,1,0,1,241,0,1,1
20,RL,70.0,14781,Pave,None,IR2,Lvl,AllPub,CulDSac,Gtl,CollgCr,Norm,Norm,1Fam,1Story,8,5,2001,2002,Hip,CompShg,VinylSd,VinylSd,BrkFace,178.0,4,3,PConc,Gd,TA,Gd,Unf,0,Unf,0,1753,1753,GasA,5,Y,SBrkr,1787,0,0,1787,0,0,2,0,3,1,4,7,Typ,1,3,Attchd,2001.0,RFn,3,748,3,3,Y,198,150,0,0,0,0,0,None,None,0,8,2006,WD,Normal,275000,3540,2.0,5,4,1,348,0,1,1
20,RL,75.0,10215,Pave,None,Reg,Bnk,AllPub,Inside,Gtl,Edwards,Norm,Norm,1Fam,1Story,4,5,1954,1954,Hip,CompShg,Wd Sdng,Wd Sdng,BrkFace,132.0,3,3,PConc,TA,TA,No,ALQ,492,Unf,0,372,864,GasA,5,Y,SBrkr,948,0,0,948,0,0,1,0,3,1,3,5,Typ,0,0,Attchd,1954.0,Unf,1,248,3,3,Y,0,0,0,0,0,0,0,None,None,0,2,2007,WD,Normal,111000,1812,1.0,53,53,0,0,0,1,0
20,RL,70.0,8400,Pave,None,Reg,Lvl,AllPub,Inside,Gtl,NAmes,Norm,Norm,1Fam,1Story,6,3,1957,1957,Hip,CompShg,BrkFace,BrkFace,None,0.0,3,3,CBlock,TA,TA,No,ALQ,189,Rec,661,628,1478,GasA,4,Y,SBrkr,1478,0,0,1478,1,0,1,1,3,1,3,6,Typ,2,4,Attchd,1957.0,RFn,2,442,3,3,Y,114,0,0,0,216,0,0,None,None,0,6,2009,WD,Normal,156500,2956,2.5,52,52,0,330,0,1,1
20,RL,52.0,6627,Pave,None,IR1,Lvl,AllPub,Corner,Gtl,BrkSide,Feedr,Norm,1Fam,1Story,3,6,1949,1950,Hip,CompShg,VinylSd,VinylSd,None,0.0,3,3,CBlock,None,None,None,None,0,None,0,0,0,Floor,3,N,SBrkr,720,0,0,720,0,0,1,0,2,1,3,4,Typ,0,0,Detchd,1955.0,Unf,1,287,3,2,Y,0,0,0,0,0,0,0,None,None,0,7,2008,WD,Normal,72500,720,1.0,59,58,1,0,0,1,0
60,RL,107.0,10186,Pave,None,IR1,Lvl,AllPub,Inside,Gtl,NoRidge,Norm,Norm,1Fam,2Story,7,5,1992,1992,Gable,CompShg,HdBoard,HdBoard,None,0.0,4,3,PConc,Gd,TA,No,GLQ,674,Unf,0,76,750,GasA,5,Y,SBrkr,1061,862,0,1923,1,0,2,1,3,1,4,8,Typ,1,3,Attchd,1992.0,RFn,2,564,3,3,Y,240,39,0,0,0,0,0,None,None,0,6,2010,WD,Normal,190000,2673,3.5,18,18,0,279,0,1,1
30,RL,50.0,5330,Pave,None,Reg,HLS,AllPub,Inside,Gtl,BrkSide,Norm,Norm,1Fam,1Story,4,7,1940,1950,Hip,CompShg,VinylSd,VinylSd,None,0.0,2,3,CBlock,TA,TA,No,LwQ,280,Unf,0,140,420,GasA,4,Y,SBrkr,708,0,0,708,0,0,1,0,2,1,2,5,Typ,0,0,None,0.0,None,0,0,0,0,Y,164,0,0,0,0,0,0,None,None,0,12,2009,WD,Normal,82500,1128,1.0,69,59,1,164,0,0,0
20,RL,75.0,9986,Pave,None,Reg,Lvl,AllPub,Inside,Gtl,Somerst,Norm,Norm,1Fam,1Story,8,5,2006,2007,Gable,CompShg,VinylSd,VinylSd,BrkFace,428.0,4,3,PConc,Ex,TA,Av,Unf,0,Unf,0,1795,1795,GasA,5,Y,SBrkr,1795,0,0,1795,0,0,2,0,2,1,4,7,Typ,1,4,Attchd,2007.0,RFn,3,895,3,3,Y,0,49,0,0,0,0,0,None,None,0,2,2007,New,Partial,147000,3590,2.0,1,0,1,49,0,1,1
30,RM,40.0,3636,Pave,None,Reg,Lvl,AllPub,Inside,Gtl,IDOTRR,Norm,Norm,1Fam,1Story,4,4,1922,1950,Gable,CompShg,AsbShng,AsbShng,None,0.0,3,3,BrkTil,TA,Fa,No,Unf,0,Unf,0,796,796,GasA,2,N,SBrkr,796,0,0,796,0,0,1,0,2,1,3,5,Typ,0,0,None,0.0,None,0,0,0,0,N,0,0,100,0,0,0,0,MnPrv,None,0,1,2008,WD,Normal,55000,1592,1.0,86,58,1,100,0,0,0
30,RH,70.0,4270,Pave,None,Reg,Bnk,AllPub,Inside,Mod,Edwards,Norm,Norm,1Fam,1Story,3,6,1931,2006,Gable,CompShg,MetalSd,MetalSd,None,0.0,3,3,BrkTil,TA,TA,No,Rec,544,Unf,0,0,544,GasA,5,Y,SBrkr,774,0,0,774,0,0,1,0,3,1,4,6,Typ,0,0,None,0.0,None,0,0,0,0,Y,0,0,286,0,0,0,0,None,None,0,5,2007,WD,Normal,79000,1318,1.0,76,1,1,286,0,0,0
20,RL,60.0,6600,Pave,None,Reg,Lvl,AllPub,Inside,Gtl,Mitchel,Norm,Norm,1Fam,1Story,5,9,1982,2008,Gable,CompShg,VinylSd,VinylSd,None,0.0,4,4,CBlock,TA,TA,No,ALQ,641,Unf,0,175,816,GasA,5,Y,SBrkr,816,0,0,816,0,1,1,0,3,1,4,5,Typ,1,5,Attchd,1982.0,Unf,1,264,3,3,Y,0,0,0,0,0,0,0,MnPrv,None,0,10,2008,WD,Normal,130500,1632,1.5,26,0,1,0,0,1,1
50,RM,60.0,10440,Pave,Grvl,Reg,Lvl,AllPub,Corner,Gtl,OldTown,Norm,Norm,1Fam,1.5Fin,6,7,1920,1950,Gable,CompShg,BrkFace,Wd Sdng,None,0.0,4,4,BrkTil,Gd,TA,No,LwQ,493,Unf,0,1017,1510,GasW,5,Y,SBrkr,1584,1208,0,2792,0,0,2,0,5,1,3,8,Mod,2,3,Detchd,1920.0,Unf,2,520,2,3,Y,0,547,0,0,480,0,0,MnPrv,Shed,1150,6,2008,WD,Normal,256000,4302,2.0,88,58,1,1027,0,1,1
60,RL,63.0,9084,Pave,None,IR1,Lvl,AllPub,Inside,Gtl,Gilbert,Norm,Norm,1Fam,2Story,7,5,1998,1998,Hip,CompShg,VinylSd,VinylSd,None,0.0,3,3,PConc,Gd,TA,No,Unf,0,Unf,0,935,935,GasA,4,Y,SBrkr,955,677,0,1632,0,0,2,1,3,1,3,8,Typ,1,3,Attchd,1998.0,Fin,2,462,3,3,Y,0,28,0,0,0,0,0,None,None,0,6,2006,WD,Normal,176500,2567,2.5,8,8,0,28,0,1,1
20,RL,85.0,10000,Pave,None,Reg,Lvl,AllPub,Inside,Gtl,Somerst,Norm,Norm,1Fam,1Story,8,5,2006,2006,Hip,CompShg,VinylSd,VinylSd,Stone,410.0,4,3,PConc,Gd,Gd,Av,Unf,0,Unf,0,1588,1588,GasA,5,Y,SBrkr,1588,0,0,1588,0,0,2,0,3,1,4,7,Typ,1,4,Attchd,2006.0,RFn,3,825,3,3,Y,144,45,0,0,0,0,0,None,None,0,12,2007,WD,Normal,227000,3176,2.0,1,1,0,189,0,1,1
80,RL,55.0,10780,Pave,None,IR1,Lvl,AllPub,Inside,Gtl,CollgCr,Norm,Norm,1Fam,SLvl,5,5,1976,1976,Gable,CompShg,MetalSd,MetalSd,None,0.0,3,3,CBlock,TA,TA,Av,ALQ,483,Unf,0,428,911,GasA,4,Y,SBrkr,954,0,0,954,0,0,1,0,3,1,3,6,Typ,0,0,Detchd,1976.0,Unf,2,576,3,3,Y,0,0,0,0,0,0,0,None,None,0,7,2006,WD,Normal,132500,1865,1.0,30,30,0,0,0,1,0
20,RL,67.0,8877,Pave,None,Reg,Lvl,AllPub,Inside,Mod,Edwards,Norm,Norm,1Fam,1Story,4,6,1938,1958,Gable,CompShg,MetalSd,MetalSd,None,0.0,3,3,CBlock,TA,TA,Mn,ALQ,690,Unf,0,126,816,GasA,5,Y,SBrkr,816,0,0,816,1,0,1,0,2,1,3,3,Typ,1,4,Detchd,1958.0,Unf,1,288,2,2,Y,0,0,0,0,0,0,0,None,None,0,5,2009,WD,Normal,100000,1632,2.0,71,51,1,0,0,1,1
50,RM,60.0,7200,Pave,None,Reg,Lvl,AllPub,Corner,Gtl,IDOTRR,Norm,Norm,1Fam,1.5Fin,5,6,1938,1995,Gable,CompShg,Wd Sdng,Wd Sdng,None,0.0,3,3,CBlock,TA,TA,No,Unf,0,Unf,0,803,803,GasA,5,Y,SBrkr,803,557,0,1360,0,0,1,1,2,1,4,6,Typ,0,0,Detchd,1951.0,Unf,1,297,3,3,Y,0,65,190,0,0,0,0,MnPrv,None,0,7,2006,WD,Normal,125500,2163,1.5,68,11,1,255,0,1,0
160,RM,24.0,2368,Pave,None,Reg,Lvl,AllPub,Inside,Gtl,BrDale,Norm,Norm,TwnhsE,2Story,5,6,1970,1970,Gable,CompShg,HdBoard,HdBoard,None,312.0,3,3,CBlock,TA,TA,No,LwQ,765,Unf,0,0,765,GasA,3,Y,SBrkr,765,600,0,1365,0,0,1,1,3,1,3,7,Min1,0,0,Attchd,1970.0,Unf,2,440,3,3,Y,0,36,0,0,0,0,0,None,None,0,5,2009,WD,Normal,125000,2130,1.5,39,39,0,36,0,1,0
20,RL,80.0,9650,Pave,None,Reg,Lvl,AllPub,Inside,Gtl,NWAmes,Norm,Norm,1Fam,1Story,6,5,1977,1977,Gable,CompShg,Plywood,Plywood,BrkFace,360.0,3,3,CBlock,Gd,TA,No,ALQ,686,Unf,0,664,1350,GasA,3,Y,SBrkr,1334,0,0,1334,0,1,2,0,2,1,3,6,Typ,1,3,Attchd,1977.0,RFn,2,630,3,3,Y,0,16,0,0,0,0,0,None,None,0,4,2009,WD,Normal,167900,2684,2.5,32,32,0,16,0,1,1
90,RL,87.0,9246,Pave,None,IR1,Lvl,AllPub,Inside,Gtl,NWAmes,Feedr,Norm,Duplex,1Story,5,5,1973,1973,Gable,CompShg,Plywood,Plywood,BrkFace,564.0,3,3,CBlock,TA,TA,No,Unf,0,Unf,0,1656,1656,GasA,3,Y,SBrkr,1656,0,0,1656,0,0,2,0,4,2,3,8,Typ,0,0,Detchd,1973.0,Unf,2,506,3,3,Y,0,211,0,0,0,0,0,None,None,0,11,2008,WD,Normal,135000,3312,2.0,35,35,0,211,0,1,0
30,RM,153.0,4118,Pave,Grvl,IR1,Bnk,AllPub,Corner,Mod,OldTown,Feedr,Norm,1Fam,1Story,4,4,1941,1950,Gable,CompShg,Wd Sdng,Wd Sdng,None,0.0,3,3,CBlock,TA,TA,No,Unf,0,Unf,0,693,693,Grav,2,N,FuseA,693,0,0,693,0,0,1,0,2,1,2,4,Typ,0,0,None,0.0,None,0,0,0,0,N,0,20,0,0,0,0,0,None,None,0,3,2006,WD,Normal,52500,1386,1.0,65,56,1,20,0,0,0
60,RL,95.0,13450,Pave,None,IR1,Lvl,AllPub,Corner,Gtl,CollgCr,Norm,Norm,1Fam,2Story,7,5,2002,2002,Gable,CompShg,VinylSd,VinylSd,None,0.0,4,3,PConc,Gd,TA,No,GLQ,700,Unf,0,216,916,GasA,5,Y,SBrkr,920,941,0,1861,1,0,2,1,3,1,4,8,Typ,0,0,BuiltIn,2002.0,RFn,2,492,3,3,Y,146,91,0,0,0,0,0,None,None,0,6,2006,WD,Normal,200000,2777,3.5,4,4,0,237,0,1,0
20,RL,120.0,9560,Pave,None,IR1,Lvl,AllPub,Corner,Gtl,CollgCr,Norm,Norm,1Fam,1Story,5,7,1972,1972,Hip,CompShg,MetalSd,MetalSd,None,0.0,3,4,CBlock,TA,TA,Mn,Rec,360,Unf,0,504,864,GasA,5,Y,SBrkr,864,0,0,864,0,0,1,0,3,1,3,5,Typ,0,0,Attchd,1972.0,RFn,1,288,3,3,Y,0,0,0,0,0,0,0,None,None,0,6,2006,WD,Normal,128500,1728,1.0,34,34,0,0,0,1,0
20,RL,70.0,8294,Pave,None,Reg,Lvl,AllPub,Inside,Gtl,NAmes,Norm,Norm,1Fam,1Story,4,5,1971,1971,Gable,CompShg,MetalSd,MetalSd,None,0.0,3,3,CBlock,TA,TA,No,Unf,0,Unf,0,858,858,GasA,3,Y,SBrkr,872,0,0,872,0,0,1,0,3,1,3,5,Typ,0,0,Detchd,1974.0,Unf,4,480,3,3,Y,0,0,0,0,0,0,0,GdWo,None,0,6,2007,WD,Normal,123000,1730,1.0,36,36,0,0,0,1,0
20,RL,66.0,13695,Pave,None,Reg,Lvl,AllPub,Inside,Gtl,SawyerW,RRAe,Norm,1Fam,1Story,6,5,2003,2004,Gable,CompShg,VinylSd,VinylSd,None,0.0,3,3,PConc,Gd,TA,No,GLQ,814,Unf,0,300,1114,GasA,5,Y,SBrkr,1114,0,0,1114,1,0,1,0,3,1,4,6,Typ,0,0,Detchd,2004.0,Unf,2,576,3,3,Y,0,78,0,0,0,0,0,None,None,0,7,2008,WD,Normal,155000,2228,2.0,5,4,1,78,0,1,0
60,RL,70.0,9375,Pave,None,Reg,Lvl,AllPub,Inside,Gtl,CollgCr,Norm,Norm,1Fam,2Story,8,5,2002,2002,Gable,CompShg,VinylSd,VinylSd,BrkFace,149.0,4,3,PConc,Gd,TA,No,Unf,0,Unf,0,1284,1284,GasA,5,Y,SBrkr,1284,885,0,2169,0,0,2,1,3,1,4,7,Typ,1,4,Attchd,2002.0,RFn,2,647,3,3,Y,192,87,0,0,0,0,0,None,None,0,8,2007,WD,Normal,228500,3453,2.5,5,5,0,279,0,1,1
50,RL,57.0,7558,Pave,None,Reg,Bnk,AllPub,Inside,Gtl,Crawfor,Norm,Norm,1Fam,1.5Fin,6,6,1928,1950,Gable,CompShg,BrkFace,Stone,None,0.0,3,3,BrkTil,TA,TA,No,Unf,0,Unf,0,896,896,GasA,4,Y,SBrkr,1172,741,0,1913,0,0,1,1,3,1,3,9,Typ,1,3,Detchd,1929.0,Unf,2,342,2,2,Y,0,0,0,0,0,0,0,None,None,0,3,2009,WD,Normal,177000,2809,1.5,81,59,1,0,0,1,1
60,RL,85.0,11103,Pave,None,IR1,Lvl,AllPub,Corner,Gtl,CollgCr,Norm,Norm,1Fam,2Story,7,5,2006,2006,Gable,CompShg,VinylSd,VinylSd,None,0.0,4,3,PConc,Gd,TA,No,Unf,0,Unf,0,728,728,GasA,5,Y,SBrkr,728,728,0,1456,0,0,2,1,3,1,4,8,Typ,1,3,Attchd,2006.0,Fin,2,440,3,3,Y,0,0,0,0,0,0,0,None,None,0,7,2007,New,Partial,155835,2184,2.5,1,1,0,0,0,1,1
30,RM,50.0,6000,Pave,None,Reg,Lvl,AllPub,Inside,Gtl,OldTown,Norm,Norm,1Fam,1Story,4,4,1920,1950,Hip,CompShg,MetalSd,MetalSd,None,0.0,3,3,PConc,TA,TA,No,ALQ,250,Unf,0,710,960,GasA,4,Y,FuseA,960,0,0,960,0,0,1,0,2,1,2,5,Typ,0,0,Detchd,1997.0,Unf,1,308,3,3,Y,0,0,168,0,0,0,0,None,None,0,7,2007,WD,Normal,108500,1920,1.0,87,57,1,168,0,1,0
20,RL,80.0,20781,Pave,None,IR2,Lvl,AllPub,CulDSac,Gtl,NWAmes,PosN,Norm,1Fam,1Story,7,7,1968,2003,Hip,CompShg,BrkFace,HdBoard,None,0.0,3,3,CBlock,TA,TA,No,BLQ,297,Rec,68,1203,1568,GasA,3,Y,SBrkr,2156,0,0,2156,0,0,2,0,3,1,3,9,Typ,1,4,Attchd,1968.0,RFn,2,508,4,3,Y,0,80,0,290,0,0,0,None,None,0,6,2006,WD,Normal,262500,3724,2.0,38,3,1,370,0,1,1
20,RL,93.0,15306,Pave,None,IR1,HLS,AllPub,Corner,Gtl,Timber,Norm,Norm,1Fam,1Story,8,5,2006,2007,Gable,CompShg,VinylSd,VinylSd,Stone,100.0,4,3,PConc,Ex,TA,Gd,GLQ,80,Unf,0,1652,1732,GasA,5,Y,SBrkr,1776,0,0,1776,1,0,2,0,3,1,4,7,Typ,1,4,Attchd,2006.0,Fin,3,712,3,3,Y,0,0,0,0,0,0,0,None,None,0,5,2007,New,Partial,283463,3508,3.0,1,0,1,0,0,1,1
20,RL,66.5,16196,Pave,None,IR3,Low,AllPub,Inside,Gtl,SawyerW,Norm,Norm,1Fam,1Story,7,5,1998,1998,Gable,CompShg,VinylSd,VinylSd,None,0.0,4,3,PConc,Gd,TA,Gd,GLQ,1443,Unf,0,39,1482,GasA,5,Y,SBrkr,1494,0,0,1494,1,0,2,0,3,1,4,5,Typ,1,2,Attchd,1998.0,RFn,2,514,3,3,Y,402,25,0,0,0,0,0,None,None,0,8,2007,WD,Normal,215000,2976,3.0,9,9,0,427,0,1,1
70,RM,50.0,5250,Pave,Pave,Reg,Lvl,AllPub,Inside,Gtl,OldTown,Norm,Norm,1Fam,2Story,8,5,1872,1987,Gable,CompShg,MetalSd,MetalSd,None,0.0,3,4,BrkTil,TA,Fa,No,LwQ,259,Unf,0,425,684,OthW,2,N,SBrkr,938,1215,205,2358,0,0,2,0,4,1,3,8,Typ,0,0,None,0.0,None,0,0,0,0,Y,0,54,20,0,0,0,0,None,None,0,12,2008,WD,Normal,122000,2837,2.0,136,21,1,74,0,0,0
90,RL,91.0,11643,Pave,None,Reg,Lvl,AllPub,Inside,Gtl,NAmes,Artery,Norm,Duplex,2Story,5,5,1969,1969,Gable,CompShg,MetalSd,MetalSd,BrkFace,368.0,3,3,CBlock,TA,TA,No,LwQ,500,Unf,0,748,1248,GasA,3,Y,SBrkr,1338,1296,0,2634,1,1,2,2,6,2,3,12,Typ,0,0,Detchd,1969.0,Unf,4,968,3,3,Y,0,0,0,0,0,0,0,None,None,0,8,2009,WD,Normal,200000,3882,4.5,40,40,0,0,0,1,0
60,RL,70.0,9247,Pave,None,IR1,Lvl,AllPub,Inside,Gtl,NAmes,Norm,Norm,1Fam,2Story,6,6,1962,1962,Gable,CompShg,HdBoard,HdBoard,BrkFace,318.0,3,3,CBlock,TA,TA,No,Rec,319,Unf,0,539,858,GasA,5,Y,SBrkr,858,858,0,1716,0,0,1,1,4,1,3,8,Typ,1,4,Attchd,1962.0,Fin,2,490,3,3,Y,0,84,0,0,120,0,0,None,None,0,3,2008,WD,Normal,171000,2574,1.5,46,46,0,204,0,1,1
50,RM,50.0,6000,Pave,None,Reg,Lvl,AllPub,Inside,Gtl,BrkSide,Norm,Norm,1Fam,1.5Fin,6,9,1937,2000,Gable,CompShg,MetalSd,MetalSd,None,0.0,4,3,BrkTil,TA,TA,No,Unf,0,Unf,0,698,698,GasA,3,Y,SBrkr,786,390,0,1176,0,0,1,0,2,1,3,4,Typ,0,0,Detchd,1999.0,Unf,2,624,3,3,N,210,0,0,0,0,0,0,None,None,0,7,2009,WD,Normal,134900,1874,1.0,72,9,1,210,0,1,0
50,RL,56.0,14720,Pave,None,IR1,Lvl,AllPub,CulDSac,Gtl,NoRidge,Norm,Norm,1Fam,1.5Fin,8,5,1995,1996,Hip,CompShg,VinylSd,VinylSd,BrkFace,579.0,4,3,PConc,Gd,TA,Av,GLQ,816,Unf,0,1217,2033,GasA,5,Y,SBrkr,2053,1185,0,3238,1,0,2,1,4,1,4,9,Typ,1,5,Attchd,1996.0,Fin,3,666,3,3,Y,283,86,0,0,0,0,0,None,None,0,3,2010,WD,Normal,410000,5271,3.5,15,14,1,369,0,1,1
60,RL,70.0,10316,Pave,None,IR1,Lvl,AllPub,Inside,Gtl,CollgCr,Norm,Norm,1Fam,2Story,7,5,2000,2000,Gable,CompShg,VinylSd,VinylSd,None,0.0,4,3,PConc,Gd,TA,No,GLQ,735,Unf,0,257,992,GasA,5,Y,SBrkr,992,873,0,1865,1,0,2,1,3,1,4,7,Typ,1,3,Attchd,2000.0,RFn,3,839,3,3,Y,0,184,0,0,0,0,0,None,None,0,6,2008,WD,Normal,235000,2857,3.5,8,8,0,184,0,1,1
80,RL,102.0,10192,Pave,None,IR1,Lvl,AllPub,Inside,Gtl,NWAmes,Norm,Norm,1Fam,SLvl,7,6,1968,1992,Gable,CompShg,MetalSd,MetalSd,BrkFace,143.0,3,3,CBlock,TA,TA,No,Unf,0,Unf,0,570,570,GasA,4,Y,SBrkr,1222,698,0,1920,0,0,3,0,4,1,4,8,Typ,1,3,Attchd,1968.0,RFn,2,487,3,3,Y,0,98,0,0,0,0,0,GdPrv,None,0,9,2006,WD,Normal,170000,2490,3.0,38,14,1,98,0,1,1
20,RL,73.0,9477,Pave,None,Reg,Lvl,AllPub,Corner,Gtl,NAmes,Norm,Norm,1Fam,1Story,5,5,1966,1966,Gable,CompShg,HdBoard,HdBoard,BrkFace,65.0,3,3,CBlock,TA,TA,No,Rec,340,Unf,0,524,864,GasA,3,Y,SBrkr,892,0,0,892,0,0,1,0,3,1,3,5,Typ,0,0,Attchd,1966.0,RFn,1,264,3,3,Y,0,0,0,0,0,0,0,GdWo,None,0,10,2008,WD,Normal,110000,1756,1.0,42,42,0,0,0,1,0
20,RL,73.0,12537,Pave,None,IR1,Lvl,AllPub,CulDSac,Gtl,NAmes,Norm,Norm,1Fam,1Story,5,6,1971,2008,Gable,CompShg,VinylSd,VinylSd,None,0.0,3,3,CBlock,TA,TA,No,GLQ,734,Unf,0,344,1078,GasA,5,Y,SBrkr,1078,0,0,1078,1,0,1,1,3,1,3,6,Typ,1,2,Attchd,1971.0,Fin,2,500,3,3,Y,0,0,0,0,0,0,0,None,None,0,4,2010,WD,Normal,149900,2156,2.5,39,2,1,0,0,1,1
160,FV,73.5,2117,Pave,None,Reg,Lvl,AllPub,Inside,Gtl,Somerst,Norm,Norm,Twnhs,2Story,6,5,2000,2000,Gable,CompShg,MetalSd,MetalSd,BrkFace,216.0,4,3,PConc,Gd,TA,No,GLQ,378,Unf,0,378,756,GasA,5,Y,SBrkr,769,804,0,1573,0,0,2,1,3,1,4,5,Typ,0,0,Detchd,2000.0,Unf,2,440,3,3,Y,0,32,0,0,0,0,0,None,None,0,6,2010,WD,Normal,177500,2329,2.5,10,10,0,32,0,1,0
20,RL,129.0,16737,Pave,None,Reg,Lvl,AllPub,FR3,Gtl,NridgHt,Norm,Norm,1Fam,1Story,9,5,2004,2005,Hip,CompShg,VinylSd,VinylSd,BrkFace,66.0,4,3,PConc,Ex,TA,Av,GLQ,1447,Unf,0,533,1980,GasA,5,Y,SBrkr,1980,0,0,1980,1,0,2,0,3,1,5,8,Typ,1,4,Attchd,2004.0,Fin,3,770,3,3,Y,194,45,0,0,0,0,0,None,None,0,9,2006,WD,Normal,315000,3960,3.0,2,1,1,239,0,1,1
70,RL,51.0,9842,Pave,None,Reg,Lvl,AllPub,Inside,Gtl,SWISU,Feedr,Norm,1Fam,2Story,5,6,1921,1998,Gable,CompShg,MetalSd,Wd Sdng,None,0.0,3,3,BrkTil,TA,Fa,No,Unf,0,Unf,0,612,612,GasA,5,Y,SBrkr,990,1611,0,2601,0,0,3,1,4,1,3,8,Typ,0,0,BuiltIn,1998.0,RFn,2,621,3,3,Y,183,0,301,0,0,0,0,None,None,0,5,2008,WD,Normal,189000,3213,3.5,87,10,1,484,0,1,0
20,RL,124.0,16158,Pave,None,IR1,Low,AllPub,Inside,Mod,StoneBr,Norm,Norm,1Fam,1Story,7,5,2005,2005,Hip,CompShg,VinylSd,VinylSd,Stone,16.0,4,3,PConc,Ex,TA,Av,ALQ,1274,Unf,0,256,1530,GasA,5,Y,SBrkr,1530,0,0,1530,1,0,2,0,3,1,4,7,Typ,1,4,Attchd,2005.0,Fin,2,430,3,3,Y,168,36,0,0,0,0,0,None,None,0,6,2009,WD,Normal,260000,3060,3.0,4,4,0,204,0,1,1
50,RL,73.0,12513,Pave,None,IR1,Lvl,AllPub,FR2,Gtl,NAmes,Feedr,Norm,1Fam,1.5Fin,4,4,1920,2007,Gable,CompShg,VinylSd,VinylSd,None,0.0,3,4,BrkTil,TA,Fa,No,Unf,0,Unf,0,715,715,GasA,4,Y,SBrkr,1281,457,0,1738,0,0,2,0,4,1,3,7,Typ,1,4,Attchd,1920.0,Unf,1,368,3,3,Y,55,0,0,0,0,0,0,None,None,0,6,2009,WD,Normal,104900,2453,2.0,89,2,1,55,0,1,1
60,RL,73.0,8499,Pave,None,IR1,Lvl,AllPub,Inside,Gtl,Gilbert,Norm,Norm,1Fam,2Story,6,5,2006,2007,Gable,CompShg,VinylSd,VinylSd,None,0.0,3,3,PConc,Gd,TA,No,Unf,0,Unf,0,616,616,GasA,5,Y,SBrkr,616,796,0,1412,0,0,2,1,3,1,4,6,Typ,1,4,BuiltIn,2007.0,Fin,2,432,3,3,Y,0,36,0,0,0,0,0,None,None,0,3,2007,New,Partial,156932,2028,2.5,1,0,1,36,0,1,1
160,FV,30.0,3180,Pave,Pave,Reg,Lvl,AllPub,Inside,Gtl,Somerst,Norm,Norm,TwnhsE,2Story,7,5,2005,2005,Gable,CompShg,MetalSd,MetalSd,None,0.0,4,3,PConc,Gd,TA,No,Unf,0,Unf,0,600,600,GasA,5,Y,SBrkr,520,600,80,1200,0,0,2,1,2,1,4,4,Typ,0,0,Detchd,2005.0,RFn,2,480,3,3,Y,0,166,0,0,0,0,0,None,None,0,4,2006,WD,Abnorml,144152,1720,2.5,1,1,0,166,0,1,0
60,FV,73.5,7500,Pave,None,Reg,Lvl,AllPub,Inside,Gtl,Somerst,Norm,Norm,1Fam,2Story,7,5,2000,2000,Gable,CompShg,VinylSd,VinylSd,None,0.0,4,3,PConc,Gd,TA,No,GLQ,533,Unf,0,281,814,GasA,5,Y,SBrkr,814,860,0,1674,1,0,2,1,3,1,4,7,Typ,0,0,Attchd,2000.0,RFn,2,663,3,3,Y,0,96,0,0,0,0,0,None,None,0,1,2010,WD,Normal,216000,2488,3.5,10,10,0,96,0,1,0
60,RL,68.0,9179,Pave,None,IR1,Lvl,AllPub,Inside,Gtl,CollgCr,Norm,Norm,1Fam,2Story,7,5,1999,1999,Gable,CompShg,VinylSd,VinylSd,BrkFace,158.0,4,3,PConc,Gd,TA,No,GLQ,633,Unf,0,240,873,GasA,5,Y,SBrkr,882,908,0,1790,1,0,2,1,3,1,4,7,Typ,0,0,Attchd,1999.0,RFn,2,588,3,3,Y,0,88,0,0,0,0,0,None,None,0,6,2008,WD,Abnorml,193000,2663,3.5,9,9,0,88,0,1,0
160,RM,41.0,2665,Pave,None,Reg,Lvl,AllPub,Inside,Gtl,MeadowV,Norm,Norm,TwnhsE,2Story,5,6,1977,1977,Gable,CompShg,CemntBd,CmentBd,None,0.0,3,3,PConc,TA,TA,No,ALQ,548,Rec,173,36,757,GasA,5,Y,SBrkr,925,550,0,1475,0,0,2,0,4,1,3,6,Typ,1,3,Attchd,1977.0,RFn,1,336,3,3,Y,104,26,0,0,0,0,0,None,None,0,7,2006,WD,Normal,127000,2232,2.0,29,29,0,130,0,1,1
120,RM,70.0,4435,Pave,None,Reg,Lvl,AllPub,Inside,Gtl,CollgCr,Norm,Norm,TwnhsE,1Story,6,5,2003,2004,Gable,CompShg,VinylSd,VinylSd,BrkFace,170.0,4,3,PConc,Gd,TA,Av,GLQ,685,Unf,0,163,848,GasA,5,Y,SBrkr,848,0,0,848,1,0,1,0,1,1,4,4,Typ,0,0,Attchd,2003.0,Fin,2,420,3,3,Y,140,0,0,0,0,0,0,None,None,0,6,2009,WD,Normal,144000,1696,2.0,6,5,1,140,0,1,0
20,RL,48.0,10635,Pave,None,IR2,Lvl,AllPub,FR2,Gtl,CollgCr,Norm,Norm,1Fam,1Story,8,5,2003,2003,Hip,CompShg,VinylSd,VinylSd,BrkFace,171.0,4,3,PConc,Gd,TA,Av,BLQ,370,GLQ,972,315,1657,GasA,5,Y,SBrkr,1668,0,0,1668,1,0,2,0,3,1,4,8,Typ,1,3,Attchd,2003.0,Fin,2,502,3,3,Y,0,262,0,0,0,0,0,None,None,0,5,2010,WD,Normal,232000,3325,3.0,7,7,0,262,0,1,1
50,RL,90.0,5400,Pave,None,Reg,Lvl,AllPub,Corner,Gtl,OldTown,Artery,Norm,1Fam,1.5Fin,4,6,1920,1950,Gable,CompShg,CBlock,CBlock,None,0.0,2,3,PConc,TA,TA,No,ALQ,315,Rec,105,420,840,GasA,5,Y,SBrkr,840,534,0,1374,0,0,1,0,2,1,3,6,Typ,0,0,Detchd,1967.0,Fin,1,338,3,3,Y,0,0,198,0,0,0,0,None,None,0,10,2009,WD,Normal,105000,2214,1.0,89,59,1,198,0,1,0
80,RL,80.0,9600,Pave,None,Reg,Lvl,AllPub,Inside,Gtl,NAmes,Norm,Norm,1Fam,SLvl,6,6,1955,1996,Hip,CompShg,AsbShng,AsbShng,None,0.0,3,3,CBlock,TA,TA,Av,BLQ,831,Unf,0,161,992,GasA,4,Y,SBrkr,1661,0,0,1661,1,0,1,0,3,1,4,8,Typ,1,3,BuiltIn,1955.0,RFn,1,377,3,3,Y,0,28,0,0,178,0,0,MnPrv,None,0,10,2008,WD,Normal,165500,2653,2.0,53,12,1,206,0,1,1
60,RL,75.0,9750,Pave,None,Reg,Lvl,AllPub,Corner,Gtl,CollgCr,Norm,Norm,1Fam,2Story,7,6,1998,1998,Gable,CompShg,VinylSd,VinylSd,None,0.0,3,3,PConc,Gd,TA,Av,GLQ,975,Unf,0,133,1108,GasA,5,Y,SBrkr,1108,989,0,2097,1,0,2,1,3,1,4,8,Typ,1,3,Detchd,1998.0,RFn,2,583,3,3,Y,253,170,0,0,0,0,0,None,None,0,6,2006,WD,Normal,274300,3205,3.5,8,8,0,423,0,1,1
20,RL,91.0,11400,Pave,None,Reg,Lvl,AllPub,Inside,Gtl,NoRidge,Norm,Norm,1Fam,1Story,10,5,2001,2002,Hip,CompShg,VinylSd,VinylSd,BrkFace,705.0,5,3,PConc,Ex,TA,Gd,GLQ,1282,Unf,0,1351,2633,GasA,5,Y,SBrkr,2633,0,0,2633,1,0,2,1,2,1,5,8,Typ,2,4,Attchd,2001.0,RFn,3,804,3,3,Y,314,140,0,0,0,0,0,None,None,0,3,2007,WD,Normal,466500,5266,3.5,6,5,1,454,0,1,1
60,FV,85.0,10625,Pave,None,Reg,Lvl,AllPub,Inside,Gtl,Somerst,Norm,Norm,1Fam,2Story,7,5,2005,2005,Gable,CompShg,CemntBd,CmentBd,None,0.0,4,3,PConc,Gd,TA,No,Unf,0,Unf,0,1026,1026,GasA,5,Y,SBrkr,1026,932,0,1958,0,0,2,1,3,1,4,9,Typ,1,4,Attchd,2005.0,Fin,3,936,3,3,Y,154,210,0,0,0,0,0,None,None,0,7,2008,WD,Normal,250000,2984,2.5,3,3,0,364,0,1,1
20,RL,89.0,10991,Pave,None,IR1,HLS,AllPub,Inside,Gtl,Timber,Norm,Norm,1Fam,1Story,8,5,2007,2007,Gable,CompShg,VinylSd,VinylSd,BrkFace,80.0,4,3,PConc,Gd,TA,Gd,Unf,0,Unf,0,1571,1571,GasA,5,Y,SBrkr,1571,0,0,1571,0,0,2,0,3,1,4,7,Typ,1,4,Attchd,2007.0,Fin,3,722,3,3,Y,100,36,0,0,0,0,0,None,None,0,12,2007,New,Partial,239000,3142,2.0,0,0,0,136,0,1,1
30,RL,52.0,6292,Pave,None,Reg,Bnk,AllPub,Inside,Gtl,SWISU,Norm,Norm,1Fam,1Story,6,5,1930,1950,Gable,CompShg,Wd Sdng,Wd Sdng,None,0.0,3,3,BrkTil,Gd,TA,Mn,Rec,384,Unf,0,384,768,GasA,3,N,SBrkr,790,0,0,790,0,0,1,0,2,1,3,4,Typ,0,0,Detchd,1925.0,Unf,1,160,2,3,Y,0,141,0,0,0,0,0,None,None,0,4,2008,WD,Normal,91000,1558,1.0,78,58,1,141,0,1,0
50,RL,60.0,10998,Pave,Grvl,Reg,Lvl,AllPub,Inside,Gtl,Edwards,Norm,Norm,1Fam,1.5Fin,5,5,1941,1960,Gable,CompShg,Wd Sdng,Wd Sdng,None,0.0,3,3,CBlock,TA,TA,No,LwQ,408,BLQ,420,156,984,GasA,5,Y,SBrkr,984,620,0,1604,0,0,2,0,3,1,3,6,Min2,0,0,Detchd,1977.0,Unf,2,660,3,3,Y,0,68,0,0,0,0,0,None,None,0,7,2009,WD,Normal,117000,2588,2.0,68,49,1,68,0,1,0
160,RM,21.0,1953,Pave,None,Reg,Lvl,AllPub,Inside,Gtl,BrDale,Norm,Norm,Twnhs,2Story,6,5,1973,1973,Gable,CompShg,HdBoard,HdBoard,BrkFace,408.0,3,3,CBlock,TA,Fa,No,BLQ,309,Unf,0,174,483,GasA,3,Y,SBrkr,483,504,0,987,0,0,1,1,2,1,3,5,Typ,0,0,Detchd,1973.0,Unf,1,264,3,3,Y,72,0,0,0,0,0,0,None,None,0,6,2006,WD,Normal,83000,1470,1.5,33,33,0,72,0,1,0
80,RL,73.0,9735,Pave,None,Reg,Lvl,AllPub,Inside,Gtl,Timber,Norm,Norm,1Fam,SLvl,5,5,2006,2007,Gable,CompShg,VinylSd,VinylSd,None,0.0,3,3,PConc,Gd,TA,No,Unf,0,Unf,0,384,384,GasA,4,Y,SBrkr,754,640,0,1394,0,0,2,1,3,1,4,7,Typ,0,0,BuiltIn,2007.0,Fin,2,400,3,3,Y,100,0,0,0,0,0,0,None,None,0,5,2008,WD,Normal,167500,1778,2.5,2,1,1,100,0,1,0
30,RL,45.0,8212,Pave,Grvl,Reg,Lvl,AllPub,Inside,Gtl,Edwards,Norm,Norm,1Fam,1Story,3,3,1914,1950,Gable,CompShg,Stucco,Stucco,None,0.0,3,2,BrkTil,TA,Fa,No,Rec,203,Unf,0,661,864,GasA,3,N,FuseF,864,0,0,864,1,0,1,0,2,1,3,5,Typ,0,0,Detchd,1938.0,Unf,1,200,3,2,Y,0,0,96,0,0,0,0,None,None,0,6,2010,WD,Normal,58500,1728,2.0,96,60,1,96,0,1,0
20,RL,73.0,12925,Pave,None,IR1,Lvl,AllPub,Corner,Gtl,NAmes,Norm,Norm,1Fam,1Story,6,7,1970,1970,Gable,CompShg,BrkFace,Plywood,None,0.0,3,3,CBlock,TA,TA,Mn,BLQ,865,Unf,0,340,1205,GasA,5,Y,SBrkr,2117,0,0,2117,0,0,2,1,4,1,3,7,Typ,2,4,Attchd,1970.0,Fin,2,550,3,3,Y,0,42,0,0,0,0,0,None,None,0,5,2008,WD,Normal,237500,3322,2.5,38,38,0,42,0,1,1
70,RM,60.0,7200,Pave,None,Reg,Lvl,AllPub,Corner,Gtl,OldTown,Norm,Norm,1Fam,2Story,7,7,1920,1950,Hip,CompShg,Wd Sdng,Wd Sdng,None,0.0,3,3,BrkTil,Fa,TA,No,Unf,0,Unf,0,596,596,GasA,5,Y,SBrkr,998,764,0,1762,1,0,1,1,4,1,4,8,Typ,0,0,Detchd,1989.0,Unf,2,576,3,3,N,36,0,221,0,0,0,0,None,None,0,10,2006,WD,Normal,157000,2358,2.5,86,56,1,257,0,1,0
30,RL,71.0,25339,Pave,None,Reg,Lvl,AllPub,Inside,Gtl,Sawyer,Norm,Norm,1Fam,1Story,5,7,1918,2007,Gable,CompShg,Wd Sdng,Wd Sdng,None,0.0,3,4,BrkTil,TA,TA,No,Unf,0,Unf,0,816,816,GasA,5,Y,SBrkr,1416,0,0,1416,0,0,2,0,3,1,4,7,Typ,0,0,Attchd,2007.0,Unf,2,576,3,3,N,0,0,112,0,0,0,0,None,None,0,8,2007,WD,Normal,112000,2232,2.0,89,0,1,112,0,1,0
50,RL,60.0,9060,Pave,None,Reg,Lvl,AllPub,Inside,Gtl,Edwards,Norm,Norm,1Fam,1.5Fin,6,5,1939,1950,Gable,CompShg,WdShing,Wd Shng,None,0.0,3,3,BrkTil,TA,TA,Mn,Rec,204,Unf,0,356,560,GasA,3,Y,SBrkr,698,560,0,1258,0,0,1,0,2,1,3,6,Typ,0,0,Detchd,1939.0,Unf,1,280,3,3,P,0,0,0,0,0,0,0,MnPrv,None,0,10,2009,WD,Normal,105000,1818,1.0,70,59,1,0,0,1,0
50,RM,40.0,5436,Pave,None,Reg,Lvl,AllPub,Inside,Gtl,IDOTRR,Norm,Norm,1Fam,1.5Fin,4,8,1922,2007,Gable,CompShg,VinylSd,VinylSd,None,0.0,3,4,BrkTil,TA,TA,No,BLQ,735,Unf,0,61,796,GasA,4,Y,SBrkr,796,358,0,1154,1,0,1,0,3,1,4,7,Typ,0,0,Detchd,1922.0,Unf,1,240,3,3,N,0,96,0,0,0,0,0,MnPrv,None,0,5,2010,WD,Normal,125500,1950,2.0,88,3,1,96,0,1,0
60,RL,80.0,16692,Pave,None,IR1,Lvl,AllPub,Inside,Gtl,NWAmes,RRAn,Norm,1Fam,2Story,7,5,1978,1978,Gable,CompShg,Plywood,Plywood,BrkFace,184.0,3,3,CBlock,Gd,TA,No,BLQ,790,LwQ,469,133,1392,GasA,3,Y,SBrkr,1392,1392,0,2784,1,0,3,1,5,1,4,12,Typ,2,3,Attchd,1978.0,RFn,2,564,3,3,Y,0,112,0,0,440,519,2,MnPrv,TenC,2000,7,2006,WD,Normal,250000,4176,4.5,28,28,0,552,1,1,1
50,RM,60.0,8520,Pave,Grvl,Reg,Lvl,AllPub,Inside,Gtl,OldTown,Artery,Norm,1Fam,1.5Fin,6,7,1916,1950,Gable,CompShg,Stucco,Stucco,None,0.0,3,4,BrkTil,TA,TA,No,Rec,168,LwQ,546,0,714,GasW,3,N,SBrkr,1664,862,0,2526,0,0,2,0,5,1,4,10,Typ,1,4,Detchd,1916.0,Unf,1,216,3,3,Y,88,15,0,0,0,0,0,GdWo,None,0,8,2007,CWD,Family,136000,3240,2.0,91,57,1,103,0,1,1
20,RL,42.0,14892,Pave,None,IR1,HLS,AllPub,CulDSac,Gtl,Gilbert,Norm,Norm,1Fam,1Story,9,5,2006,2007,Gable,CompShg,VinylSd,VinylSd,Stone,160.0,5,3,PConc,Ex,TA,Gd,GLQ,1320,Unf,0,426,1746,GasA,5,Y,SBrkr,1746,0,0,1746,1,0,2,0,3,1,5,7,Typ,2,4,Attchd,2006.0,Fin,3,758,3,3,Y,201,39,0,0,0,0,0,None,None,0,10,2009,WD,Normal,377500,3492,3.0,3,2,1,240,0,1,1
50,RM,60.0,6000,Pave,None,Reg,Lvl,AllPub,Inside,Gtl,BrkSide,Norm,Norm,1Fam,1.5Fin,6,6,1941,1950,Gable,CompShg,Wd Sdng,Wd Sdng,None,0.0,3,4,BrkTil,TA,Gd,No,ALQ,375,Unf,0,360,735,GasA,5,Y,SBrkr,869,349,0,1218,0,1,1,0,3,1,3,6,Typ,1,4,Detchd,2003.0,Unf,2,440,3,3,Y,0,0,0,0,0,0,0,None,None,0,3,2007,WD,Normal,131000,1953,1.5,66,57,1,0,0,1,1
20,RL,70.0,9100,Pave,None,Reg,Lvl,AllPub,Inside,Gtl,CollgCr,Norm,Norm,1Fam,1Story,7,5,2000,2000,Gable,CompShg,VinylSd,VinylSd,BrkFace,244.0,4,3,PConc,Gd,TA,Av,GLQ,1400,Unf,0,125,1525,GasA,5,Y,SBrkr,1525,0,0,1525,1,0,2,0,3,1,4,6,Typ,0,0,Attchd,2000.0,RFn,2,541,3,3,Y,219,36,0,0,0,0,0,None,None,0,9,2006,WD,Normal,235000,3050,3.0,6,6,0,255,0,1,0
90,RL,65.0,8944,Pave,None,Reg,Lvl,AllPub,Inside,Gtl,NAmes,Norm,Norm,Duplex,1Story,5,5,1967,1967,Gable,CompShg,Plywood,Plywood,None,0.0,3,3,CBlock,TA,TA,No,Unf,0,Unf,0,1584,1584,GasA,3,Y,SBrkr,1584,0,0,1584,0,0,2,0,4,2,3,8,Mod,0,0,Detchd,1967.0,Unf,3,792,3,3,Y,0,152,0,0,0,0,0,None,None,0,4,2009,WD,Normal,124000,3168,2.0,42,42,0,152,0,1,0
85,RL,68.0,7838,Pave,None,Reg,Lvl,AllPub,Inside,Gtl,NAmes,Norm,Norm,1Fam,SFoyer,5,5,1967,1967,Gable,CompShg,HdBoard,HdBoard,None,0.0,3,3,CBlock,TA,TA,Av,ALQ,769,Unf,0,95,864,GasA,3,Y,SBrkr,900,0,0,900,1,0,1,0,3,1,3,6,Typ,1,1,Attchd,1967.0,RFn,1,288,3,3,Y,175,144,0,0,0,0,0,MnWw,None,0,12,2006,WD,Normal,123000,1764,2.0,39,39,0,319,0,1,1
190,RM,60.0,10800,Pave,Pave,Reg,Lvl,AllPub,Inside,Gtl,OldTown,Norm,Norm,2fmCon,1.5Fin,6,7,1905,2000,Gable,CompShg,Wd Sdng,Wd Sdng,None,0.0,3,3,BrkTil,Fa,TA,No,Unf,0,Unf,0,482,482,GasA,5,N,SBrkr,1221,691,0,1912,0,0,2,0,3,2,3,7,Typ,1,3,Detchd,2003.0,Unf,2,672,4,3,Y,0,25,212,0,0,0,0,None,None,0,4,2008,WD,Normal,163000,2394,2.0,103,8,1,237,0,1,1
120,RL,53.0,4045,Pave,None,Reg,Lvl,AllPub,Inside,Gtl,Blmngtn,Norm,Norm,TwnhsE,1Story,7,5,2006,2006,Hip,CompShg,VinylSd,VinylSd,BrkFace,45.0,4,3,PConc,Gd,TA,Av,GLQ,1070,Unf,0,286,1356,GasA,5,Y,SBrkr,1500,0,0,1500,1,0,2,0,2,1,4,6,Typ,1,4,Attchd,2006.0,Fin,3,648,3,3,Y,161,20,0,0,0,0,0,None,None,0,10,2006,New,Partial,246578,2856,3.0,0,0,0,181,0,1,1
60,RL,88.0,12665,Pave,None,IR1,Lvl,AllPub,Inside,Gtl,Timber,Norm,Norm,1Fam,2Story,8,5,2005,2006,Hip,CompShg,VinylSd,VinylSd,BrkFace,245.0,4,3,PConc,Gd,Gd,Gd,Unf,0,Unf,0,1094,1094,GasA,5,Y,SBrkr,1133,1349,0,2482,0,0,2,1,4,1,4,9,Typ,1,4,BuiltIn,2005.0,Fin,3,642,3,3,Y,144,39,0,0,0,0,0,None,None,0,2,2007,WD,Normal,281213,3576,2.5,2,1,1,183,0,1,1
20,RL,85.0,57200,Pave,None,IR1,Bnk,AllPub,Inside,Sev,Timber,Norm,Norm,1Fam,1Story,5,5,1948,1950,Gable,CompShg,Wd Sdng,Wd Sdng,None,0.0,3,3,CBlock,TA,TA,Av,BLQ,353,Rec,334,60,747,GasA,3,Y,SBrkr,1687,0,0,1687,1,0,1,0,3,1,3,7,Min1,2,3,Detchd,1966.0,Unf,2,572,3,3,N,0,0,50,0,0,0,0,None,None,0,6,2010,WD,Normal,160000,2434,2.0,62,60,1,50,0,1,1
70,RM,51.0,6120,Pave,None,Reg,Lvl,AllPub,Inside,Gtl,BrkSide,Norm,Norm,1Fam,2Story,5,8,1920,2004,Gable,CompShg,MetalSd,MetalSd,None,0.0,3,3,BrkTil,TA,TA,Mn,Unf,0,Unf,0,939,939,GasA,5,Y,SBrkr,939,574,0,1513,0,0,1,1,4,1,3,8,Typ,0,0,Detchd,1933.0,Unf,1,180,2,2,N,24,0,150,0,0,0,0,None,None,0,5,2007,WD,Normal,137500,2452,1.5,87,3,1,174,0,1,0
50,RL,60.0,7200,Pave,None,Reg,Lvl,AllPub,Inside,Gtl,NAmes,Norm,Norm,1Fam,1.5Fin,5,4,1950,1982,Gable,CompShg,VinylSd,Wd Sdng,None,0.0,3,3,CBlock,TA,TA,No,Rec,180,BLQ,352,676,1208,GasA,4,Y,FuseA,1136,768,0,1904,1,0,1,1,3,1,3,7,Min1,0,0,Attchd,1950.0,Unf,1,240,3,3,Y,0,0,168,0,0,0,0,GdPrv,None,0,5,2009,WD,Normal,138000,3112,2.5,59,27,1,168,0,1,0
50,RL,51.0,6171,Pave,None,Reg,Lvl,AllPub,Inside,Gtl,SWISU,Norm,Norm,1Fam,1.5Fin,6,6,1925,1990,Gable,CompShg,WdShing,Wd Shng,None,0.0,3,3,BrkTil,TA,TA,No,BLQ,264,Unf,0,712,976,GasA,5,Y,SBrkr,1160,448,0,1608,0,0,2,1,3,1,4,7,Typ,1,4,Detchd,1925.0,Unf,1,216,2,3,Y,147,16,0,0,0,0,0,MnPrv,None,0,10,2009,WD,Normal,137450,2584,2.5,84,19,1,163,0,1,1
50,RM,50.0,6000,Pave,None,Reg,Lvl,AllPub,Corner,Gtl,BrkSide,Norm,Norm,1Fam,1.5Fin,6,7,1929,1950,Gable,CompShg,WdShing,Wd Shng,None,0.0,3,3,BrkTil,TA,TA,No,Unf,0,Unf,0,862,862,GasA,3,Y,SBrkr,950,208,0,1158,0,0,1,0,3,1,3,5,Typ,1,4,BuiltIn,1929.0,RFn,1,208,3,3,Y,0,0,112,0,0,0,0,None,None,0,7,2008,WD,Normal,120000,2020,1.0,79,58,1,112,0,1,1
60,RL,62.0,7415,Pave,None,IR1,Lvl,AllPub,Inside,Gtl,Gilbert,Norm,Norm,1Fam,2Story,6,5,2004,2004,Gable,CompShg,VinylSd,VinylSd,None,0.0,3,3,PConc,TA,TA,No,GLQ,759,Unf,0,80,839,GasA,5,Y,SBrkr,864,729,0,1593,1,0,2,1,3,1,3,8,Typ,1,3,Attchd,2004.0,Fin,2,398,3,3,Y,100,75,0,0,0,0,0,None,None,0,4,2008,WD,Normal,193000,2432,3.5,4,4,0,175,0,1,1
20,RL,64.0,6762,Pave,None,Reg,Lvl,AllPub,Inside,Gtl,CollgCr,Norm,Norm,1Fam,1Story,7,5,2006,2006,Gable,CompShg,VinylSd,VinylSd,None,0.0,4,3,PConc,Gd,Gd,Av,Unf,0,Unf,0,1286,1286,GasA,5,Y,SBrkr,1294,0,0,1294,0,0,2,0,2,1,4,6,Typ,1,4,Attchd,2006.0,RFn,2,662,3,3,Y,168,55,0,0,0,0,0,None,None,0,7,2006,New,Partial,193879,2580,2.0,0,0,0,223,0,1,1
20,RL,49.0,15256,Pave,None,IR1,Lvl,AllPub,CulDSac,Gtl,Somerst,RRAn,Norm,1Fam,1Story,8,5,2007,2007,Gable,CompShg,VinylSd,VinylSd,Stone,84.0,4,3,PConc,Gd,TA,Gd,GLQ,929,Unf,0,556,1485,GasA,5,Y,SBrkr,1464,0,0,1464,1,0,2,0,3,1,4,6,Typ,0,0,Attchd,2007.0,Unf,3,754,3,3,Y,168,160,0,0,0,0,0,None,None,0,8,2007,WD,Normal,282922,2949,3.0,0,0,0,328,0,1,0
50,RL,60.0,10410,Pave,Grvl,Reg,Lvl,AllPub,Corner,Gtl,OldTown,Artery,Norm,1Fam,1.5Fin,3,4,1915,1950,Gable,CompShg,Wd Sdng,Wd Sdng,None,0.0,3,3,PConc,TA,TA,No,Unf,0,Unf,0,672,672,GasA,3,Y,SBrkr,694,520,0,1214,0,0,1,0,3,1,3,6,Typ,0,0,Detchd,1998.0,Unf,3,936,3,3,Y,216,0,160,0,0,0,0,MnPrv,None,0,1,2006,WD,Family,105000,1886,1.0,91,56,1,376,0,1,0
120,RM,44.0,3842,Pave,None,IR1,HLS,AllPub,Inside,Mod,Crawfor,Norm,Norm,TwnhsE,1Story,8,5,2004,2005,Hip,CompShg,CemntBd,CmentBd,Stone,174.0,4,3,PConc,Ex,TA,Gd,GLQ,1373,Unf,0,221,1594,GasA,5,Y,SBrkr,1646,0,0,1646,1,1,2,0,2,1,4,5,Typ,1,4,Attchd,2004.0,Fin,2,482,3,3,Y,128,53,0,0,155,0,0,None,None,0,1,2008,WD,Normal,275000,3240,3.5,4,3,1,336,0,1,1
85,RL,70.0,8445,Pave,None,Reg,Lvl,AllPub,Corner,Gtl,CollgCr,Norm,Norm,1Fam,SFoyer,5,7,1972,2007,Gable,CompShg,HdBoard,Wd Shng,None,0.0,3,3,CBlock,Gd,TA,Av,GLQ,656,Unf,0,112,768,GasA,3,Y,SBrkr,768,0,0,768,1,0,1,0,2,1,3,5,Typ,0,0,Detchd,1988.0,Unf,2,396,3,3,Y,58,0,0,0,0,0,0,MnPrv,None,0,3,2009,WD,Normal,133000,1536,2.0,37,2,1,58,0,1,0
20,RL,73.0,8780,Pave,None,IR1,Lvl,AllPub,Corner,Gtl,Mitchel,Norm,Norm,1Fam,1Story,5,5,1985,1985,Gable,CompShg,HdBoard,Plywood,None,0.0,3,3,CBlock,TA,TA,No,ALQ,625,Unf,0,208,833,GasA,5,Y,SBrkr,833,0,0,833,1,0,1,0,3,1,3,5,Typ,0,0,None,0.0,None,0,0,0,0,Y,0,0,0,0,0,0,0,MnPrv,None,0,3,2009,WD,Normal,112000,1666,2.0,24,24,0,0,0,0,0
70,RM,60.0,7740,Pave,None,Reg,Lvl,AllPub,Inside,Gtl,OldTown,Norm,Norm,1Fam,2Story,4,7,1910,1950,Gable,CompShg,VinylSd,VinylSd,None,0.0,3,3,CBlock,Fa,TA,No,Unf,0,Unf,0,622,622,GasA,4,Y,SBrkr,741,622,0,1363,0,0,1,0,3,1,3,6,Typ,0,0,Detchd,1966.0,Unf,2,528,3,3,Y,0,0,0,0,168,0,0,None,None,0,6,2010,WD,Normal,125500,1985,1.0,100,60,1,168,0,1,0
60,RL,46.0,20544,Pave,None,IR1,Lvl,AllPub,CulDSac,Gtl,NWAmes,Norm,Norm,1Fam,2Story,7,6,1986,1991,Gable,CompShg,Plywood,Plywood,BrkFace,123.0,3,4,CBlock,Gd,TA,No,Unf,0,Unf,0,791,791,GasA,4,Y,SBrkr,1236,857,0,2093,0,0,2,1,3,1,3,7,Typ,1,3,Attchd,1986.0,Fin,2,542,3,3,Y,364,63,0,0,0,0,0,MnPrv,None,0,11,2008,WD,Normal,215000,2884,2.5,22,17,1,427,0,1,1
60,RL,79.0,12420,Pave,None,Reg,Lvl,AllPub,Inside,Gtl,CollgCr,Norm,Norm,1Fam,2Story,7,5,2001,2001,Gable,CompShg,VinylSd,VinylSd,None,0.0,4,3,PConc,Gd,TA,No,GLQ,666,Unf,0,278,944,GasA,5,Y,SBrkr,944,896,0,1840,1,0,2,1,3,1,4,6,Typ,0,0,Attchd,2001.0,RFn,2,622,3,3,Y,0,45,0,0,0,0,0,None,None,0,6,2009,WD,Normal,230000,2784,3.5,8,8,0,45,0,1,0
50,RL,80.0,9600,Pave,None,Reg,Lvl,AllPub,Inside,Gtl,NAmes,Norm,Norm,1Fam,1.5Fin,6,8,1950,2005,Gable,CompShg,VinylSd,VinylSd,None,0.0,3,4,CBlock,TA,TA,No,BLQ,120,Unf,0,736,856,GasA,5,Y,SBrkr,1112,556,0,1668,0,0,1,1,3,1,3,6,Min2,0,0,Attchd,1950.0,Unf,1,271,3,3,Y,0,0,0,0,0,0,0,MnPrv,None,0,9,2009,WD,Normal,140000,2524,1.5,59,4,1,0,0,1,0
90,RL,60.0,7200,Pave,None,Reg,Lvl,AllPub,Inside,Gtl,NAmes,Norm,Norm,Duplex,1Story,4,5,1949,1950,Gable,CompShg,BrkFace,Stone,None,0.0,3,3,Slab,None,None,None,None,0,None,0,0,0,Wall,2,N,FuseF,1040,0,0,1040,0,0,2,0,2,2,3,6,Typ,0,0,Detchd,1956.0,Unf,2,420,3,3,Y,0,0,0,0,0,0,0,None,None,0,6,2009,WD,Normal,90000,1040,2.0,60,59,1,0,0,1,0
20,RL,88.0,10994,Pave,None,IR1,Lvl,AllPub,Corner,Gtl,SawyerW,Norm,Norm,1Fam,1Story,8,5,2005,2006,Gable,CompShg,VinylSd,VinylSd,Stone,366.0,4,3,PConc,Gd,Gd,No,GLQ,976,Unf,0,868,1844,GasA,5,Y,SBrkr,1844,0,0,1844,1,0,2,0,2,1,4,7,Typ,1,4,Attchd,2005.0,Fin,2,620,3,3,Y,165,44,0,0,0,0,0,None,None,0,9,2009,COD,Abnorml,257000,3688,3.0,4,3,1,209,0,1,1
50,RL,64.0,13053,Pave,Pave,Reg,Bnk,AllPub,Inside,Gtl,BrkSide,Norm,Norm,1Fam,1.5Fin,6,7,1923,2000,Gambrel,CompShg,Wd Sdng,Wd Sdng,None,0.0,3,3,BrkTil,TA,TA,No,Unf,0,Unf,0,833,833,GasA,4,Y,SBrkr,1053,795,0,1848,0,0,1,1,4,1,4,8,Typ,1,4,Detchd,1922.0,Unf,2,370,3,3,N,0,0,0,0,220,0,0,None,None,0,6,2008,WD,Normal,207000,2681,1.5,85,8,1,220,0,1,1
120,RL,51.0,3635,Pave,None,Reg,Lvl,AllPub,Inside,Gtl,Blmngtn,Norm,Norm,TwnhsE,1Story,7,5,2007,2007,Hip,CompShg,VinylSd,VinylSd,BrkFace,130.0,4,3,PConc,Gd,TA,No,ALQ,988,Unf,0,398,1386,GasA,5,Y,SBrkr,1569,0,0,1569,0,1,2,0,1,1,4,7,Typ,1,3,Attchd,2007.0,RFn,3,660,3,3,Y,143,20,0,0,0,0,0,None,None,0,5,2009,WD,Normal,175900,2955,2.5,2,2,0,163,0,1,1
190,RM,60.0,11340,Pave,None,Reg,Lvl,AllPub,Inside,Gtl,OldTown,Norm,Norm,2fmCon,2Story,4,6,1885,1950,Gable,CompShg,VinylSd,AsbShng,None,0.0,3,3,PConc,TA,TA,No,Unf,0,Unf,0,777,777,GasA,4,Y,SBrkr,1246,1044,0,2290,0,0,2,0,4,2,3,11,Typ,0,0,Detchd,1971.0,Unf,2,560,3,3,N,0,0,114,0,0,0,0,None,None,0,4,2010,WD,Normal,122500,3067,2.0,125,60,1,114,0,1,0
60,RL,91.0,16545,Pave,None,IR1,Lvl,AllPub,Inside,Gtl,NoRidge,Norm,Norm,1Fam,2Story,8,5,1998,1998,Gable,CompShg,VinylSd,VinylSd,BrkFace,731.0,4,3,PConc,Gd,TA,Mn,GLQ,781,Unf,0,503,1284,GasA,5,Y,SBrkr,1310,1140,0,2450,1,0,2,1,3,1,4,7,Typ,1,3,Attchd,1998.0,Fin,3,1069,3,3,Y,0,126,0,0,0,0,0,None,None,0,5,2009,WD,Normal,340000,3734,3.5,11,11,0,126,0,1,1
20,RL,71.0,9204,Pave,None,Reg,Lvl,AllPub,Inside,Gtl,NAmes,Norm,Norm,1Fam,1Story,5,5,1963,1963,Gable,CompShg,HdBoard,HdBoard,None,0.0,3,3,CBlock,TA,TA,No,BLQ,25,Rec,872,247,1144,GasA,3,Y,SBrkr,1144,0,0,1144,1,0,1,1,3,1,3,6,Typ,0,0,Detchd,1962.0,Unf,1,336,3,3,Y,0,88,0,0,0,0,0,None,None,0,8,2008,COD,Normal,124000,2288,2.5,45,45,0,88,0,1,0
20,RL,74.0,16381,Pave,None,IR1,Lvl,AllPub,Inside,Gtl,Crawfor,Norm,Norm,1Fam,1Story,6,5,1969,1969,Gable,CompShg,Plywood,Plywood,BrkFace,312.0,4,4,CBlock,TA,TA,Av,Rec,1110,Unf,0,734,1844,GasA,4,Y,SBrkr,1844,0,0,1844,1,0,2,0,3,1,4,7,Typ,1,3,Attchd,1969.0,RFn,2,540,3,3,Y,0,73,216,0,0,0,0,None,None,0,12,2006,WD,Normal,223000,3688,3.0,37,37,0,289,0,1,1
60,RL,90.0,11700,Pave,None,Reg,Lvl,AllPub,Corner,Gtl,NWAmes,Norm,Norm,1Fam,2Story,6,6,1968,1968,Gable,CompShg,HdBoard,HdBoard,BrkFace,420.0,3,3,CBlock,TA,TA,No,ALQ,404,Unf,0,304,708,GasA,4,Y,SBrkr,708,708,0,1416,0,0,2,1,3,1,3,7,Typ,1,3,Attchd,1968.0,RFn,2,776,3,3,Y,0,169,0,0,119,0,0,None,None,0,5,2006,WD,Normal,179900,2124,2.5,38,38,0,288,0,1,1
120,RL,53.0,4043,Pave,None,Reg,Lvl,AllPub,Inside,Gtl,NPkVill,Norm,Norm,TwnhsE,1Story,6,5,1977,1977,Gable,CompShg,Plywood,Plywood,None,0.0,3,3,CBlock,Gd,TA,No,ALQ,360,Unf,0,709,1069,GasA,3,Y,SBrkr,1069,0,0,1069,0,0,2,0,2,1,3,4,Typ,1,2,Attchd,1977.0,RFn,2,440,3,3,Y,0,55,0,0,165,0,0,None,None,0,7,2010,WD,Normal,127500,2138,2.0,33,33,0,220,0,1,1
120,RM,37.0,4435,Pave,None,Reg,Lvl,AllPub,Inside,Gtl,CollgCr,Norm,Norm,TwnhsE,1Story,6,5,2003,2003,Gable,CompShg,VinylSd,VinylSd,BrkFace,170.0,4,3,PConc,Gd,TA,Av,GLQ,686,Unf,0,162,848,GasA,5,Y,SBrkr,848,0,0,848,1,0,1,0,1,1,4,3,Typ,0,0,Attchd,2003.0,Fin,2,420,3,3,Y,140,0,0,0,0,0,0,None,None,0,3,2008,WD,Normal,136500,1696,2.0,5,5,0,140,0,1,0
80,RL,65.5,19690,Pave,None,IR1,Lvl,AllPub,CulDSac,Gtl,Edwards,Norm,Norm,1Fam,SLvl,6,7,1966,1966,Flat,Tar&Grv,Plywood,Plywood,None,0.0,4,4,CBlock,Gd,TA,Av,Unf,0,Unf,0,697,697,GasA,3,Y,SBrkr,1575,626,0,2201,0,0,2,0,4,1,4,8,Typ,1,4,Attchd,1966.0,Unf,2,432,4,4,Y,586,236,0,0,0,738,4,GdPrv,None,0,8,2006,WD,Alloca,274970,2898,2.0,40,40,0,822,1,1,1
20,RL,73.0,9503,Pave,None,Reg,Lvl,AllPub,Inside,Gtl,NAmes,Norm,Norm,1Fam,1Story,5,5,1958,1983,Hip,CompShg,HdBoard,HdBoard,None,0.0,3,3,CBlock,TA,TA,No,ALQ,457,Rec,374,193,1024,GasA,3,Y,SBrkr,1344,0,0,1344,1,0,1,0,2,1,3,6,Min1,1,3,Detchd,1970.0,Unf,1,484,3,3,Y,316,28,0,0,0,0,0,GdWo,None,0,6,2007,WD,Normal,144000,2368,2.0,49,24,1,344,0,1,1
20,RL,80.0,10721,Pave,None,IR1,Lvl,AllPub,Inside,Gtl,NAmes,Norm,Norm,1Fam,1Story,6,6,1959,1959,Hip,CompShg,HdBoard,HdBoard,Stone,243.0,4,3,CBlock,TA,TA,No,Unf,0,Unf,0,1252,1252,GasA,5,Y,SBrkr,1252,0,0,1252,0,0,1,0,3,1,4,7,Typ,0,0,Detchd,1960.0,Unf,2,528,3,3,Y,0,39,0,0,0,0,0,None,None,0,10,2008,WD,Normal,142000,2504,1.0,49,49,0,39,0,1,0
60,RL,81.0,10944,Pave,None,IR1,Lvl,AllPub,Inside,Gtl,NoRidge,Norm,Norm,1Fam,2Story,7,5,1994,1994,Gable,CompShg,VinylSd,VinylSd,BrkFace,448.0,4,3,PConc,Gd,TA,No,GLQ,1000,Unf,0,223,1223,GasA,5,Y,SBrkr,1223,904,0,2127,1,0,2,1,3,1,4,5,Typ,2,3,Attchd,1994.0,RFn,2,525,3,3,Y,171,132,0,0,0,0,0,None,None,0,8,2008,WD,Normal,271000,3350,3.5,14,14,0,303,0,1,1
50,RL,60.0,10930,Pave,Grvl,Reg,Bnk,AllPub,Inside,Gtl,NAmes,Artery,Norm,1Fam,1.5Fin,5,6,1945,1950,Gable,CompShg,MetalSd,MetalSd,None,0.0,3,3,CBlock,TA,TA,No,BLQ,580,Unf,0,333,913,GasA,3,Y,FuseA,1048,510,0,1558,1,0,1,1,3,1,3,6,Typ,1,3,Attchd,1962.0,Unf,1,288,3,3,Y,0,0,0,0,0,0,0,None,None,0,4,2008,WD,Normal,140000,2471,2.5,63,58,1,0,0,1,1
30,RM,60.0,7200,Pave,None,Reg,Lvl,AllPub,Corner,Gtl,OldTown,Norm,Norm,1Fam,1Story,5,7,1940,1992,Gable,CompShg,MetalSd,MetalSd,Stone,294.0,3,4,CBlock,TA,TA,No,BLQ,510,Unf,0,278,788,GasA,3,Y,SBrkr,804,0,0,804,1,0,1,0,2,1,4,4,Typ,2,4,Attchd,1940.0,Unf,1,240,3,3,Y,0,0,154,0,0,0,0,MnPrv,None,0,2,2010,WD,Abnorml,119000,1592,2.0,70,18,1,154,0,1,1
20,RL,80.0,12546,Pave,None,IR1,Lvl,AllPub,Corner,Gtl,NWAmes,Norm,Norm,1Fam,1Story,6,7,1981,1981,Gable,CompShg,MetalSd,MetalSd,BrkFace,310.0,4,4,CBlock,Gd,TA,No,BLQ,678,Unf,0,762,1440,GasA,5,Y,SBrkr,1440,0,0,1440,0,0,2,0,3,1,4,7,Typ,1,3,Attchd,1981.0,Fin,2,467,3,3,Y,0,0,99,0,0,0,0,None,None,0,4,2007,WD,Normal,182900,2880,2.0,26,26,0,99,0,1,1
60,RL,60.0,21930,Pave,None,IR3,Lvl,AllPub,Inside,Gtl,Gilbert,RRAn,Norm,1Fam,2Story,5,5,2005,2005,Gable,CompShg,VinylSd,VinylSd,None,0.0,4,3,PConc,Gd,Gd,Av,Unf,0,Unf,0,732,732,GasA,5,Y,SBrkr,734,1104,0,1838,0,0,2,1,4,1,3,7,Typ,1,4,BuiltIn,2005.0,Fin,2,372,3,3,Y,100,40,0,0,0,0,0,None,None,0,7,2006,WD,Normal,192140,2570,2.5,1,1,0,140,0,1,1
120,RL,24.0,4928,Pave,None,IR1,Lvl,AllPub,Inside,Gtl,NPkVill,Norm,Norm,TwnhsE,1Story,6,6,1976,1976,Gable,CompShg,Plywood,Plywood,None,0.0,3,3,CBlock,Gd,TA,No,LwQ,958,Unf,0,0,958,GasA,3,Y,SBrkr,958,0,0,958,0,0,2,0,2,1,3,5,Typ,0,0,Attchd,1976.0,RFn,2,440,3,3,Y,0,60,0,0,0,0,0,None,None,0,10,2009,WD,Normal,143750,1916,2.0,33,33,0,60,0,1,0
30,RL,60.0,10800,Pave,Grvl,Reg,Lvl,AllPub,Inside,Gtl,OldTown,Norm,Norm,1Fam,1Story,4,6,1927,2007,Gable,CompShg,Wd Sdng,Wd Sdng,None,0.0,3,3,BrkTil,TA,TA,No,Unf,0,Unf,0,656,656,GasA,3,Y,SBrkr,968,0,0,968,0,0,2,0,4,1,3,5,Typ,0,0,Detchd,1928.0,Unf,1,216,2,2,Y,0,0,0,0,0,0,0,None,None,0,8,2007,WD,Normal,64500,1624,2.0,80,0,1,0,0,1,0
60,RL,93.0,10261,Pave,None,IR1,Lvl,AllPub,Inside,Gtl,Gilbert,Norm,Norm,1Fam,2Story,6,5,2000,2000,Gable,CompShg,VinylSd,VinylSd,BrkFace,318.0,3,3,PConc,Gd,TA,No,Unf,0,Unf,0,936,936,GasA,5,Y,SBrkr,962,830,0,1792,1,0,2,1,3,1,3,8,Typ,1,3,Attchd,2000.0,Fin,2,451,3,3,Y,0,0,0,0,0,0,0,None,None,0,5,2008,WD,Normal,186500,2728,3.5,8,8,0,0,0,1,1
20,RL,80.0,17400,Pave,None,Reg,Low,AllPub,Inside,Mod,Mitchel,Norm,Norm,1Fam,1Story,5,5,1977,1977,Gable,CompShg,BrkFace,BrkFace,None,0.0,3,3,CBlock,TA,TA,No,ALQ,936,Unf,0,190,1126,GasA,2,Y,SBrkr,1126,0,0,1126,1,0,2,0,3,1,3,5,Typ,1,4,Attchd,1977.0,RFn,2,484,3,3,P,295,41,0,0,0,0,0,None,None,0,5,2006,WD,Normal,160000,2252,3.0,29,29,0,336,0,1,1
20,RL,80.0,8400,Pave,None,Reg,Lvl,AllPub,Inside,Gtl,NAmes,Norm,Norm,1Fam,1Story,6,9,1962,2005,Gable,CompShg,Wd Sdng,Wd Sdng,BrkFace,237.0,4,4,CBlock,TA,TA,No,Unf,0,Unf,0,1319,1319,GasA,3,Y,SBrkr,1537,0,0,1537,1,0,1,1,3,1,4,7,Typ,1,4,Attchd,1962.0,RFn,2,462,3,3,Y,0,36,0,0,0,0,0,GdPrv,None,0,7,2008,COD,Abnorml,174000,2856,2.5,46,3,1,36,0,1,1
20,RL,60.0,9000,Pave,None,Reg,Lvl,AllPub,FR2,Gtl,NAmes,Norm,Norm,1Fam,1Story,4,6,1971,1971,Gable,CompShg,HdBoard,HdBoard,None,0.0,3,3,PConc,TA,TA,No,ALQ,616,Unf,0,248,864,GasA,3,Y,SBrkr,864,0,0,864,0,0,1,0,3,1,3,5,Typ,0,0,Detchd,1974.0,Unf,2,528,3,3,Y,0,0,0,0,0,0,0,GdWo,None,0,5,2007,WD,Normal,120500,1728,1.0,36,36,0,0,0,1,0
20,RL,96.0,12444,Pave,None,Reg,Lvl,AllPub,FR2,Gtl,NridgHt,Norm,Norm,1Fam,1Story,8,5,2008,2008,Hip,CompShg,VinylSd,VinylSd,Stone,426.0,5,3,PConc,Ex,TA,Av,GLQ,1336,Unf,0,596,1932,GasA,5,Y,SBrkr,1932,0,0,1932,1,0,2,0,2,1,5,7,Typ,1,4,Attchd,2008.0,Fin,3,774,3,3,Y,0,66,0,304,0,0,0,None,None,0,11,2008,New,Partial,394617,3864,3.0,0,0,0,370,0,1,1
20,RM,90.0,7407,Pave,None,Reg,Lvl,AllPub,Inside,Gtl,OldTown,Artery,Norm,1Fam,1Story,6,7,1957,1996,Gable,CompShg,MetalSd,MetalSd,None,0.0,3,3,CBlock,TA,TA,No,GLQ,600,Unf,0,312,912,GasA,3,Y,FuseA,1236,0,0,1236,1,0,1,0,2,1,3,6,Typ,0,0,Attchd,1957.0,Unf,2,923,3,3,Y,0,158,158,0,0,0,0,MnPrv,None,0,4,2010,WD,Normal,149700,2148,2.0,53,14,1,316,0,1,0
60,RL,80.0,11584,Pave,None,Reg,Lvl,AllPub,Inside,Gtl,NWAmes,Norm,Norm,1Fam,SLvl,7,6,1979,1979,Hip,CompShg,HdBoard,HdBoard,BrkFace,96.0,3,3,CBlock,TA,TA,No,GLQ,315,Rec,110,114,539,GasA,3,Y,SBrkr,1040,685,0,1725,0,0,2,1,3,1,3,6,Typ,1,3,Attchd,1979.0,RFn,2,550,3,3,Y,0,88,216,0,0,0,0,None,None,0,11,2007,WD,Normal,197000,2264,2.5,28,28,0,304,0,1,1
70,RL,79.0,11526,Pave,None,IR1,Bnk,AllPub,Inside,Mod,Crawfor,Norm,Norm,1Fam,2.5Fin,6,7,1922,1994,Gable,CompShg,MetalSd,MetalSd,None,0.0,3,3,BrkTil,Ex,TA,No,Unf,0,Unf,0,588,588,GasA,2,Y,SBrkr,1423,748,384,2555,0,0,2,0,3,1,3,11,Min1,1,4,Detchd,1993.0,Fin,2,672,3,3,Y,431,0,0,0,0,0,0,None,None,0,9,2008,WD,Normal,191000,2759,2.0,86,14,1,431,0,1,1
120,RM,70.0,4426,Pave,None,Reg,Lvl,AllPub,Inside,Gtl,CollgCr,Norm,Norm,TwnhsE,1Story,6,5,2004,2004,Gable,CompShg,VinylSd,VinylSd,BrkFace,147.0,4,3,PConc,Gd,TA,Av,GLQ,697,Unf,0,151,848,GasA,5,Y,SBrkr,848,0,0,848,1,0,1,0,1,1,4,3,Typ,1,3,Attchd,2004.0,RFn,2,420,3,3,Y,149,0,0,0,0,0,0,None,None,0,5,2008,WD,Normal,149300,1696,2.0,4,4,0,149,0,1,1
60,FV,85.0,11003,Pave,None,Reg,Lvl,AllPub,Inside,Gtl,Somerst,Norm,Norm,1Fam,2Story,10,5,2008,2008,Gable,CompShg,VinylSd,VinylSd,Stone,160.0,5,3,PConc,Ex,TA,Av,GLQ,765,Unf,0,252,1017,GasA,5,Y,SBrkr,1026,981,0,2007,1,0,2,1,3,1,5,10,Typ,1,5,Attchd,2008.0,Fin,3,812,3,3,Y,168,52,0,0,0,0,0,None,None,0,4,2009,WD,Normal,310000,3024,3.5,1,1,0,220,0,1,1
30,RL,52.0,8854,Pave,None,Reg,Lvl,AllPub,Inside,Gtl,BrkSide,Norm,Norm,1Fam,1.5Unf,6,6,1916,1950,Gable,CompShg,Wd Sdng,Wd Sdng,None,0.0,3,3,BrkTil,TA,TA,No,Unf,0,Unf,0,952,952,Grav,2,N,FuseF,952,0,0,952,0,0,1,0,2,1,2,4,Typ,1,4,Detchd,1916.0,Unf,1,192,2,1,P,0,98,0,0,40,0,0,None,None,0,5,2009,WD,Normal,121000,1904,1.0,93,59,1,138,0,1,1
20,RL,63.0,8500,Pave,None,Reg,Lvl,AllPub,FR2,Gtl,CollgCr,Norm,Norm,1Fam,1Story,7,5,2004,2004,Gable,CompShg,VinylSd,VinylSd,BrkFace,106.0,4,3,PConc,Gd,TA,Av,Unf,0,Unf,0,1422,1422,GasA,5,Y,SBrkr,1422,0,0,1422,0,0,2,0,3,1,4,7,Typ,0,0,Attchd,2004.0,RFn,2,626,3,3,Y,192,60,0,0,0,0,0,None,None,0,11,2007,WD,Normal,179600,2844,2.0,3,3,0,252,0,1,0
85,RL,70.0,8400,Pave,None,Reg,Lvl,AllPub,Inside,Gtl,Sawyer,Norm,Norm,1Fam,SFoyer,6,5,1966,1966,Gable,CompShg,VinylSd,VinylSd,None,0.0,3,3,CBlock,TA,TA,Gd,LwQ,187,Rec,627,0,814,GasA,4,Y,SBrkr,913,0,0,913,1,0,1,0,3,1,3,6,Typ,0,0,Detchd,1990.0,Unf,1,240,3,3,Y,0,0,252,0,0,0,0,None,None,0,5,2007,WD,Normal,129000,1727,2.0,41,41,0,252,0,1,0
20,RL,73.0,26142,Pave,None,IR1,Lvl,AllPub,CulDSac,Gtl,Mitchel,Norm,Norm,1Fam,1Story,5,7,1962,1962,Gable,CompShg,HdBoard,HdBoard,BrkFace,189.0,3,3,CBlock,TA,TA,No,Rec,593,Unf,0,595,1188,GasA,3,Y,SBrkr,1188,0,0,1188,0,0,1,0,3,1,3,6,Typ,0,0,Attchd,1962.0,Unf,1,312,3,3,P,261,39,0,0,0,0,0,None,None,0,4,2010,WD,Normal,157900,2376,1.0,48,48,0,300,0,1,0
60,RL,80.0,10000,Pave,None,Reg,Lvl,AllPub,Inside,Gtl,CollgCr,Norm,Norm,1Fam,2Story,8,5,1995,1996,Gable,CompShg,VinylSd,VinylSd,BrkFace,438.0,4,3,PConc,Gd,TA,No,GLQ,1079,Unf,0,141,1220,GasA,5,Y,SBrkr,1220,870,0,2090,1,0,2,1,3,1,4,8,Typ,1,3,Attchd,1995.0,RFn,2,556,3,3,Y,0,65,0,0,0,0,0,None,None,0,12,2007,WD,Normal,240000,3310,3.5,12,11,1,65,0,1,1
50,RL,70.0,11767,Pave,None,Reg,Lvl,AllPub,Inside,Gtl,Edwards,Norm,Norm,1Fam,2Story,4,7,1910,2000,Gable,CompShg,MetalSd,HdBoard,None,0.0,3,3,CBlock,Fa,TA,No,Unf,0,Unf,0,560,560,GasA,4,N,SBrkr,796,550,0,1346,0,0,1,1,2,1,3,6,Min2,0,0,Detchd,1950.0,Unf,1,384,2,3,Y,168,24,0,0,0,0,0,GdWo,None,0,5,2007,WD,Normal,112000,1906,1.5,97,7,1,192,0,1,0
180,RM,21.0,1533,Pave,None,Reg,Lvl,AllPub,Inside,Gtl,MeadowV,Norm,Norm,Twnhs,SFoyer,5,7,1970,1970,Gable,CompShg,CemntBd,CmentBd,None,0.0,3,3,CBlock,Gd,TA,Av,GLQ,553,Unf,0,77,630,GasA,5,Y,SBrkr,630,0,0,630,1,0,1,0,1,1,5,3,Typ,0,0,None,0.0,None,0,0,0,0,Y,0,0,0,0,0,0,0,None,None,0,8,2006,WD,Abnorml,92000,1260,2.0,36,36,0,0,0,0,0
90,RL,60.0,9000,Pave,None,Reg,Lvl,AllPub,FR2,Gtl,NAmes,Norm,Norm,Duplex,2Story,5,5,1974,1974,Gable,CompShg,VinylSd,VinylSd,None,0.0,3,3,CBlock,Gd,TA,No,Unf,0,Unf,0,896,896,GasA,3,Y,SBrkr,896,896,0,1792,0,0,2,2,4,2,3,8,Typ,0,0,None,0.0,None,0,0,0,0,Y,32,45,0,0,0,0,0,None,None,0,9,2009,WD,Normal,136000,2688,3.0,35,35,0,77,0,0,0
20,RL,78.0,9262,Pave,None,Reg,Lvl,AllPub,Inside,Gtl,Somerst,Norm,Norm,1Fam,1Story,8,5,2008,2009,Gable,CompShg,CemntBd,CmentBd,Stone,194.0,4,3,PConc,Gd,TA,No,Unf,0,Unf,0,1573,1573,GasA,5,Y,SBrkr,1578,0,0,1578,0,0,2,0,3,1,5,7,Typ,1,4,Attchd,2008.0,Fin,3,840,3,3,Y,0,36,0,0,0,0,0,None,None,0,5,2009,New,Partial,287090,3151,2.0,1,0,1,36,0,1,1
180,RM,35.0,3675,Pave,None,Reg,Lvl,AllPub,Inside,Gtl,Edwards,Norm,Norm,TwnhsE,SLvl,5,5,2005,2005,Gable,CompShg,VinylSd,VinylSd,BrkFace,80.0,3,3,PConc,Gd,TA,Gd,GLQ,547,Unf,0,0,547,GasA,4,Y,SBrkr,1072,0,0,1072,1,0,1,0,2,1,3,5,Typ,0,0,Basment,2005.0,Fin,2,525,3,3,Y,0,28,0,0,0,0,0,None,None,0,5,2006,WD,Normal,145000,1619,2.0,1,1,0,28,0,1,0
20,RL,90.0,17217,Pave,None,Reg,Lvl,AllPub,Inside,Gtl,Mitchel,Norm,Norm,1Fam,1Story,5,5,2006,2006,Gable,CompShg,VinylSd,VinylSd,None,0.0,3,3,PConc,Gd,TA,No,Unf,0,Unf,0,1140,1140,GasA,5,Y,SBrkr,1140,0,0,1140,0,0,1,0,3,1,3,6,Typ,0,0,None,0.0,None,0,0,0,0,Y,36,56,0,0,0,0,0,None,None,0,7,2006,WD,Abnorml,84500,2280,1.0,0,0,0,92,0,0,0
20,FV,62.0,7500,Pave,Pave,Reg,Lvl,AllPub,Inside,Gtl,Somerst,Norm,Norm,1Fam,1Story,7,5,2004,2005,Gable,CompShg,VinylSd,VinylSd,None,0.0,4,3,PConc,Gd,TA,No,GLQ,410,Unf,0,811,1221,GasA,5,Y,SBrkr,1221,0,0,1221,1,0,2,0,2,1,4,6,Typ,0,0,Attchd,2004.0,RFn,2,400,3,3,Y,0,113,0,0,0,0,0,None,None,0,10,2009,WD,Normal,185000,2442,3.0,5,4,1,113,0,1,0
60,RL,62.0,7917,Pave,None,Reg,Lvl,AllPub,Inside,Gtl,Gilbert,Norm,Norm,1Fam,2Story,6,5,1999,2000,Gable,CompShg,VinylSd,VinylSd,None,0.0,3,3,PConc,Gd,TA,No,Unf,0,Unf,0,953,953,GasA,5,Y,SBrkr,953,694,0,1647,0,0,2,1,3,1,3,7,Typ,1,3,Attchd,1999.0,RFn,2,460,3,3,Y,0,40,0,0,0,0,0,None,None,0,8,2007,WD,Normal,175000,2600,2.5,8,7,1,40,0,1,1
20,RL,85.0,13175,Pave,None,Reg,Lvl,AllPub,Inside,Gtl,NWAmes,Norm,Norm,1Fam,1Story,6,6,1978,1988,Gable,CompShg,Plywood,Plywood,Stone,119.0,3,3,CBlock,Gd,TA,No,ALQ,790,Rec,163,589,1542,GasA,3,Y,SBrkr,2073,0,0,2073,1,0,2,0,3,1,3,7,Min1,2,3,Attchd,1978.0,Unf,2,500,3,3,Y,349,0,0,0,0,0,0,MnPrv,None,0,2,2010,WD,Normal,210000,3615,3.0,32,22,1,349,0,1,1
70,RL,66.0,9042,Pave,None,Reg,Lvl,AllPub,Inside,Gtl,Crawfor,Norm,Norm,1Fam,2Story,7,9,1941,2006,Gable,CompShg,CemntBd,CmentBd,None,0.0,5,4,Stone,TA,Gd,No,GLQ,275,Unf,0,877,1152,GasA,5,Y,SBrkr,1188,1152,0,2340,0,0,2,0,4,1,4,9,Typ,2,4,Attchd,1941.0,RFn,1,252,3,3,Y,0,60,0,0,0,0,0,GdPrv,Shed,2500,5,2010,WD,Normal,266500,3492,2.0,69,4,1,60,0,1,1
20,RL,68.0,9717,Pave,None,Reg,Lvl,AllPub,Inside,Gtl,NAmes,Norm,Norm,1Fam,1Story,5,6,1950,1996,Hip,CompShg,MetalSd,MetalSd,None,0.0,3,3,CBlock,TA,TA,Mn,GLQ,49,Rec,1029,0,1078,GasA,4,Y,FuseA,1078,0,0,1078,1,0,1,0,2,1,4,5,Typ,0,0,Attchd,1950.0,Unf,1,240,3,3,Y,366,0,112,0,0,0,0,None,None,0,4,2010,WD,Normal,142125,2156,2.0,60,14,1,478,0,1,0
20,RL,75.0,9937,Pave,None,Reg,Lvl,AllPub,Inside,Gtl,Edwards,Norm,Norm,1Fam,1Story,5,6,1965,1965,Gable,CompShg,HdBoard,HdBoard,None,0.0,4,3,CBlock,TA,TA,No,BLQ,830,LwQ,290,136,1256,GasA,4,Y,SBrkr,1256,0,0,1256,1,0,1,1,3,1,3,6,Typ,0,0,Attchd,1965.0,Fin,1,276,3,3,Y,736,68,0,0,0,0,0,None,None,0,6,2008,WD,Normal,147500,2512,2.5,43,43,0,804,0,1,0
